"scope_role","object_type","schema_name","object_name","status","dev_definition_sha","production_definition_sha","release_action"
"B1_FUNCTION","function","private","active_permission_mode_for_current_session()","DEV_ONLY","1a0f30853ed4","","CURATE_IN_COMPATIBILITY_BRIDGE"
"B1_FUNCTION","function","private","current_session_scope_allows(p_association_id uuid, p_club_id uuid, p_division_id uuid, p_team_id uuid)","DEV_ONLY","7edcc5dc0469","","CURATE_IN_COMPATIBILITY_BRIDGE"
"B1_FUNCTION","function","private","module_allowed_for_current_session(p_module_key text, p_association_id uuid, p_club_id uuid, p_division_id uuid, p_team_id uuid)","DEV_ONLY","8e7d483f9f8e","","CURATE_IN_COMPATIBILITY_BRIDGE"
"B1_FUNCTION","function","private","permission_context_canonical_scope(p_association_id uuid, p_club_id uuid, p_division_id uuid, p_team_id uuid)","DEV_ONLY","a6b38ac4a102","","CURATE_IN_COMPATIBILITY_BRIDGE"
"B1_FUNCTION","function","public","admin_cancel_team_invite(p_request_id uuid, p_actor_mode text)","DEV_ONLY","182b21aacef0","","CURATE_IN_COMPATIBILITY_BRIDGE"
"B1_FUNCTION","function","public","admin_create_team_invite(p_target_user_id uuid, p_team_id uuid, p_membership_type text, p_actor_mode text)","DEV_ONLY","a6933d51db8a","","CURATE_IN_COMPATIBILITY_BRIDGE"
"B1_FUNCTION","function","public","admin_manage_team_membership(p_membership_id uuid, p_action text, p_membership_type text, p_actor_mode text)","DEV_ONLY","18ea4bd7f729","","CURATE_IN_COMPATIBILITY_BRIDGE"
"B1_FUNCTION","function","public","admin_membership_integrity_report()","DEV_ONLY","305b2fd099f3","","CURATE_IN_COMPATIBILITY_BRIDGE"
"B1_FUNCTION","function","public","admin_merge_profiles(p_keep_id uuid, p_merge_id uuid, p_field_choices jsonb, p_conflict_resolutions jsonb)","MATCH","ecaf78c7401b","ecaf78c7401b","NO_CHANGE"
"B1_FUNCTION","function","public","admin_save_user_roles_unchecked(p_user_id uuid, p_roles text[], p_coach_scopes jsonb, p_manager_scopes jsonb, p_association_admin_associations uuid[], p_club_admin_scopes jsonb, p_actor_mode text)","DEV_ONLY","d78e5f6acdf4","","CURATE_IN_COMPATIBILITY_BRIDGE"
"B1_FUNCTION","function","public","admin_save_user_roles(p_user_id uuid, p_roles text[], p_coach_scopes jsonb, p_manager_scopes jsonb, p_association_admin_associations uuid[], p_club_admin_scopes jsonb, p_actor_mode text)","DEV_ONLY","8110a2ee75ac","","CURATE_IN_COMPATIBILITY_BRIDGE"
"B1_FUNCTION","function","public","admin_save_user_roles(p_user_id uuid, p_roles text[], p_coach_scopes jsonb, p_manager_scopes jsonb, p_association_admin_associations uuid[], p_club_admin_scopes jsonb)","PRODUCTION_ONLY","","d39a400580e2","PRESERVE_AND_INVESTIGATE"
"B1_FUNCTION","function","public","admin_update_profile_details(p_user_id uuid, p_details jsonb, p_actor_mode text)","DEV_ONLY","4a6e5169d2b5","","CURATE_IN_COMPATIBILITY_BRIDGE"
"B1_FUNCTION","function","public","admin_visible_profile_ids(p_actor_mode text, p_association_id uuid, p_club_id uuid, p_team_id uuid)","DEV_ONLY","069877813896","","CURATE_IN_COMPATIBILITY_BRIDGE"
"B1_FUNCTION","function","public","administration_effective_mode(p_requested_mode text)","DEV_ONLY","43762a930ed9","","CURATE_IN_COMPATIBILITY_BRIDGE"
"B1_FUNCTION","function","public","administration_scope_allows(p_requested_mode text, p_association_id uuid, p_club_id uuid, p_team_id uuid)","DEV_ONLY","919b547a14d1","","CURATE_IN_COMPATIBILITY_BRIDGE"
"B1_FUNCTION","function","public","administration_target_profile_in_scope(p_user_id uuid, p_actor_mode text)","DEV_ONLY","76337dd95924","","CURATE_IN_COMPATIBILITY_BRIDGE"
"B1_FUNCTION","function","public","approve_membership_request(p_request_id uuid, p_assign_team boolean)","DEV_ONLY","45545e46735a","","CURATE_IN_COMPATIBILITY_BRIDGE"
"B1_FUNCTION","function","public","approve_primary_team_change(p_request_id uuid)","DEV_ONLY","85dd680650c6","","CURATE_IN_COMPATIBILITY_BRIDGE"
"B1_FUNCTION","function","public","can_manage_module_scope(p_user_id uuid, p_scope_type text, p_scope_id uuid)","DEV_ONLY","39a780e9b25c","","CURATE_IN_COMPATIBILITY_BRIDGE"
"B1_FUNCTION","function","public","can_review_primary_team_change(p_to_team_id uuid)","DEV_ONLY","ce897e707666","","CURATE_IN_COMPATIBILITY_BRIDGE"
"B1_FUNCTION","function","public","cancel_primary_team_change(p_request_id uuid)","DEV_ONLY","3b81520fab03","","CURATE_IN_COMPATIBILITY_BRIDGE"
"B1_FUNCTION","function","public","clear_module_feature_flag(p_module_key text, p_scope_type text, p_scope_id uuid)","DEV_ONLY","535422b33734","","CURATE_IN_COMPATIBILITY_BRIDGE"
"B1_FUNCTION","function","public","confirm_primary_team_change(p_request_id uuid)","DEV_ONLY","6f588d4bc246","","CURATE_IN_COMPATIBILITY_BRIDGE"
"B1_FUNCTION","function","public","decline_primary_team_change(p_request_id uuid)","DEV_ONLY","24921d082c43","","CURATE_IN_COMPATIBILITY_BRIDGE"
"B1_FUNCTION","function","public","enforce_permission_assignment_scope()","DEV_ONLY","b395096a8cd8","","CURATE_IN_COMPATIBILITY_BRIDGE"
"B1_FUNCTION","function","public","enforce_permission_set_owner_scope()","DEV_ONLY","4fd097a70715","","CURATE_IN_COMPATIBILITY_BRIDGE"
"B1_FUNCTION","function","public","get_active_permission_mode()","DEV_ONLY","23e3ffa6cf3a","","CURATE_IN_COMPATIBILITY_BRIDGE"
"B1_FUNCTION","function","public","guard_team_membership_integrity()","DEV_ONLY","4103c5ad1f37","","CURATE_IN_COMPATIBILITY_BRIDGE"
"B1_FUNCTION","function","public","guard_user_role_duplicate_insert()","DEV_ONLY","1bf50004b038","","CURATE_IN_COMPATIBILITY_BRIDGE"
"B1_FUNCTION","function","public","has_effective_permission(p_permission_key text, p_association_id uuid, p_club_id uuid, p_division_id uuid, p_team_id uuid)","DEV_ONLY","4b736acc5f16","","CURATE_IN_COMPATIBILITY_BRIDGE"
"B1_FUNCTION","function","public","is_super_admin()","DIFFERENT","e7c29efc76b9","af0a94f33f78","CURATE_IN_COMPATIBILITY_BRIDGE"
"B1_FUNCTION","function","public","list_permission_management_records_for_mode(p_scope_type text, p_scope_id uuid, p_actor_mode text)","DEV_ONLY","0e1e9e1c9804","","CURATE_IN_COMPATIBILITY_BRIDGE"
"B1_FUNCTION","function","public","permission_mode_scope_allows(p_actor_mode text, p_scope_type text, p_scope_id uuid)","DEV_ONLY","d254b059d344","","CURATE_IN_COMPATIBILITY_BRIDGE"
"B1_FUNCTION","function","public","permission_save_assignment_unchecked(p_assignment_id uuid, p_permission_set_id uuid, p_subject_type text, p_subject_key text, p_scope_type text, p_scope_id uuid, p_active boolean, p_actor_mode text)","DEV_ONLY","af44d29beb82","","CURATE_IN_COMPATIBILITY_BRIDGE"
"B1_FUNCTION","function","public","permission_save_group_unchecked(p_group_id uuid, p_name text, p_description text, p_scope_type text, p_scope_id uuid, p_member_ids uuid[], p_active boolean, p_actor_mode text)","DEV_ONLY","229d4aad61dc","","CURATE_IN_COMPATIBILITY_BRIDGE"
"B1_FUNCTION","function","public","permission_save_override_unchecked(p_permission_key text, p_subject_type text, p_subject_key text, p_scope_type text, p_scope_id uuid, p_allowed boolean, p_reason text, p_active boolean, p_actor_mode text)","DEV_ONLY","3570b51f609c","","CURATE_IN_COMPATIBILITY_BRIDGE"
"B1_FUNCTION","function","public","permission_save_set_unchecked(p_permission_set_id uuid, p_name text, p_description text, p_scope_type text, p_scope_id uuid, p_permissions jsonb, p_active boolean, p_actor_mode text)","DEV_ONLY","9c0aa5e2731d","","CURATE_IN_COMPATIBILITY_BRIDGE"
"B1_FUNCTION","function","public","permission_scope_contains(p_owner_scope_type text, p_owner_scope_id uuid, p_assignment_scope_type text, p_assignment_scope_id uuid)","DEV_ONLY","5da06d9b192a","","CURATE_IN_COMPATIBILITY_BRIDGE"
"B1_FUNCTION","function","public","permission_scope_details(p_scope_type text, p_scope_id uuid)","DEV_ONLY","9e0fdcace2a5","","CURATE_IN_COMPATIBILITY_BRIDGE"
"B1_FUNCTION","function","public","permission_subject_manageable(p_actor_mode text, p_subject_type text, p_subject_key text)","DEV_ONLY","e2436bed6ce3","","CURATE_IN_COMPATIBILITY_BRIDGE"
"B1_FUNCTION","function","public","permission_subject_matches_for_mode(p_user_id uuid, p_effective_mode text, p_subject_type text, p_subject_key text, p_rule_scope_type text, p_rule_scope_id uuid)","DEV_ONLY","ede62107a740","","CURATE_IN_COMPATIBILITY_BRIDGE"
"B1_FUNCTION","function","public","permission_subject_matches(p_user_id uuid, p_subject_type text, p_subject_key text, p_association_id uuid, p_club_id uuid, p_team_id uuid)","DEV_ONLY","749a3b6fe096","","CURATE_IN_COMPATIBILITY_BRIDGE"
"B1_FUNCTION","function","public","permission_user_in_scope(p_user_id uuid, p_scope_type text, p_scope_id uuid)","DEV_ONLY","bd868aeef470","","CURATE_IN_COMPATIBILITY_BRIDGE"
"B1_FUNCTION","function","public","permission_visible_profiles_for_mode(p_scope_type text, p_scope_id uuid, p_actor_mode text)","DEV_ONLY","4c3f5fa3a7ff","","CURATE_IN_COMPATIBILITY_BRIDGE"
"B1_FUNCTION","function","public","permission_visible_profiles(p_scope_type text, p_scope_id uuid)","DEV_ONLY","22ec1f7b7636","","CURATE_IN_COMPATIBILITY_BRIDGE"
"B1_FUNCTION","function","public","request_primary_team_change(p_to_team_id uuid)","DEV_ONLY","2c014122cfb5","","CURATE_IN_COMPATIBILITY_BRIDGE"
"B1_FUNCTION","function","public","resolve_effective_permission_for_mode_unchecked(p_permission_key text, p_actor_mode text, p_association_id uuid, p_club_id uuid, p_division_id uuid, p_team_id uuid)","DEV_ONLY","2e8de4bef6c2","","CURATE_IN_COMPATIBILITY_BRIDGE"
"B1_FUNCTION","function","public","resolve_effective_permission_for_mode(p_permission_key text, p_actor_mode text, p_association_id uuid, p_club_id uuid, p_division_id uuid, p_team_id uuid)","DEV_ONLY","e7d32702ccfd","","CURATE_IN_COMPATIBILITY_BRIDGE"
"B1_FUNCTION","function","public","resolve_effective_permission(p_permission_key text, p_user_id uuid, p_association_id uuid, p_club_id uuid, p_division_id uuid, p_team_id uuid)","DEV_ONLY","37fe1364861f","","CURATE_IN_COMPATIBILITY_BRIDGE"
"B1_FUNCTION","function","public","resolve_module_enabled(p_module_key text, p_association_id uuid, p_club_id uuid, p_division_id uuid, p_team_id uuid)","DEV_ONLY","e8b657c98713","","CURATE_IN_COMPATIBILITY_BRIDGE"
"B1_FUNCTION","function","public","save_permission_assignment(p_assignment_id uuid, p_permission_set_id uuid, p_subject_type text, p_subject_key text, p_scope_type text, p_scope_id uuid, p_active boolean, p_actor_mode text)","DEV_ONLY","57507ee36e65","","CURATE_IN_COMPATIBILITY_BRIDGE"
"B1_FUNCTION","function","public","save_permission_group(p_group_id uuid, p_name text, p_description text, p_scope_type text, p_scope_id uuid, p_member_ids uuid[], p_active boolean, p_actor_mode text)","DEV_ONLY","10dae97177c1","","CURATE_IN_COMPATIBILITY_BRIDGE"
"B1_FUNCTION","function","public","save_permission_override(p_permission_key text, p_subject_type text, p_subject_key text, p_scope_type text, p_scope_id uuid, p_allowed boolean, p_reason text, p_active boolean, p_actor_mode text)","DEV_ONLY","805a64f95e92","","CURATE_IN_COMPATIBILITY_BRIDGE"
"B1_FUNCTION","function","public","save_permission_set(p_permission_set_id uuid, p_name text, p_description text, p_scope_type text, p_scope_id uuid, p_permissions jsonb, p_active boolean, p_actor_mode text)","DEV_ONLY","c37d999783ec","","CURATE_IN_COMPATIBILITY_BRIDGE"
"B1_FUNCTION","function","public","set_active_permission_context(p_root_mode text, p_active_mode text, p_association_id uuid, p_club_id uuid, p_division_id uuid, p_team_id uuid)","DEV_ONLY","61316bcbefa7","","CURATE_IN_COMPATIBILITY_BRIDGE"
"B1_FUNCTION","function","public","set_active_permission_mode(p_root_mode text, p_active_mode text)","DEV_ONLY","cfba9fe85714","","CURATE_IN_COMPATIBILITY_BRIDGE"
"B1_FUNCTION","function","public","set_module_feature_flag(p_module_key text, p_scope_type text, p_scope_id uuid, p_enabled boolean, p_notes text)","DEV_ONLY","6535b1f89e67","","CURATE_IN_COMPATIBILITY_BRIDGE"
"B1_FUNCTION","routine_grant","private","active_permission_mode_for_current_session().postgres.EXECUTE","DEV_ONLY","a379d8b9ff80","","CURATE_IN_COMPATIBILITY_BRIDGE"
"B1_FUNCTION","routine_grant","private","current_session_scope_allows(p_association_id uuid, p_club_id uuid, p_division_id uuid, p_team_id uuid).postgres.EXECUTE","DEV_ONLY","aabe616f308b","","CURATE_IN_COMPATIBILITY_BRIDGE"
"B1_FUNCTION","routine_grant","private","module_allowed_for_current_session(p_module_key text, p_association_id uuid, p_club_id uuid, p_division_id uuid, p_team_id uuid).authenticated.EXECUTE","DEV_ONLY","e09352bd34ba","","CURATE_IN_COMPATIBILITY_BRIDGE"
"B1_FUNCTION","routine_grant","private","module_allowed_for_current_session(p_module_key text, p_association_id uuid, p_club_id uuid, p_division_id uuid, p_team_id uuid).postgres.EXECUTE","DEV_ONLY","2a72fbb02b38","","CURATE_IN_COMPATIBILITY_BRIDGE"
"B1_FUNCTION","routine_grant","private","permission_context_canonical_scope(p_association_id uuid, p_club_id uuid, p_division_id uuid, p_team_id uuid).postgres.EXECUTE","DEV_ONLY","1f203038a340","","CURATE_IN_COMPATIBILITY_BRIDGE"
"B1_FUNCTION","routine_grant","public","admin_cancel_team_invite(p_request_id uuid, p_actor_mode text).authenticated.EXECUTE","DEV_ONLY","f3b006828db8","","CURATE_IN_COMPATIBILITY_BRIDGE"
"B1_FUNCTION","routine_grant","public","admin_cancel_team_invite(p_request_id uuid, p_actor_mode text).postgres.EXECUTE","DEV_ONLY","23bdd5576c16","","CURATE_IN_COMPATIBILITY_BRIDGE"
"B1_FUNCTION","routine_grant","public","admin_cancel_team_invite(p_request_id uuid, p_actor_mode text).service_role.EXECUTE","DEV_ONLY","a6d1670fe9ca","","CURATE_IN_COMPATIBILITY_BRIDGE"
"B1_FUNCTION","routine_grant","public","admin_create_team_invite(p_target_user_id uuid, p_team_id uuid, p_membership_type text, p_actor_mode text).authenticated.EXECUTE","DEV_ONLY","abdb360892a9","","CURATE_IN_COMPATIBILITY_BRIDGE"
"B1_FUNCTION","routine_grant","public","admin_create_team_invite(p_target_user_id uuid, p_team_id uuid, p_membership_type text, p_actor_mode text).postgres.EXECUTE","DEV_ONLY","01a15e89366d","","CURATE_IN_COMPATIBILITY_BRIDGE"
"B1_FUNCTION","routine_grant","public","admin_create_team_invite(p_target_user_id uuid, p_team_id uuid, p_membership_type text, p_actor_mode text).service_role.EXECUTE","DEV_ONLY","d9b61b8c3247","","CURATE_IN_COMPATIBILITY_BRIDGE"
"B1_FUNCTION","routine_grant","public","admin_manage_team_membership(p_membership_id uuid, p_action text, p_membership_type text, p_actor_mode text).authenticated.EXECUTE","DEV_ONLY","0b71bcc9d0d6","","CURATE_IN_COMPATIBILITY_BRIDGE"
"B1_FUNCTION","routine_grant","public","admin_manage_team_membership(p_membership_id uuid, p_action text, p_membership_type text, p_actor_mode text).postgres.EXECUTE","DEV_ONLY","b4bb0497e9ce","","CURATE_IN_COMPATIBILITY_BRIDGE"
"B1_FUNCTION","routine_grant","public","admin_manage_team_membership(p_membership_id uuid, p_action text, p_membership_type text, p_actor_mode text).service_role.EXECUTE","DEV_ONLY","bd8cb99425d1","","CURATE_IN_COMPATIBILITY_BRIDGE"
"B1_FUNCTION","routine_grant","public","admin_membership_integrity_report().authenticated.EXECUTE","DEV_ONLY","d97ffa744989","","CURATE_IN_COMPATIBILITY_BRIDGE"
"B1_FUNCTION","routine_grant","public","admin_membership_integrity_report().postgres.EXECUTE","DEV_ONLY","352bf4c3ff5e","","CURATE_IN_COMPATIBILITY_BRIDGE"
"B1_FUNCTION","routine_grant","public","admin_membership_integrity_report().service_role.EXECUTE","DEV_ONLY","2185d5e196cf","","CURATE_IN_COMPATIBILITY_BRIDGE"
"B1_FUNCTION","routine_grant","public","admin_merge_profiles(p_keep_id uuid, p_merge_id uuid, p_field_choices jsonb, p_conflict_resolutions jsonb).anon.EXECUTE","PRODUCTION_ONLY","","303ee542ad01","PRESERVE_AND_INVESTIGATE"
"B1_FUNCTION","routine_grant","public","admin_merge_profiles(p_keep_id uuid, p_merge_id uuid, p_field_choices jsonb, p_conflict_resolutions jsonb).authenticated.EXECUTE","MATCH","c76f797ad6e1","c76f797ad6e1","NO_CHANGE"
"B1_FUNCTION","routine_grant","public","admin_merge_profiles(p_keep_id uuid, p_merge_id uuid, p_field_choices jsonb, p_conflict_resolutions jsonb).postgres.EXECUTE","MATCH","e29a659f7875","e29a659f7875","NO_CHANGE"
"B1_FUNCTION","routine_grant","public","admin_merge_profiles(p_keep_id uuid, p_merge_id uuid, p_field_choices jsonb, p_conflict_resolutions jsonb).PUBLIC.EXECUTE","PRODUCTION_ONLY","","633745e59c63","PRESERVE_AND_INVESTIGATE"
"B1_FUNCTION","routine_grant","public","admin_merge_profiles(p_keep_id uuid, p_merge_id uuid, p_field_choices jsonb, p_conflict_resolutions jsonb).service_role.EXECUTE","MATCH","7f40ab029673","7f40ab029673","NO_CHANGE"
"B1_FUNCTION","routine_grant","public","admin_save_user_roles_unchecked(p_user_id uuid, p_roles text[], p_coach_scopes jsonb, p_manager_scopes jsonb, p_association_admin_associations uuid[], p_club_admin_scopes jsonb, p_actor_mode text).postgres.EXECUTE","DEV_ONLY","37ffd0ab09e0","","CURATE_IN_COMPATIBILITY_BRIDGE"
"B1_FUNCTION","routine_grant","public","admin_save_user_roles_unchecked(p_user_id uuid, p_roles text[], p_coach_scopes jsonb, p_manager_scopes jsonb, p_association_admin_associations uuid[], p_club_admin_scopes jsonb, p_actor_mode text).service_role.EXECUTE","DEV_ONLY","7311c5df806e","","CURATE_IN_COMPATIBILITY_BRIDGE"
"B1_FUNCTION","routine_grant","public","admin_save_user_roles(p_user_id uuid, p_roles text[], p_coach_scopes jsonb, p_manager_scopes jsonb, p_association_admin_associations uuid[], p_club_admin_scopes jsonb, p_actor_mode text).authenticated.EXECUTE","DEV_ONLY","655e76e81aeb","","CURATE_IN_COMPATIBILITY_BRIDGE"
"B1_FUNCTION","routine_grant","public","admin_save_user_roles(p_user_id uuid, p_roles text[], p_coach_scopes jsonb, p_manager_scopes jsonb, p_association_admin_associations uuid[], p_club_admin_scopes jsonb, p_actor_mode text).postgres.EXECUTE","DEV_ONLY","8b66938a13be","","CURATE_IN_COMPATIBILITY_BRIDGE"
"B1_FUNCTION","routine_grant","public","admin_save_user_roles(p_user_id uuid, p_roles text[], p_coach_scopes jsonb, p_manager_scopes jsonb, p_association_admin_associations uuid[], p_club_admin_scopes jsonb, p_actor_mode text).service_role.EXECUTE","DEV_ONLY","6e097fafcaa0","","CURATE_IN_COMPATIBILITY_BRIDGE"
"B1_FUNCTION","routine_grant","public","admin_save_user_roles(p_user_id uuid, p_roles text[], p_coach_scopes jsonb, p_manager_scopes jsonb, p_association_admin_associations uuid[], p_club_admin_scopes jsonb).anon.EXECUTE","PRODUCTION_ONLY","","5e6c3022e4a3","PRESERVE_AND_INVESTIGATE"
"B1_FUNCTION","routine_grant","public","admin_save_user_roles(p_user_id uuid, p_roles text[], p_coach_scopes jsonb, p_manager_scopes jsonb, p_association_admin_associations uuid[], p_club_admin_scopes jsonb).authenticated.EXECUTE","PRODUCTION_ONLY","","5572883489e5","PRESERVE_AND_INVESTIGATE"
"B1_FUNCTION","routine_grant","public","admin_save_user_roles(p_user_id uuid, p_roles text[], p_coach_scopes jsonb, p_manager_scopes jsonb, p_association_admin_associations uuid[], p_club_admin_scopes jsonb).postgres.EXECUTE","PRODUCTION_ONLY","","7596aa2fdcbb","PRESERVE_AND_INVESTIGATE"
"B1_FUNCTION","routine_grant","public","admin_save_user_roles(p_user_id uuid, p_roles text[], p_coach_scopes jsonb, p_manager_scopes jsonb, p_association_admin_associations uuid[], p_club_admin_scopes jsonb).PUBLIC.EXECUTE","PRODUCTION_ONLY","","c1910b77df37","PRESERVE_AND_INVESTIGATE"
"B1_FUNCTION","routine_grant","public","admin_save_user_roles(p_user_id uuid, p_roles text[], p_coach_scopes jsonb, p_manager_scopes jsonb, p_association_admin_associations uuid[], p_club_admin_scopes jsonb).service_role.EXECUTE","PRODUCTION_ONLY","","0b16d5e0931c","PRESERVE_AND_INVESTIGATE"
"B1_FUNCTION","routine_grant","public","admin_update_profile_details(p_user_id uuid, p_details jsonb, p_actor_mode text).authenticated.EXECUTE","DEV_ONLY","5b851ddd96f3","","CURATE_IN_COMPATIBILITY_BRIDGE"
"B1_FUNCTION","routine_grant","public","admin_update_profile_details(p_user_id uuid, p_details jsonb, p_actor_mode text).postgres.EXECUTE","DEV_ONLY","4fe5d1ed448d","","CURATE_IN_COMPATIBILITY_BRIDGE"
"B1_FUNCTION","routine_grant","public","admin_update_profile_details(p_user_id uuid, p_details jsonb, p_actor_mode text).service_role.EXECUTE","DEV_ONLY","64e7021d360f","","CURATE_IN_COMPATIBILITY_BRIDGE"
"B1_FUNCTION","routine_grant","public","admin_visible_profile_ids(p_actor_mode text, p_association_id uuid, p_club_id uuid, p_team_id uuid).authenticated.EXECUTE","DEV_ONLY","12b563e2ce51","","CURATE_IN_COMPATIBILITY_BRIDGE"
"B1_FUNCTION","routine_grant","public","admin_visible_profile_ids(p_actor_mode text, p_association_id uuid, p_club_id uuid, p_team_id uuid).postgres.EXECUTE","DEV_ONLY","167e13f338d7","","CURATE_IN_COMPATIBILITY_BRIDGE"
"B1_FUNCTION","routine_grant","public","admin_visible_profile_ids(p_actor_mode text, p_association_id uuid, p_club_id uuid, p_team_id uuid).service_role.EXECUTE","DEV_ONLY","3ab01b7de0c9","","CURATE_IN_COMPATIBILITY_BRIDGE"
"B1_FUNCTION","routine_grant","public","administration_effective_mode(p_requested_mode text).authenticated.EXECUTE","DEV_ONLY","4285abfcf588","","CURATE_IN_COMPATIBILITY_BRIDGE"
"B1_FUNCTION","routine_grant","public","administration_effective_mode(p_requested_mode text).postgres.EXECUTE","DEV_ONLY","76e0b743e3e2","","CURATE_IN_COMPATIBILITY_BRIDGE"
"B1_FUNCTION","routine_grant","public","administration_effective_mode(p_requested_mode text).service_role.EXECUTE","DEV_ONLY","e3b6463c67d9","","CURATE_IN_COMPATIBILITY_BRIDGE"
"B1_FUNCTION","routine_grant","public","administration_scope_allows(p_requested_mode text, p_association_id uuid, p_club_id uuid, p_team_id uuid).authenticated.EXECUTE","DEV_ONLY","e18177c87b02","","CURATE_IN_COMPATIBILITY_BRIDGE"
"B1_FUNCTION","routine_grant","public","administration_scope_allows(p_requested_mode text, p_association_id uuid, p_club_id uuid, p_team_id uuid).postgres.EXECUTE","DEV_ONLY","fab5ea4f3c32","","CURATE_IN_COMPATIBILITY_BRIDGE"
"B1_FUNCTION","routine_grant","public","administration_scope_allows(p_requested_mode text, p_association_id uuid, p_club_id uuid, p_team_id uuid).service_role.EXECUTE","DEV_ONLY","054a27935286","","CURATE_IN_COMPATIBILITY_BRIDGE"
"B1_FUNCTION","routine_grant","public","administration_target_profile_in_scope(p_user_id uuid, p_actor_mode text).authenticated.EXECUTE","DEV_ONLY","44fcf8e5c72a","","CURATE_IN_COMPATIBILITY_BRIDGE"
"B1_FUNCTION","routine_grant","public","administration_target_profile_in_scope(p_user_id uuid, p_actor_mode text).postgres.EXECUTE","DEV_ONLY","6eaec9ebccf1","","CURATE_IN_COMPATIBILITY_BRIDGE"
"B1_FUNCTION","routine_grant","public","administration_target_profile_in_scope(p_user_id uuid, p_actor_mode text).service_role.EXECUTE","DEV_ONLY","d927e7ab002e","","CURATE_IN_COMPATIBILITY_BRIDGE"
"B1_FUNCTION","routine_grant","public","approve_membership_request(p_request_id uuid, p_assign_team boolean).authenticated.EXECUTE","DEV_ONLY","5de16f054813","","CURATE_IN_COMPATIBILITY_BRIDGE"
"B1_FUNCTION","routine_grant","public","approve_membership_request(p_request_id uuid, p_assign_team boolean).postgres.EXECUTE","DEV_ONLY","6b6c6e5d9e32","","CURATE_IN_COMPATIBILITY_BRIDGE"
"B1_FUNCTION","routine_grant","public","approve_membership_request(p_request_id uuid, p_assign_team boolean).service_role.EXECUTE","DEV_ONLY","273ea82ca731","","CURATE_IN_COMPATIBILITY_BRIDGE"
"B1_FUNCTION","routine_grant","public","approve_primary_team_change(p_request_id uuid).authenticated.EXECUTE","DEV_ONLY","53876c0f7da0","","CURATE_IN_COMPATIBILITY_BRIDGE"
"B1_FUNCTION","routine_grant","public","approve_primary_team_change(p_request_id uuid).postgres.EXECUTE","DEV_ONLY","0415ef47dbdf","","CURATE_IN_COMPATIBILITY_BRIDGE"
"B1_FUNCTION","routine_grant","public","approve_primary_team_change(p_request_id uuid).service_role.EXECUTE","DEV_ONLY","10c8d961e95b","","CURATE_IN_COMPATIBILITY_BRIDGE"
"B1_FUNCTION","routine_grant","public","can_manage_module_scope(p_user_id uuid, p_scope_type text, p_scope_id uuid).authenticated.EXECUTE","DEV_ONLY","7bae9b77d560","","CURATE_IN_COMPATIBILITY_BRIDGE"
"B1_FUNCTION","routine_grant","public","can_manage_module_scope(p_user_id uuid, p_scope_type text, p_scope_id uuid).postgres.EXECUTE","DEV_ONLY","aceca895921b","","CURATE_IN_COMPATIBILITY_BRIDGE"
"B1_FUNCTION","routine_grant","public","can_manage_module_scope(p_user_id uuid, p_scope_type text, p_scope_id uuid).service_role.EXECUTE","DEV_ONLY","8398794be3d5","","CURATE_IN_COMPATIBILITY_BRIDGE"
"B1_FUNCTION","routine_grant","public","can_review_primary_team_change(p_to_team_id uuid).authenticated.EXECUTE","DEV_ONLY","58a34ea870ec","","CURATE_IN_COMPATIBILITY_BRIDGE"
"B1_FUNCTION","routine_grant","public","can_review_primary_team_change(p_to_team_id uuid).postgres.EXECUTE","DEV_ONLY","30ae63bf120c","","CURATE_IN_COMPATIBILITY_BRIDGE"
"B1_FUNCTION","routine_grant","public","can_review_primary_team_change(p_to_team_id uuid).service_role.EXECUTE","DEV_ONLY","300488dccf6f","","CURATE_IN_COMPATIBILITY_BRIDGE"
"B1_FUNCTION","routine_grant","public","cancel_primary_team_change(p_request_id uuid).authenticated.EXECUTE","DEV_ONLY","27fcfb017cd4","","CURATE_IN_COMPATIBILITY_BRIDGE"
"B1_FUNCTION","routine_grant","public","cancel_primary_team_change(p_request_id uuid).postgres.EXECUTE","DEV_ONLY","57dbb4f1275e","","CURATE_IN_COMPATIBILITY_BRIDGE"
"B1_FUNCTION","routine_grant","public","cancel_primary_team_change(p_request_id uuid).service_role.EXECUTE","DEV_ONLY","63e55225f3fb","","CURATE_IN_COMPATIBILITY_BRIDGE"
"B1_FUNCTION","routine_grant","public","clear_module_feature_flag(p_module_key text, p_scope_type text, p_scope_id uuid).authenticated.EXECUTE","DEV_ONLY","6980d63bb91e","","CURATE_IN_COMPATIBILITY_BRIDGE"
"B1_FUNCTION","routine_grant","public","clear_module_feature_flag(p_module_key text, p_scope_type text, p_scope_id uuid).postgres.EXECUTE","DEV_ONLY","5ed45387e798","","CURATE_IN_COMPATIBILITY_BRIDGE"
"B1_FUNCTION","routine_grant","public","clear_module_feature_flag(p_module_key text, p_scope_type text, p_scope_id uuid).service_role.EXECUTE","DEV_ONLY","998aeb729d41","","CURATE_IN_COMPATIBILITY_BRIDGE"
"B1_FUNCTION","routine_grant","public","confirm_primary_team_change(p_request_id uuid).authenticated.EXECUTE","DEV_ONLY","97ea5d3e2ecd","","CURATE_IN_COMPATIBILITY_BRIDGE"
"B1_FUNCTION","routine_grant","public","confirm_primary_team_change(p_request_id uuid).postgres.EXECUTE","DEV_ONLY","9784c677ffc6","","CURATE_IN_COMPATIBILITY_BRIDGE"
"B1_FUNCTION","routine_grant","public","confirm_primary_team_change(p_request_id uuid).service_role.EXECUTE","DEV_ONLY","dff342be4f08","","CURATE_IN_COMPATIBILITY_BRIDGE"
"B1_FUNCTION","routine_grant","public","decline_primary_team_change(p_request_id uuid).authenticated.EXECUTE","DEV_ONLY","56a106f8d76a","","CURATE_IN_COMPATIBILITY_BRIDGE"
"B1_FUNCTION","routine_grant","public","decline_primary_team_change(p_request_id uuid).postgres.EXECUTE","DEV_ONLY","19c56f32270d","","CURATE_IN_COMPATIBILITY_BRIDGE"
"B1_FUNCTION","routine_grant","public","decline_primary_team_change(p_request_id uuid).service_role.EXECUTE","DEV_ONLY","5a5f3df247a3","","CURATE_IN_COMPATIBILITY_BRIDGE"
"B1_FUNCTION","routine_grant","public","enforce_permission_assignment_scope().postgres.EXECUTE","DEV_ONLY","276f144e91e8","","CURATE_IN_COMPATIBILITY_BRIDGE"
"B1_FUNCTION","routine_grant","public","enforce_permission_assignment_scope().service_role.EXECUTE","DEV_ONLY","5dfa1b98c7e8","","CURATE_IN_COMPATIBILITY_BRIDGE"
"B1_FUNCTION","routine_grant","public","enforce_permission_set_owner_scope().postgres.EXECUTE","DEV_ONLY","72b69970ea86","","CURATE_IN_COMPATIBILITY_BRIDGE"
"B1_FUNCTION","routine_grant","public","enforce_permission_set_owner_scope().service_role.EXECUTE","DEV_ONLY","2e7b68cdc4b3","","CURATE_IN_COMPATIBILITY_BRIDGE"
"B1_FUNCTION","routine_grant","public","get_active_permission_mode().authenticated.EXECUTE","DEV_ONLY","42e01fe174fa","","CURATE_IN_COMPATIBILITY_BRIDGE"
"B1_FUNCTION","routine_grant","public","get_active_permission_mode().postgres.EXECUTE","DEV_ONLY","e0bbf4164ff8","","CURATE_IN_COMPATIBILITY_BRIDGE"
"B1_FUNCTION","routine_grant","public","get_active_permission_mode().service_role.EXECUTE","DEV_ONLY","61a6ce4248c7","","CURATE_IN_COMPATIBILITY_BRIDGE"
"B1_FUNCTION","routine_grant","public","guard_team_membership_integrity().postgres.EXECUTE","DEV_ONLY","36df669951df","","CURATE_IN_COMPATIBILITY_BRIDGE"
"B1_FUNCTION","routine_grant","public","guard_team_membership_integrity().service_role.EXECUTE","DEV_ONLY","38d4cc8f8fdd","","CURATE_IN_COMPATIBILITY_BRIDGE"
"B1_FUNCTION","routine_grant","public","guard_user_role_duplicate_insert().postgres.EXECUTE","DEV_ONLY","b891b2c776a4","","CURATE_IN_COMPATIBILITY_BRIDGE"
"B1_FUNCTION","routine_grant","public","guard_user_role_duplicate_insert().service_role.EXECUTE","DEV_ONLY","c5926fca6cc8","","CURATE_IN_COMPATIBILITY_BRIDGE"
"B1_FUNCTION","routine_grant","public","has_effective_permission(p_permission_key text, p_association_id uuid, p_club_id uuid, p_division_id uuid, p_team_id uuid).postgres.EXECUTE","DEV_ONLY","d37613447a5a","","CURATE_IN_COMPATIBILITY_BRIDGE"
"B1_FUNCTION","routine_grant","public","has_effective_permission(p_permission_key text, p_association_id uuid, p_club_id uuid, p_division_id uuid, p_team_id uuid).service_role.EXECUTE","DEV_ONLY","072014e65881","","CURATE_IN_COMPATIBILITY_BRIDGE"
"B1_FUNCTION","routine_grant","public","is_super_admin().anon.EXECUTE","PRODUCTION_ONLY","","d5941e7df278","PRESERVE_AND_INVESTIGATE"
"B1_FUNCTION","routine_grant","public","is_super_admin().authenticated.EXECUTE","MATCH","7120b32e1bc5","7120b32e1bc5","NO_CHANGE"
"B1_FUNCTION","routine_grant","public","is_super_admin().postgres.EXECUTE","MATCH","7663a73de857","7663a73de857","NO_CHANGE"
"B1_FUNCTION","routine_grant","public","is_super_admin().PUBLIC.EXECUTE","PRODUCTION_ONLY","","52da03615450","PRESERVE_AND_INVESTIGATE"
"B1_FUNCTION","routine_grant","public","is_super_admin().service_role.EXECUTE","MATCH","05df96fa44c0","05df96fa44c0","NO_CHANGE"
"B1_FUNCTION","routine_grant","public","list_permission_management_records_for_mode(p_scope_type text, p_scope_id uuid, p_actor_mode text).authenticated.EXECUTE","DEV_ONLY","48055c18b40a","","CURATE_IN_COMPATIBILITY_BRIDGE"
"B1_FUNCTION","routine_grant","public","list_permission_management_records_for_mode(p_scope_type text, p_scope_id uuid, p_actor_mode text).postgres.EXECUTE","DEV_ONLY","10c937ae435a","","CURATE_IN_COMPATIBILITY_BRIDGE"
"B1_FUNCTION","routine_grant","public","list_permission_management_records_for_mode(p_scope_type text, p_scope_id uuid, p_actor_mode text).service_role.EXECUTE","DEV_ONLY","60c6f8580b73","","CURATE_IN_COMPATIBILITY_BRIDGE"
"B1_FUNCTION","routine_grant","public","permission_mode_scope_allows(p_actor_mode text, p_scope_type text, p_scope_id uuid).postgres.EXECUTE","DEV_ONLY","b85eb76c1432","","CURATE_IN_COMPATIBILITY_BRIDGE"
"B1_FUNCTION","routine_grant","public","permission_mode_scope_allows(p_actor_mode text, p_scope_type text, p_scope_id uuid).service_role.EXECUTE","DEV_ONLY","e9819985b9b0","","CURATE_IN_COMPATIBILITY_BRIDGE"
"B1_FUNCTION","routine_grant","public","permission_save_assignment_unchecked(p_assignment_id uuid, p_permission_set_id uuid, p_subject_type text, p_subject_key text, p_scope_type text, p_scope_id uuid, p_active boolean, p_actor_mode text).postgres.EXECUTE","DEV_ONLY","e04d64a18b15","","CURATE_IN_COMPATIBILITY_BRIDGE"
"B1_FUNCTION","routine_grant","public","permission_save_assignment_unchecked(p_assignment_id uuid, p_permission_set_id uuid, p_subject_type text, p_subject_key text, p_scope_type text, p_scope_id uuid, p_active boolean, p_actor_mode text).service_role.EXECUTE","DEV_ONLY","58b45013b794","","CURATE_IN_COMPATIBILITY_BRIDGE"
"B1_FUNCTION","routine_grant","public","permission_save_group_unchecked(p_group_id uuid, p_name text, p_description text, p_scope_type text, p_scope_id uuid, p_member_ids uuid[], p_active boolean, p_actor_mode text).postgres.EXECUTE","DEV_ONLY","71561a839157","","CURATE_IN_COMPATIBILITY_BRIDGE"
"B1_FUNCTION","routine_grant","public","permission_save_group_unchecked(p_group_id uuid, p_name text, p_description text, p_scope_type text, p_scope_id uuid, p_member_ids uuid[], p_active boolean, p_actor_mode text).service_role.EXECUTE","DEV_ONLY","52d8728af29b","","CURATE_IN_COMPATIBILITY_BRIDGE"
"B1_FUNCTION","routine_grant","public","permission_save_override_unchecked(p_permission_key text, p_subject_type text, p_subject_key text, p_scope_type text, p_scope_id uuid, p_allowed boolean, p_reason text, p_active boolean, p_actor_mode text).postgres.EXECUTE","DEV_ONLY","65a30711149e","","CURATE_IN_COMPATIBILITY_BRIDGE"
"B1_FUNCTION","routine_grant","public","permission_save_override_unchecked(p_permission_key text, p_subject_type text, p_subject_key text, p_scope_type text, p_scope_id uuid, p_allowed boolean, p_reason text, p_active boolean, p_actor_mode text).service_role.EXECUTE","DEV_ONLY","1b2e2c661150","","CURATE_IN_COMPATIBILITY_BRIDGE"
"B1_FUNCTION","routine_grant","public","permission_save_set_unchecked(p_permission_set_id uuid, p_name text, p_description text, p_scope_type text, p_scope_id uuid, p_permissions jsonb, p_active boolean, p_actor_mode text).postgres.EXECUTE","DEV_ONLY","e16c15e72c4e","","CURATE_IN_COMPATIBILITY_BRIDGE"
"B1_FUNCTION","routine_grant","public","permission_save_set_unchecked(p_permission_set_id uuid, p_name text, p_description text, p_scope_type text, p_scope_id uuid, p_permissions jsonb, p_active boolean, p_actor_mode text).service_role.EXECUTE","DEV_ONLY","31c29c2e1d14","","CURATE_IN_COMPATIBILITY_BRIDGE"
"B1_FUNCTION","routine_grant","public","permission_scope_contains(p_owner_scope_type text, p_owner_scope_id uuid, p_assignment_scope_type text, p_assignment_scope_id uuid).postgres.EXECUTE","DEV_ONLY","ce6182acec48","","CURATE_IN_COMPATIBILITY_BRIDGE"
"B1_FUNCTION","routine_grant","public","permission_scope_contains(p_owner_scope_type text, p_owner_scope_id uuid, p_assignment_scope_type text, p_assignment_scope_id uuid).service_role.EXECUTE","DEV_ONLY","6d1902669112","","CURATE_IN_COMPATIBILITY_BRIDGE"
"B1_FUNCTION","routine_grant","public","permission_scope_details(p_scope_type text, p_scope_id uuid).postgres.EXECUTE","DEV_ONLY","e5198e3ef248","","CURATE_IN_COMPATIBILITY_BRIDGE"
"B1_FUNCTION","routine_grant","public","permission_scope_details(p_scope_type text, p_scope_id uuid).service_role.EXECUTE","DEV_ONLY","3ff600e8ceaa","","CURATE_IN_COMPATIBILITY_BRIDGE"
"B1_FUNCTION","routine_grant","public","permission_subject_manageable(p_actor_mode text, p_subject_type text, p_subject_key text).postgres.EXECUTE","DEV_ONLY","f173a569209b","","CURATE_IN_COMPATIBILITY_BRIDGE"
"B1_FUNCTION","routine_grant","public","permission_subject_manageable(p_actor_mode text, p_subject_type text, p_subject_key text).service_role.EXECUTE","DEV_ONLY","c734d78adfb8","","CURATE_IN_COMPATIBILITY_BRIDGE"
"B1_FUNCTION","routine_grant","public","permission_subject_matches_for_mode(p_user_id uuid, p_effective_mode text, p_subject_type text, p_subject_key text, p_rule_scope_type text, p_rule_scope_id uuid).postgres.EXECUTE","DEV_ONLY","f6a419ab318c","","CURATE_IN_COMPATIBILITY_BRIDGE"
"B1_FUNCTION","routine_grant","public","permission_subject_matches_for_mode(p_user_id uuid, p_effective_mode text, p_subject_type text, p_subject_key text, p_rule_scope_type text, p_rule_scope_id uuid).service_role.EXECUTE","DEV_ONLY","469c13765a4a","","CURATE_IN_COMPATIBILITY_BRIDGE"
"B1_FUNCTION","routine_grant","public","permission_subject_matches(p_user_id uuid, p_subject_type text, p_subject_key text, p_association_id uuid, p_club_id uuid, p_team_id uuid).postgres.EXECUTE","DEV_ONLY","578c78d8e4b2","","CURATE_IN_COMPATIBILITY_BRIDGE"
"B1_FUNCTION","routine_grant","public","permission_subject_matches(p_user_id uuid, p_subject_type text, p_subject_key text, p_association_id uuid, p_club_id uuid, p_team_id uuid).service_role.EXECUTE","DEV_ONLY","f64f2f81dc8a","","CURATE_IN_COMPATIBILITY_BRIDGE"
"B1_FUNCTION","routine_grant","public","permission_user_in_scope(p_user_id uuid, p_scope_type text, p_scope_id uuid).postgres.EXECUTE","DEV_ONLY","2bf1b304e597","","CURATE_IN_COMPATIBILITY_BRIDGE"
"B1_FUNCTION","routine_grant","public","permission_user_in_scope(p_user_id uuid, p_scope_type text, p_scope_id uuid).service_role.EXECUTE","DEV_ONLY","361ee819cf29","","CURATE_IN_COMPATIBILITY_BRIDGE"
"B1_FUNCTION","routine_grant","public","permission_visible_profiles_for_mode(p_scope_type text, p_scope_id uuid, p_actor_mode text).authenticated.EXECUTE","DEV_ONLY","1d24f2467866","","CURATE_IN_COMPATIBILITY_BRIDGE"
"B1_FUNCTION","routine_grant","public","permission_visible_profiles_for_mode(p_scope_type text, p_scope_id uuid, p_actor_mode text).postgres.EXECUTE","DEV_ONLY","dadea6c4b435","","CURATE_IN_COMPATIBILITY_BRIDGE"
"B1_FUNCTION","routine_grant","public","permission_visible_profiles_for_mode(p_scope_type text, p_scope_id uuid, p_actor_mode text).service_role.EXECUTE","DEV_ONLY","cbff7fefd4c1","","CURATE_IN_COMPATIBILITY_BRIDGE"
"B1_FUNCTION","routine_grant","public","permission_visible_profiles(p_scope_type text, p_scope_id uuid).postgres.EXECUTE","DEV_ONLY","b16ab971f804","","CURATE_IN_COMPATIBILITY_BRIDGE"
"B1_FUNCTION","routine_grant","public","permission_visible_profiles(p_scope_type text, p_scope_id uuid).service_role.EXECUTE","DEV_ONLY","41113799a419","","CURATE_IN_COMPATIBILITY_BRIDGE"
"B1_FUNCTION","routine_grant","public","request_primary_team_change(p_to_team_id uuid).authenticated.EXECUTE","DEV_ONLY","2224c2f433b1","","CURATE_IN_COMPATIBILITY_BRIDGE"
"B1_FUNCTION","routine_grant","public","request_primary_team_change(p_to_team_id uuid).postgres.EXECUTE","DEV_ONLY","66bedc429e29","","CURATE_IN_COMPATIBILITY_BRIDGE"
"B1_FUNCTION","routine_grant","public","request_primary_team_change(p_to_team_id uuid).service_role.EXECUTE","DEV_ONLY","0d222a120dab","","CURATE_IN_COMPATIBILITY_BRIDGE"
"B1_FUNCTION","routine_grant","public","resolve_effective_permission_for_mode_unchecked(p_permission_key text, p_actor_mode text, p_association_id uuid, p_club_id uuid, p_division_id uuid, p_team_id uuid).postgres.EXECUTE","DEV_ONLY","9ca041abad66","","CURATE_IN_COMPATIBILITY_BRIDGE"
"B1_FUNCTION","routine_grant","public","resolve_effective_permission_for_mode_unchecked(p_permission_key text, p_actor_mode text, p_association_id uuid, p_club_id uuid, p_division_id uuid, p_team_id uuid).service_role.EXECUTE","DEV_ONLY","83f6a118aac2","","CURATE_IN_COMPATIBILITY_BRIDGE"
"B1_FUNCTION","routine_grant","public","resolve_effective_permission_for_mode(p_permission_key text, p_actor_mode text, p_association_id uuid, p_club_id uuid, p_division_id uuid, p_team_id uuid).authenticated.EXECUTE","DEV_ONLY","13b6b85e583e","","CURATE_IN_COMPATIBILITY_BRIDGE"
"B1_FUNCTION","routine_grant","public","resolve_effective_permission_for_mode(p_permission_key text, p_actor_mode text, p_association_id uuid, p_club_id uuid, p_division_id uuid, p_team_id uuid).postgres.EXECUTE","DEV_ONLY","eee733439f09","","CURATE_IN_COMPATIBILITY_BRIDGE"
"B1_FUNCTION","routine_grant","public","resolve_effective_permission_for_mode(p_permission_key text, p_actor_mode text, p_association_id uuid, p_club_id uuid, p_division_id uuid, p_team_id uuid).service_role.EXECUTE","DEV_ONLY","7c669c5f3385","","CURATE_IN_COMPATIBILITY_BRIDGE"
"B1_FUNCTION","routine_grant","public","resolve_effective_permission(p_permission_key text, p_user_id uuid, p_association_id uuid, p_club_id uuid, p_division_id uuid, p_team_id uuid).postgres.EXECUTE","DEV_ONLY","4afea3563bb1","","CURATE_IN_COMPATIBILITY_BRIDGE"
"B1_FUNCTION","routine_grant","public","resolve_effective_permission(p_permission_key text, p_user_id uuid, p_association_id uuid, p_club_id uuid, p_division_id uuid, p_team_id uuid).service_role.EXECUTE","DEV_ONLY","09d394b40597","","CURATE_IN_COMPATIBILITY_BRIDGE"
"B1_FUNCTION","routine_grant","public","resolve_module_enabled(p_module_key text, p_association_id uuid, p_club_id uuid, p_division_id uuid, p_team_id uuid).authenticated.EXECUTE","DEV_ONLY","1a704a6877d8","","CURATE_IN_COMPATIBILITY_BRIDGE"
"B1_FUNCTION","routine_grant","public","resolve_module_enabled(p_module_key text, p_association_id uuid, p_club_id uuid, p_division_id uuid, p_team_id uuid).postgres.EXECUTE","DEV_ONLY","29813f3043c5","","CURATE_IN_COMPATIBILITY_BRIDGE"
"B1_FUNCTION","routine_grant","public","resolve_module_enabled(p_module_key text, p_association_id uuid, p_club_id uuid, p_division_id uuid, p_team_id uuid).service_role.EXECUTE","DEV_ONLY","83ac964bc466","","CURATE_IN_COMPATIBILITY_BRIDGE"
"B1_FUNCTION","routine_grant","public","save_permission_assignment(p_assignment_id uuid, p_permission_set_id uuid, p_subject_type text, p_subject_key text, p_scope_type text, p_scope_id uuid, p_active boolean, p_actor_mode text).authenticated.EXECUTE","DEV_ONLY","5c4e1315d34f","","CURATE_IN_COMPATIBILITY_BRIDGE"
"B1_FUNCTION","routine_grant","public","save_permission_assignment(p_assignment_id uuid, p_permission_set_id uuid, p_subject_type text, p_subject_key text, p_scope_type text, p_scope_id uuid, p_active boolean, p_actor_mode text).postgres.EXECUTE","DEV_ONLY","6e02185a7005","","CURATE_IN_COMPATIBILITY_BRIDGE"
"B1_FUNCTION","routine_grant","public","save_permission_assignment(p_assignment_id uuid, p_permission_set_id uuid, p_subject_type text, p_subject_key text, p_scope_type text, p_scope_id uuid, p_active boolean, p_actor_mode text).service_role.EXECUTE","DEV_ONLY","f0453916cb90","","CURATE_IN_COMPATIBILITY_BRIDGE"
"B1_FUNCTION","routine_grant","public","save_permission_group(p_group_id uuid, p_name text, p_description text, p_scope_type text, p_scope_id uuid, p_member_ids uuid[], p_active boolean, p_actor_mode text).authenticated.EXECUTE","DEV_ONLY","de5f9334b9d2","","CURATE_IN_COMPATIBILITY_BRIDGE"
"B1_FUNCTION","routine_grant","public","save_permission_group(p_group_id uuid, p_name text, p_description text, p_scope_type text, p_scope_id uuid, p_member_ids uuid[], p_active boolean, p_actor_mode text).postgres.EXECUTE","DEV_ONLY","5a1bbe4f6a00","","CURATE_IN_COMPATIBILITY_BRIDGE"
"B1_FUNCTION","routine_grant","public","save_permission_group(p_group_id uuid, p_name text, p_description text, p_scope_type text, p_scope_id uuid, p_member_ids uuid[], p_active boolean, p_actor_mode text).service_role.EXECUTE","DEV_ONLY","f9953d3c68ca","","CURATE_IN_COMPATIBILITY_BRIDGE"
"B1_FUNCTION","routine_grant","public","save_permission_override(p_permission_key text, p_subject_type text, p_subject_key text, p_scope_type text, p_scope_id uuid, p_allowed boolean, p_reason text, p_active boolean, p_actor_mode text).authenticated.EXECUTE","DEV_ONLY","0ed6b43afc97","","CURATE_IN_COMPATIBILITY_BRIDGE"
"B1_FUNCTION","routine_grant","public","save_permission_override(p_permission_key text, p_subject_type text, p_subject_key text, p_scope_type text, p_scope_id uuid, p_allowed boolean, p_reason text, p_active boolean, p_actor_mode text).postgres.EXECUTE","DEV_ONLY","449a41fbee40","","CURATE_IN_COMPATIBILITY_BRIDGE"
"B1_FUNCTION","routine_grant","public","save_permission_override(p_permission_key text, p_subject_type text, p_subject_key text, p_scope_type text, p_scope_id uuid, p_allowed boolean, p_reason text, p_active boolean, p_actor_mode text).service_role.EXECUTE","DEV_ONLY","04fac0fa0e22","","CURATE_IN_COMPATIBILITY_BRIDGE"
"B1_FUNCTION","routine_grant","public","save_permission_set(p_permission_set_id uuid, p_name text, p_description text, p_scope_type text, p_scope_id uuid, p_permissions jsonb, p_active boolean, p_actor_mode text).authenticated.EXECUTE","DEV_ONLY","c3550650367d","","CURATE_IN_COMPATIBILITY_BRIDGE"
"B1_FUNCTION","routine_grant","public","save_permission_set(p_permission_set_id uuid, p_name text, p_description text, p_scope_type text, p_scope_id uuid, p_permissions jsonb, p_active boolean, p_actor_mode text).postgres.EXECUTE","DEV_ONLY","a27ef4bd916b","","CURATE_IN_COMPATIBILITY_BRIDGE"
"B1_FUNCTION","routine_grant","public","save_permission_set(p_permission_set_id uuid, p_name text, p_description text, p_scope_type text, p_scope_id uuid, p_permissions jsonb, p_active boolean, p_actor_mode text).service_role.EXECUTE","DEV_ONLY","43d400a19449","","CURATE_IN_COMPATIBILITY_BRIDGE"
"B1_FUNCTION","routine_grant","public","set_active_permission_context(p_root_mode text, p_active_mode text, p_association_id uuid, p_club_id uuid, p_division_id uuid, p_team_id uuid).authenticated.EXECUTE","DEV_ONLY","8105de33a04d","","CURATE_IN_COMPATIBILITY_BRIDGE"
"B1_FUNCTION","routine_grant","public","set_active_permission_context(p_root_mode text, p_active_mode text, p_association_id uuid, p_club_id uuid, p_division_id uuid, p_team_id uuid).postgres.EXECUTE","DEV_ONLY","97da0d492f21","","CURATE_IN_COMPATIBILITY_BRIDGE"
"B1_FUNCTION","routine_grant","public","set_active_permission_context(p_root_mode text, p_active_mode text, p_association_id uuid, p_club_id uuid, p_division_id uuid, p_team_id uuid).service_role.EXECUTE","DEV_ONLY","e84ca211913a","","CURATE_IN_COMPATIBILITY_BRIDGE"
"B1_FUNCTION","routine_grant","public","set_active_permission_mode(p_root_mode text, p_active_mode text).authenticated.EXECUTE","DEV_ONLY","c80c51758964","","CURATE_IN_COMPATIBILITY_BRIDGE"
"B1_FUNCTION","routine_grant","public","set_active_permission_mode(p_root_mode text, p_active_mode text).postgres.EXECUTE","DEV_ONLY","f2d7a64d8016","","CURATE_IN_COMPATIBILITY_BRIDGE"
"B1_FUNCTION","routine_grant","public","set_active_permission_mode(p_root_mode text, p_active_mode text).service_role.EXECUTE","DEV_ONLY","d57e27e08b8c","","CURATE_IN_COMPATIBILITY_BRIDGE"
"B1_FUNCTION","routine_grant","public","set_module_feature_flag(p_module_key text, p_scope_type text, p_scope_id uuid, p_enabled boolean, p_notes text).authenticated.EXECUTE","DEV_ONLY","fde432ba993b","","CURATE_IN_COMPATIBILITY_BRIDGE"
"B1_FUNCTION","routine_grant","public","set_module_feature_flag(p_module_key text, p_scope_type text, p_scope_id uuid, p_enabled boolean, p_notes text).postgres.EXECUTE","DEV_ONLY","001ef2d6c2ea","","CURATE_IN_COMPATIBILITY_BRIDGE"
"B1_FUNCTION","routine_grant","public","set_module_feature_flag(p_module_key text, p_scope_type text, p_scope_id uuid, p_enabled boolean, p_notes text).service_role.EXECUTE","DEV_ONLY","920ed1ff8d70","","CURATE_IN_COMPATIBILITY_BRIDGE"
"B1_OWNED_TABLE","constraint","private","auth_session_permission_modes.auth_session_permission_modes_active_mode_check","DEV_ONLY","c30ec10ac0b4","","CURATE_IN_COMPATIBILITY_BRIDGE"
"B1_OWNED_TABLE","constraint","private","auth_session_permission_modes.auth_session_permission_modes_association_id_fkey","DEV_ONLY","8e334ec85985","","CURATE_IN_COMPATIBILITY_BRIDGE"
"B1_OWNED_TABLE","constraint","private","auth_session_permission_modes.auth_session_permission_modes_club_id_fkey","DEV_ONLY","42209b8a8d5e","","CURATE_IN_COMPATIBILITY_BRIDGE"
"B1_OWNED_TABLE","constraint","private","auth_session_permission_modes.auth_session_permission_modes_division_id_fkey","DEV_ONLY","a5ef7c63465a","","CURATE_IN_COMPATIBILITY_BRIDGE"
"B1_OWNED_TABLE","constraint","private","auth_session_permission_modes.auth_session_permission_modes_pkey","DEV_ONLY","2a2529e6744f","","CURATE_IN_COMPATIBILITY_BRIDGE"
"B1_OWNED_TABLE","constraint","private","auth_session_permission_modes.auth_session_permission_modes_root_mode_check","DEV_ONLY","3085e21c4694","","CURATE_IN_COMPATIBILITY_BRIDGE"
"B1_OWNED_TABLE","constraint","private","auth_session_permission_modes.auth_session_permission_modes_session_id_fkey","DEV_ONLY","47e6ea070171","","CURATE_IN_COMPATIBILITY_BRIDGE"
"B1_OWNED_TABLE","constraint","private","auth_session_permission_modes.auth_session_permission_modes_team_id_fkey","DEV_ONLY","5e2b41327007","","CURATE_IN_COMPATIBILITY_BRIDGE"
"B1_OWNED_TABLE","constraint","private","auth_session_permission_modes.auth_session_permission_modes_user_id_fkey","DEV_ONLY","5df528b56cc3","","CURATE_IN_COMPATIBILITY_BRIDGE"
"B1_OWNED_TABLE","constraint","public","administration_audit_log.administration_audit_log_actor_id_fkey","DEV_ONLY","4c673d1a9c30","","CURATE_IN_COMPATIBILITY_BRIDGE"
"B1_OWNED_TABLE","constraint","public","administration_audit_log.administration_audit_log_association_id_fkey","DEV_ONLY","2cf2b250ecd6","","CURATE_IN_COMPATIBILITY_BRIDGE"
"B1_OWNED_TABLE","constraint","public","administration_audit_log.administration_audit_log_club_id_fkey","DEV_ONLY","83c7960c9774","","CURATE_IN_COMPATIBILITY_BRIDGE"
"B1_OWNED_TABLE","constraint","public","administration_audit_log.administration_audit_log_pkey","DEV_ONLY","9cacc312ba31","","CURATE_IN_COMPATIBILITY_BRIDGE"
"B1_OWNED_TABLE","constraint","public","administration_audit_log.administration_audit_log_target_user_id_fkey","DEV_ONLY","aff7a6da83a2","","CURATE_IN_COMPATIBILITY_BRIDGE"
"B1_OWNED_TABLE","constraint","public","administration_audit_log.administration_audit_log_team_id_fkey","DEV_ONLY","ba3f61062f25","","CURATE_IN_COMPATIBILITY_BRIDGE"
"B1_OWNED_TABLE","constraint","public","administration_integrity_snapshot_batches.administration_integrity_snapshot_batches_captured_by_fkey","DEV_ONLY","dc5d4daebb50","","CURATE_IN_COMPATIBILITY_BRIDGE"
"B1_OWNED_TABLE","constraint","public","administration_integrity_snapshot_batches.administration_integrity_snapshot_batches_pkey","DEV_ONLY","b7496ff334b9","","CURATE_IN_COMPATIBILITY_BRIDGE"
"B1_OWNED_TABLE","constraint","public","administration_membership_integrity_snapshot.administration_membership_int_batch_id_issue_type_membershi_key","DEV_ONLY","7396b7aba6de","","CURATE_IN_COMPATIBILITY_BRIDGE"
"B1_OWNED_TABLE","constraint","public","administration_membership_integrity_snapshot.administration_membership_integrity_snapshot_batch_id_fkey","DEV_ONLY","2e25d78fac44","","CURATE_IN_COMPATIBILITY_BRIDGE"
"B1_OWNED_TABLE","constraint","public","administration_membership_integrity_snapshot.administration_membership_integrity_snapshot_pkey","DEV_ONLY","69b9e02f3127","","CURATE_IN_COMPATIBILITY_BRIDGE"
"B1_OWNED_TABLE","constraint","public","module_feature_flags.module_feature_flags_association_id_fkey","DEV_ONLY","41497c3de714","","CURATE_IN_COMPATIBILITY_BRIDGE"
"B1_OWNED_TABLE","constraint","public","module_feature_flags.module_feature_flags_club_id_fkey","DEV_ONLY","f2a2ebc16d2d","","CURATE_IN_COMPATIBILITY_BRIDGE"
"B1_OWNED_TABLE","constraint","public","module_feature_flags.module_feature_flags_created_by_fkey","DEV_ONLY","5b08add1c3a0","","CURATE_IN_COMPATIBILITY_BRIDGE"
"B1_OWNED_TABLE","constraint","public","module_feature_flags.module_feature_flags_division_id_fkey","DEV_ONLY","87f94daf321a","","CURATE_IN_COMPATIBILITY_BRIDGE"
"B1_OWNED_TABLE","constraint","public","module_feature_flags.module_feature_flags_module_key_check","DEV_ONLY","c8ddb514cdd5","","CURATE_IN_COMPATIBILITY_BRIDGE"
"B1_OWNED_TABLE","constraint","public","module_feature_flags.module_feature_flags_pkey","DEV_ONLY","fea9787f9ef1","","CURATE_IN_COMPATIBILITY_BRIDGE"
"B1_OWNED_TABLE","constraint","public","module_feature_flags.module_feature_flags_scope_type_check","DEV_ONLY","a0ef1c48b932","","CURATE_IN_COMPATIBILITY_BRIDGE"
"B1_OWNED_TABLE","constraint","public","module_feature_flags.module_feature_flags_team_id_fkey","DEV_ONLY","7a0da0b3c2a0","","CURATE_IN_COMPATIBILITY_BRIDGE"
"B1_OWNED_TABLE","constraint","public","module_feature_flags.module_feature_flags_updated_by_fkey","DEV_ONLY","cf6028bf6e3f","","CURATE_IN_COMPATIBILITY_BRIDGE"
"B1_OWNED_TABLE","constraint","public","permission_assignments.permission_assignments_created_by_fkey","DEV_ONLY","d88ff73c075c","","CURATE_IN_COMPATIBILITY_BRIDGE"
"B1_OWNED_TABLE","constraint","public","permission_assignments.permission_assignments_permission_set_id_fkey","DEV_ONLY","a42f9c603b54","","CURATE_IN_COMPATIBILITY_BRIDGE"
"B1_OWNED_TABLE","constraint","public","permission_assignments.permission_assignments_pkey","DEV_ONLY","61d28149cf39","","CURATE_IN_COMPATIBILITY_BRIDGE"
"B1_OWNED_TABLE","constraint","public","permission_assignments.permission_assignments_scope_check","DEV_ONLY","41463e3245bc","","CURATE_IN_COMPATIBILITY_BRIDGE"
"B1_OWNED_TABLE","constraint","public","permission_assignments.permission_assignments_subject_check","DEV_ONLY","6c42e5e4fb45","","CURATE_IN_COMPATIBILITY_BRIDGE"
"B1_OWNED_TABLE","constraint","public","permission_assignments.permission_assignments_updated_by_fkey","DEV_ONLY","a4ae9ff2d83c","","CURATE_IN_COMPATIBILITY_BRIDGE"
"B1_OWNED_TABLE","constraint","public","permission_catalogue.permission_catalogue_category_check","DEV_ONLY","6153bab8eb14","","CURATE_IN_COMPATIBILITY_BRIDGE"
"B1_OWNED_TABLE","constraint","public","permission_catalogue.permission_catalogue_pkey","DEV_ONLY","44a42c74e0b5","","CURATE_IN_COMPATIBILITY_BRIDGE"
"B1_OWNED_TABLE","constraint","public","permission_group_members.permission_group_members_added_by_fkey","DEV_ONLY","513e1733bed3","","CURATE_IN_COMPATIBILITY_BRIDGE"
"B1_OWNED_TABLE","constraint","public","permission_group_members.permission_group_members_group_id_fkey","DEV_ONLY","7d71795455c5","","CURATE_IN_COMPATIBILITY_BRIDGE"
"B1_OWNED_TABLE","constraint","public","permission_group_members.permission_group_members_pkey","DEV_ONLY","779c66d4ea94","","CURATE_IN_COMPATIBILITY_BRIDGE"
"B1_OWNED_TABLE","constraint","public","permission_group_members.permission_group_members_user_id_fkey","DEV_ONLY","249813b892c0","","CURATE_IN_COMPATIBILITY_BRIDGE"
"B1_OWNED_TABLE","constraint","public","permission_groups.permission_groups_created_by_fkey","DEV_ONLY","c8d4628bab34","","CURATE_IN_COMPATIBILITY_BRIDGE"
"B1_OWNED_TABLE","constraint","public","permission_groups.permission_groups_name_check","DEV_ONLY","cde7316ea40e","","CURATE_IN_COMPATIBILITY_BRIDGE"
"B1_OWNED_TABLE","constraint","public","permission_groups.permission_groups_pkey","DEV_ONLY","217be94b0977","","CURATE_IN_COMPATIBILITY_BRIDGE"
"B1_OWNED_TABLE","constraint","public","permission_groups.permission_groups_scope_check","DEV_ONLY","b76df58d531b","","CURATE_IN_COMPATIBILITY_BRIDGE"
"B1_OWNED_TABLE","constraint","public","permission_groups.permission_groups_updated_by_fkey","DEV_ONLY","f1813a21ebc0","","CURATE_IN_COMPATIBILITY_BRIDGE"
"B1_OWNED_TABLE","constraint","public","permission_overrides.permission_overrides_created_by_fkey","DEV_ONLY","269b9a310f67","","CURATE_IN_COMPATIBILITY_BRIDGE"
"B1_OWNED_TABLE","constraint","public","permission_overrides.permission_overrides_permission_key_fkey","DEV_ONLY","984d69f534d4","","CURATE_IN_COMPATIBILITY_BRIDGE"
"B1_OWNED_TABLE","constraint","public","permission_overrides.permission_overrides_pkey","DEV_ONLY","1e25de8eadd3","","CURATE_IN_COMPATIBILITY_BRIDGE"
"B1_OWNED_TABLE","constraint","public","permission_overrides.permission_overrides_scope_check","DEV_ONLY","d057cc30d794","","CURATE_IN_COMPATIBILITY_BRIDGE"
"B1_OWNED_TABLE","constraint","public","permission_overrides.permission_overrides_subject_check","DEV_ONLY","ad87b93eb770","","CURATE_IN_COMPATIBILITY_BRIDGE"
"B1_OWNED_TABLE","constraint","public","permission_overrides.permission_overrides_updated_by_fkey","DEV_ONLY","510c6a37f371","","CURATE_IN_COMPATIBILITY_BRIDGE"
"B1_OWNED_TABLE","constraint","public","permission_set_permissions.permission_set_permissions_permission_key_fkey","DEV_ONLY","53e8a504240d","","CURATE_IN_COMPATIBILITY_BRIDGE"
"B1_OWNED_TABLE","constraint","public","permission_set_permissions.permission_set_permissions_permission_set_id_fkey","DEV_ONLY","485b94537c93","","CURATE_IN_COMPATIBILITY_BRIDGE"
"B1_OWNED_TABLE","constraint","public","permission_set_permissions.permission_set_permissions_pkey","DEV_ONLY","e56d20453bb0","","CURATE_IN_COMPATIBILITY_BRIDGE"
"B1_OWNED_TABLE","constraint","public","permission_sets.permission_sets_created_by_fkey","DEV_ONLY","60212463e663","","CURATE_IN_COMPATIBILITY_BRIDGE"
"B1_OWNED_TABLE","constraint","public","permission_sets.permission_sets_name_check","DEV_ONLY","a3955873e569","","CURATE_IN_COMPATIBILITY_BRIDGE"
"B1_OWNED_TABLE","constraint","public","permission_sets.permission_sets_pkey","DEV_ONLY","4753e350a8ed","","CURATE_IN_COMPATIBILITY_BRIDGE"
"B1_OWNED_TABLE","constraint","public","permission_sets.permission_sets_scope_check","DEV_ONLY","fe06aadc73cb","","CURATE_IN_COMPATIBILITY_BRIDGE"
"B1_OWNED_TABLE","constraint","public","permission_sets.permission_sets_system_key_check","DEV_ONLY","1c07543d167a","","CURATE_IN_COMPATIBILITY_BRIDGE"
"B1_OWNED_TABLE","constraint","public","permission_sets.permission_sets_updated_by_fkey","DEV_ONLY","56be270cf06b","","CURATE_IN_COMPATIBILITY_BRIDGE"
"B1_OWNED_TABLE","constraint","public","primary_change_requests.primary_change_requests_from_team_id_fkey","MATCH","347c76d02c1d","347c76d02c1d","NO_CHANGE"
"B1_OWNED_TABLE","constraint","public","primary_change_requests.primary_change_requests_pkey","MATCH","d2cf0091251f","d2cf0091251f","NO_CHANGE"
"B1_OWNED_TABLE","constraint","public","primary_change_requests.primary_change_requests_to_team_id_fkey","MATCH","5da7df88fc85","5da7df88fc85","NO_CHANGE"
"B1_OWNED_TABLE","constraint","public","primary_change_requests.primary_change_requests_valid_status","DEV_ONLY","635f67975c73","","CURATE_IN_COMPATIBILITY_BRIDGE"
"B1_OWNED_TABLE","index","private","auth_session_permission_modes_pkey","DEV_ONLY","8bc250107544","","CURATE_IN_COMPATIBILITY_BRIDGE"
"B1_OWNED_TABLE","index","public","administration_audit_actor_idx","DEV_ONLY","f8db5473870c","","CURATE_IN_COMPATIBILITY_BRIDGE"
"B1_OWNED_TABLE","index","public","administration_audit_log_pkey","DEV_ONLY","76d8622a00e9","","CURATE_IN_COMPATIBILITY_BRIDGE"
"B1_OWNED_TABLE","index","public","administration_audit_scope_idx","DEV_ONLY","d5464e666c72","","CURATE_IN_COMPATIBILITY_BRIDGE"
"B1_OWNED_TABLE","index","public","administration_audit_target_idx","DEV_ONLY","ee4b72383ef5","","CURATE_IN_COMPATIBILITY_BRIDGE"
"B1_OWNED_TABLE","index","public","administration_integrity_snapshot_batches_pkey","DEV_ONLY","9ada61dfff76","","CURATE_IN_COMPATIBILITY_BRIDGE"
"B1_OWNED_TABLE","index","public","administration_membership_int_batch_id_issue_type_membershi_key","DEV_ONLY","185fcc118ec9","","CURATE_IN_COMPATIBILITY_BRIDGE"
"B1_OWNED_TABLE","index","public","administration_membership_integrity_snapshot_pkey","DEV_ONLY","c6a93dad0428","","CURATE_IN_COMPATIBILITY_BRIDGE"
"B1_OWNED_TABLE","index","public","administration_membership_snapshot_user_idx","DEV_ONLY","8b85ece99e51","","CURATE_IN_COMPATIBILITY_BRIDGE"
"B1_OWNED_TABLE","index","public","module_feature_flags_module_scope_key","DEV_ONLY","b8d82ccac52b","","CURATE_IN_COMPATIBILITY_BRIDGE"
"B1_OWNED_TABLE","index","public","module_feature_flags_pkey","DEV_ONLY","39bee70f5ae5","","CURATE_IN_COMPATIBILITY_BRIDGE"
"B1_OWNED_TABLE","index","public","module_feature_flags_scope_idx","DEV_ONLY","2dfcd68e88e0","","CURATE_IN_COMPATIBILITY_BRIDGE"
"B1_OWNED_TABLE","index","public","permission_assignments_active_key","DEV_ONLY","93cf01eb1563","","CURATE_IN_COMPATIBILITY_BRIDGE"
"B1_OWNED_TABLE","index","public","permission_assignments_pkey","DEV_ONLY","5153cfb1777f","","CURATE_IN_COMPATIBILITY_BRIDGE"
"B1_OWNED_TABLE","index","public","permission_catalogue_pkey","DEV_ONLY","e283a47ed881","","CURATE_IN_COMPATIBILITY_BRIDGE"
"B1_OWNED_TABLE","index","public","permission_group_members_pkey","DEV_ONLY","ccf8d45b3637","","CURATE_IN_COMPATIBILITY_BRIDGE"
"B1_OWNED_TABLE","index","public","permission_group_members_user_idx","DEV_ONLY","920e77fd30fd","","CURATE_IN_COMPATIBILITY_BRIDGE"
"B1_OWNED_TABLE","index","public","permission_groups_active_name_key","DEV_ONLY","21bd9b868608","","CURATE_IN_COMPATIBILITY_BRIDGE"
"B1_OWNED_TABLE","index","public","permission_groups_pkey","DEV_ONLY","95b753e33de5","","CURATE_IN_COMPATIBILITY_BRIDGE"
"B1_OWNED_TABLE","index","public","permission_overrides_active_key","DEV_ONLY","2450c01fc096","","CURATE_IN_COMPATIBILITY_BRIDGE"
"B1_OWNED_TABLE","index","public","permission_overrides_pkey","DEV_ONLY","0886c9ab9ed6","","CURATE_IN_COMPATIBILITY_BRIDGE"
"B1_OWNED_TABLE","index","public","permission_set_permissions_pkey","DEV_ONLY","d1586a0c3f53","","CURATE_IN_COMPATIBILITY_BRIDGE"
"B1_OWNED_TABLE","index","public","permission_sets_active_name_key","DEV_ONLY","9156f78ab70b","","CURATE_IN_COMPATIBILITY_BRIDGE"
"B1_OWNED_TABLE","index","public","permission_sets_pkey","DEV_ONLY","b2dd12068468","","CURATE_IN_COMPATIBILITY_BRIDGE"
"B1_OWNED_TABLE","index","public","permission_sets_system_scope_key","DEV_ONLY","5c92d1eeeab2","","CURATE_IN_COMPATIBILITY_BRIDGE"
"B1_OWNED_TABLE","index","public","primary_change_requests_pkey","MATCH","9c2773b4a389","9c2773b4a389","NO_CHANGE"
"B1_OWNED_TABLE","policy","public","administration_audit_log.administration_audit_read_scoped","DEV_ONLY","23752eb6b1eb","","CURATE_IN_COMPATIBILITY_BRIDGE"
"B1_OWNED_TABLE","policy","public","administration_integrity_snapshot_batches.administration_integrity_batches_super_read","DEV_ONLY","16bddf5fbfbe","","CURATE_IN_COMPATIBILITY_BRIDGE"
"B1_OWNED_TABLE","policy","public","administration_membership_integrity_snapshot.administration_integrity_snapshot_super_read","DEV_ONLY","06400018a03d","","CURATE_IN_COMPATIBILITY_BRIDGE"
"B1_OWNED_TABLE","policy","public","module_feature_flags.module_feature_flags_select","DEV_ONLY","c9c744909e8c","","CURATE_IN_COMPATIBILITY_BRIDGE"
"B1_OWNED_TABLE","policy","public","permission_assignments.permission_assignments_scoped_read","DEV_ONLY","bdc373121fb5","","CURATE_IN_COMPATIBILITY_BRIDGE"
"B1_OWNED_TABLE","policy","public","permission_catalogue.permission_catalogue_authenticated_read","DEV_ONLY","95d10a21c430","","CURATE_IN_COMPATIBILITY_BRIDGE"
"B1_OWNED_TABLE","policy","public","permission_group_members.permission_group_members_scoped_read","DEV_ONLY","177b24e599d9","","CURATE_IN_COMPATIBILITY_BRIDGE"
"B1_OWNED_TABLE","policy","public","permission_groups.permission_groups_scoped_read","DEV_ONLY","f2841afebf4a","","CURATE_IN_COMPATIBILITY_BRIDGE"
"B1_OWNED_TABLE","policy","public","permission_overrides.permission_overrides_scoped_read","DEV_ONLY","c50cabe82031","","CURATE_IN_COMPATIBILITY_BRIDGE"
"B1_OWNED_TABLE","policy","public","permission_set_permissions.permission_set_permissions_scoped_read","DEV_ONLY","8e60f944173c","","CURATE_IN_COMPATIBILITY_BRIDGE"
"B1_OWNED_TABLE","policy","public","permission_sets.permission_sets_scoped_read","DEV_ONLY","83b7d5f52dd4","","CURATE_IN_COMPATIBILITY_BRIDGE"
"B1_OWNED_TABLE","policy","public","primary_change_requests.primary_change_requests_insert_own","PRODUCTION_ONLY","","6eb608dfb529","PRESERVE_AND_INVESTIGATE"
"B1_OWNED_TABLE","policy","public","primary_change_requests.primary_change_requests_read_own","DIFFERENT","840bf330ed62","e00c260ab90d","CURATE_IN_COMPATIBILITY_BRIDGE"
"B1_OWNED_TABLE","policy","public","primary_change_requests.primary_change_requests_read_scoped_admin","DEV_ONLY","83d99097efd4","","CURATE_IN_COMPATIBILITY_BRIDGE"
"B1_OWNED_TABLE","policy","public","primary_change_requests.primary_change_requests_super_admin","MATCH","aee98bc70de8","aee98bc70de8","NO_CHANGE"
"B1_OWNED_TABLE","policy","public","primary_change_requests.primary_change_requests_update_own","PRODUCTION_ONLY","","f80bf49415e5","PRESERVE_AND_INVESTIGATE"
"B1_OWNED_TABLE","table_grant","private","auth_session_permission_modes.postgres.DELETE","DEV_ONLY","afc9cb30d865","","CURATE_IN_COMPATIBILITY_BRIDGE"
"B1_OWNED_TABLE","table_grant","private","auth_session_permission_modes.postgres.INSERT","DEV_ONLY","7ec637280504","","CURATE_IN_COMPATIBILITY_BRIDGE"
"B1_OWNED_TABLE","table_grant","private","auth_session_permission_modes.postgres.REFERENCES","DEV_ONLY","b831fe4b81c8","","CURATE_IN_COMPATIBILITY_BRIDGE"
"B1_OWNED_TABLE","table_grant","private","auth_session_permission_modes.postgres.SELECT","DEV_ONLY","cb7245a35935","","CURATE_IN_COMPATIBILITY_BRIDGE"
"B1_OWNED_TABLE","table_grant","private","auth_session_permission_modes.postgres.TRIGGER","DEV_ONLY","ad9ce40f4a67","","CURATE_IN_COMPATIBILITY_BRIDGE"
"B1_OWNED_TABLE","table_grant","private","auth_session_permission_modes.postgres.TRUNCATE","DEV_ONLY","78fdfdebfae7","","CURATE_IN_COMPATIBILITY_BRIDGE"
"B1_OWNED_TABLE","table_grant","private","auth_session_permission_modes.postgres.UPDATE","DEV_ONLY","e4af454b4603","","CURATE_IN_COMPATIBILITY_BRIDGE"
"B1_OWNED_TABLE","table_grant","public","administration_audit_log.authenticated.SELECT","DEV_ONLY","ab41868776e0","","CURATE_IN_COMPATIBILITY_BRIDGE"
"B1_OWNED_TABLE","table_grant","public","administration_audit_log.postgres.DELETE","DEV_ONLY","cac159c78c08","","CURATE_IN_COMPATIBILITY_BRIDGE"
"B1_OWNED_TABLE","table_grant","public","administration_audit_log.postgres.INSERT","DEV_ONLY","587583cb083b","","CURATE_IN_COMPATIBILITY_BRIDGE"
"B1_OWNED_TABLE","table_grant","public","administration_audit_log.postgres.REFERENCES","DEV_ONLY","d0fca05bc321","","CURATE_IN_COMPATIBILITY_BRIDGE"
"B1_OWNED_TABLE","table_grant","public","administration_audit_log.postgres.SELECT","DEV_ONLY","a749bb30f8a8","","CURATE_IN_COMPATIBILITY_BRIDGE"
"B1_OWNED_TABLE","table_grant","public","administration_audit_log.postgres.TRIGGER","DEV_ONLY","93daa0963123","","CURATE_IN_COMPATIBILITY_BRIDGE"
"B1_OWNED_TABLE","table_grant","public","administration_audit_log.postgres.TRUNCATE","DEV_ONLY","af9bed526b44","","CURATE_IN_COMPATIBILITY_BRIDGE"
"B1_OWNED_TABLE","table_grant","public","administration_audit_log.postgres.UPDATE","DEV_ONLY","1cc3dc03710a","","CURATE_IN_COMPATIBILITY_BRIDGE"
"B1_OWNED_TABLE","table_grant","public","administration_audit_log.service_role.DELETE","DEV_ONLY","565a3e55f3d6","","CURATE_IN_COMPATIBILITY_BRIDGE"
"B1_OWNED_TABLE","table_grant","public","administration_audit_log.service_role.INSERT","DEV_ONLY","6374a81e819d","","CURATE_IN_COMPATIBILITY_BRIDGE"
"B1_OWNED_TABLE","table_grant","public","administration_audit_log.service_role.REFERENCES","DEV_ONLY","a879f9613757","","CURATE_IN_COMPATIBILITY_BRIDGE"
"B1_OWNED_TABLE","table_grant","public","administration_audit_log.service_role.SELECT","DEV_ONLY","58819932c222","","CURATE_IN_COMPATIBILITY_BRIDGE"
"B1_OWNED_TABLE","table_grant","public","administration_audit_log.service_role.TRIGGER","DEV_ONLY","fc25c8d975ab","","CURATE_IN_COMPATIBILITY_BRIDGE"
"B1_OWNED_TABLE","table_grant","public","administration_audit_log.service_role.TRUNCATE","DEV_ONLY","c83062a98885","","CURATE_IN_COMPATIBILITY_BRIDGE"
"B1_OWNED_TABLE","table_grant","public","administration_audit_log.service_role.UPDATE","DEV_ONLY","40a9e96d8c7f","","CURATE_IN_COMPATIBILITY_BRIDGE"
"B1_OWNED_TABLE","table_grant","public","administration_integrity_snapshot_batches.authenticated.SELECT","DEV_ONLY","5d964d502b3e","","CURATE_IN_COMPATIBILITY_BRIDGE"
"B1_OWNED_TABLE","table_grant","public","administration_integrity_snapshot_batches.postgres.DELETE","DEV_ONLY","85b5d19e403a","","CURATE_IN_COMPATIBILITY_BRIDGE"
"B1_OWNED_TABLE","table_grant","public","administration_integrity_snapshot_batches.postgres.INSERT","DEV_ONLY","215410fdb849","","CURATE_IN_COMPATIBILITY_BRIDGE"
"B1_OWNED_TABLE","table_grant","public","administration_integrity_snapshot_batches.postgres.REFERENCES","DEV_ONLY","380e64f642c3","","CURATE_IN_COMPATIBILITY_BRIDGE"
"B1_OWNED_TABLE","table_grant","public","administration_integrity_snapshot_batches.postgres.SELECT","DEV_ONLY","a008b751b085","","CURATE_IN_COMPATIBILITY_BRIDGE"
"B1_OWNED_TABLE","table_grant","public","administration_integrity_snapshot_batches.postgres.TRIGGER","DEV_ONLY","6a6ce5f31392","","CURATE_IN_COMPATIBILITY_BRIDGE"
"B1_OWNED_TABLE","table_grant","public","administration_integrity_snapshot_batches.postgres.TRUNCATE","DEV_ONLY","794230f8134f","","CURATE_IN_COMPATIBILITY_BRIDGE"
"B1_OWNED_TABLE","table_grant","public","administration_integrity_snapshot_batches.postgres.UPDATE","DEV_ONLY","f431927d9007","","CURATE_IN_COMPATIBILITY_BRIDGE"
"B1_OWNED_TABLE","table_grant","public","administration_integrity_snapshot_batches.service_role.DELETE","DEV_ONLY","5ad53c47d68c","","CURATE_IN_COMPATIBILITY_BRIDGE"
"B1_OWNED_TABLE","table_grant","public","administration_integrity_snapshot_batches.service_role.INSERT","DEV_ONLY","01dd21470049","","CURATE_IN_COMPATIBILITY_BRIDGE"
"B1_OWNED_TABLE","table_grant","public","administration_integrity_snapshot_batches.service_role.REFERENCES","DEV_ONLY","ad732e06d151","","CURATE_IN_COMPATIBILITY_BRIDGE"
"B1_OWNED_TABLE","table_grant","public","administration_integrity_snapshot_batches.service_role.SELECT","DEV_ONLY","70cb04c1c6d4","","CURATE_IN_COMPATIBILITY_BRIDGE"
"B1_OWNED_TABLE","table_grant","public","administration_integrity_snapshot_batches.service_role.TRIGGER","DEV_ONLY","e2a44b744292","","CURATE_IN_COMPATIBILITY_BRIDGE"
"B1_OWNED_TABLE","table_grant","public","administration_integrity_snapshot_batches.service_role.TRUNCATE","DEV_ONLY","025ac7374d35","","CURATE_IN_COMPATIBILITY_BRIDGE"
"B1_OWNED_TABLE","table_grant","public","administration_integrity_snapshot_batches.service_role.UPDATE","DEV_ONLY","b2ea76f1afc5","","CURATE_IN_COMPATIBILITY_BRIDGE"
"B1_OWNED_TABLE","table_grant","public","administration_membership_integrity_snapshot.authenticated.SELECT","DEV_ONLY","c42056ffee03","","CURATE_IN_COMPATIBILITY_BRIDGE"
"B1_OWNED_TABLE","table_grant","public","administration_membership_integrity_snapshot.postgres.DELETE","DEV_ONLY","9e92a1ab5d6c","","CURATE_IN_COMPATIBILITY_BRIDGE"
"B1_OWNED_TABLE","table_grant","public","administration_membership_integrity_snapshot.postgres.INSERT","DEV_ONLY","d3c0e6920c3a","","CURATE_IN_COMPATIBILITY_BRIDGE"
"B1_OWNED_TABLE","table_grant","public","administration_membership_integrity_snapshot.postgres.REFERENCES","DEV_ONLY","0b1695bb6995","","CURATE_IN_COMPATIBILITY_BRIDGE"
"B1_OWNED_TABLE","table_grant","public","administration_membership_integrity_snapshot.postgres.SELECT","DEV_ONLY","e553bbffd6c2","","CURATE_IN_COMPATIBILITY_BRIDGE"
"B1_OWNED_TABLE","table_grant","public","administration_membership_integrity_snapshot.postgres.TRIGGER","DEV_ONLY","7a06f3fe075e","","CURATE_IN_COMPATIBILITY_BRIDGE"
"B1_OWNED_TABLE","table_grant","public","administration_membership_integrity_snapshot.postgres.TRUNCATE","DEV_ONLY","62b483253aaa","","CURATE_IN_COMPATIBILITY_BRIDGE"
"B1_OWNED_TABLE","table_grant","public","administration_membership_integrity_snapshot.postgres.UPDATE","DEV_ONLY","cccd32e01bdc","","CURATE_IN_COMPATIBILITY_BRIDGE"
"B1_OWNED_TABLE","table_grant","public","administration_membership_integrity_snapshot.service_role.DELETE","DEV_ONLY","c6c917adac94","","CURATE_IN_COMPATIBILITY_BRIDGE"
"B1_OWNED_TABLE","table_grant","public","administration_membership_integrity_snapshot.service_role.INSERT","DEV_ONLY","e2cbe87e875a","","CURATE_IN_COMPATIBILITY_BRIDGE"
"B1_OWNED_TABLE","table_grant","public","administration_membership_integrity_snapshot.service_role.REFERENCES","DEV_ONLY","5a2509f66233","","CURATE_IN_COMPATIBILITY_BRIDGE"
"B1_OWNED_TABLE","table_grant","public","administration_membership_integrity_snapshot.service_role.SELECT","DEV_ONLY","6bee3aa826e8","","CURATE_IN_COMPATIBILITY_BRIDGE"
"B1_OWNED_TABLE","table_grant","public","administration_membership_integrity_snapshot.service_role.TRIGGER","DEV_ONLY","6149e95eb297","","CURATE_IN_COMPATIBILITY_BRIDGE"
"B1_OWNED_TABLE","table_grant","public","administration_membership_integrity_snapshot.service_role.TRUNCATE","DEV_ONLY","f4abb717ea02","","CURATE_IN_COMPATIBILITY_BRIDGE"
"B1_OWNED_TABLE","table_grant","public","administration_membership_integrity_snapshot.service_role.UPDATE","DEV_ONLY","c2c91aa6f56b","","CURATE_IN_COMPATIBILITY_BRIDGE"
"B1_OWNED_TABLE","table_grant","public","module_feature_flags.authenticated.SELECT","DEV_ONLY","aa8b5d01039f","","CURATE_IN_COMPATIBILITY_BRIDGE"
"B1_OWNED_TABLE","table_grant","public","module_feature_flags.postgres.DELETE","DEV_ONLY","b1d21ee8d93b","","CURATE_IN_COMPATIBILITY_BRIDGE"
"B1_OWNED_TABLE","table_grant","public","module_feature_flags.postgres.INSERT","DEV_ONLY","bbf7af03eef5","","CURATE_IN_COMPATIBILITY_BRIDGE"
"B1_OWNED_TABLE","table_grant","public","module_feature_flags.postgres.REFERENCES","DEV_ONLY","72aa7de5f690","","CURATE_IN_COMPATIBILITY_BRIDGE"
"B1_OWNED_TABLE","table_grant","public","module_feature_flags.postgres.SELECT","DEV_ONLY","a637b8cf47fc","","CURATE_IN_COMPATIBILITY_BRIDGE"
"B1_OWNED_TABLE","table_grant","public","module_feature_flags.postgres.TRIGGER","DEV_ONLY","b730d96fd6e0","","CURATE_IN_COMPATIBILITY_BRIDGE"
"B1_OWNED_TABLE","table_grant","public","module_feature_flags.postgres.TRUNCATE","DEV_ONLY","5efa6a3f72a8","","CURATE_IN_COMPATIBILITY_BRIDGE"
"B1_OWNED_TABLE","table_grant","public","module_feature_flags.postgres.UPDATE","DEV_ONLY","4d1f824fe805","","CURATE_IN_COMPATIBILITY_BRIDGE"
"B1_OWNED_TABLE","table_grant","public","module_feature_flags.service_role.DELETE","DEV_ONLY","4440bec4e530","","CURATE_IN_COMPATIBILITY_BRIDGE"
"B1_OWNED_TABLE","table_grant","public","module_feature_flags.service_role.INSERT","DEV_ONLY","97512bc4d6d5","","CURATE_IN_COMPATIBILITY_BRIDGE"
"B1_OWNED_TABLE","table_grant","public","module_feature_flags.service_role.REFERENCES","DEV_ONLY","7cf52fffe3ce","","CURATE_IN_COMPATIBILITY_BRIDGE"
"B1_OWNED_TABLE","table_grant","public","module_feature_flags.service_role.SELECT","DEV_ONLY","54f209d3291d","","CURATE_IN_COMPATIBILITY_BRIDGE"
"B1_OWNED_TABLE","table_grant","public","module_feature_flags.service_role.TRIGGER","DEV_ONLY","683ecf4cc24f","","CURATE_IN_COMPATIBILITY_BRIDGE"
"B1_OWNED_TABLE","table_grant","public","module_feature_flags.service_role.TRUNCATE","DEV_ONLY","007594194ba5","","CURATE_IN_COMPATIBILITY_BRIDGE"
"B1_OWNED_TABLE","table_grant","public","module_feature_flags.service_role.UPDATE","DEV_ONLY","f310ca702f3f","","CURATE_IN_COMPATIBILITY_BRIDGE"
"B1_OWNED_TABLE","table_grant","public","permission_assignments.postgres.DELETE","DEV_ONLY","b7e94d0a8f26","","CURATE_IN_COMPATIBILITY_BRIDGE"
"B1_OWNED_TABLE","table_grant","public","permission_assignments.postgres.INSERT","DEV_ONLY","c08c5e94e9a4","","CURATE_IN_COMPATIBILITY_BRIDGE"
"B1_OWNED_TABLE","table_grant","public","permission_assignments.postgres.REFERENCES","DEV_ONLY","15e93816f316","","CURATE_IN_COMPATIBILITY_BRIDGE"
"B1_OWNED_TABLE","table_grant","public","permission_assignments.postgres.SELECT","DEV_ONLY","178cd7e1e4a7","","CURATE_IN_COMPATIBILITY_BRIDGE"
"B1_OWNED_TABLE","table_grant","public","permission_assignments.postgres.TRIGGER","DEV_ONLY","9adb8c9daca4","","CURATE_IN_COMPATIBILITY_BRIDGE"
"B1_OWNED_TABLE","table_grant","public","permission_assignments.postgres.TRUNCATE","DEV_ONLY","e983f99ddc3a","","CURATE_IN_COMPATIBILITY_BRIDGE"
"B1_OWNED_TABLE","table_grant","public","permission_assignments.postgres.UPDATE","DEV_ONLY","a1db11a8534f","","CURATE_IN_COMPATIBILITY_BRIDGE"
"B1_OWNED_TABLE","table_grant","public","permission_assignments.service_role.DELETE","DEV_ONLY","610aa9f62943","","CURATE_IN_COMPATIBILITY_BRIDGE"
"B1_OWNED_TABLE","table_grant","public","permission_assignments.service_role.INSERT","DEV_ONLY","8ce08e966d63","","CURATE_IN_COMPATIBILITY_BRIDGE"
"B1_OWNED_TABLE","table_grant","public","permission_assignments.service_role.REFERENCES","DEV_ONLY","a184a737c695","","CURATE_IN_COMPATIBILITY_BRIDGE"
"B1_OWNED_TABLE","table_grant","public","permission_assignments.service_role.SELECT","DEV_ONLY","ad507726b616","","CURATE_IN_COMPATIBILITY_BRIDGE"
"B1_OWNED_TABLE","table_grant","public","permission_assignments.service_role.TRIGGER","DEV_ONLY","d934c311061f","","CURATE_IN_COMPATIBILITY_BRIDGE"
"B1_OWNED_TABLE","table_grant","public","permission_assignments.service_role.TRUNCATE","DEV_ONLY","c0915f0f727c","","CURATE_IN_COMPATIBILITY_BRIDGE"
"B1_OWNED_TABLE","table_grant","public","permission_assignments.service_role.UPDATE","DEV_ONLY","aada4866ad3e","","CURATE_IN_COMPATIBILITY_BRIDGE"
"B1_OWNED_TABLE","table_grant","public","permission_catalogue.authenticated.SELECT","DEV_ONLY","d84d53cb9999","","CURATE_IN_COMPATIBILITY_BRIDGE"
"B1_OWNED_TABLE","table_grant","public","permission_catalogue.postgres.DELETE","DEV_ONLY","7bceea849bb3","","CURATE_IN_COMPATIBILITY_BRIDGE"
"B1_OWNED_TABLE","table_grant","public","permission_catalogue.postgres.INSERT","DEV_ONLY","c0854cd8a171","","CURATE_IN_COMPATIBILITY_BRIDGE"
"B1_OWNED_TABLE","table_grant","public","permission_catalogue.postgres.REFERENCES","DEV_ONLY","abe87ba35b62","","CURATE_IN_COMPATIBILITY_BRIDGE"
"B1_OWNED_TABLE","table_grant","public","permission_catalogue.postgres.SELECT","DEV_ONLY","88f5e4d64a66","","CURATE_IN_COMPATIBILITY_BRIDGE"
"B1_OWNED_TABLE","table_grant","public","permission_catalogue.postgres.TRIGGER","DEV_ONLY","ea6dcee3a1c0","","CURATE_IN_COMPATIBILITY_BRIDGE"
"B1_OWNED_TABLE","table_grant","public","permission_catalogue.postgres.TRUNCATE","DEV_ONLY","0fe581d612e2","","CURATE_IN_COMPATIBILITY_BRIDGE"
"B1_OWNED_TABLE","table_grant","public","permission_catalogue.postgres.UPDATE","DEV_ONLY","711e7dbc31cc","","CURATE_IN_COMPATIBILITY_BRIDGE"
"B1_OWNED_TABLE","table_grant","public","permission_catalogue.service_role.DELETE","DEV_ONLY","8bcde24621ce","","CURATE_IN_COMPATIBILITY_BRIDGE"
"B1_OWNED_TABLE","table_grant","public","permission_catalogue.service_role.INSERT","DEV_ONLY","b4502a10e3f3","","CURATE_IN_COMPATIBILITY_BRIDGE"
"B1_OWNED_TABLE","table_grant","public","permission_catalogue.service_role.REFERENCES","DEV_ONLY","d61c35755b58","","CURATE_IN_COMPATIBILITY_BRIDGE"
"B1_OWNED_TABLE","table_grant","public","permission_catalogue.service_role.SELECT","DEV_ONLY","cff0725f0f64","","CURATE_IN_COMPATIBILITY_BRIDGE"
"B1_OWNED_TABLE","table_grant","public","permission_catalogue.service_role.TRIGGER","DEV_ONLY","0472d1885fac","","CURATE_IN_COMPATIBILITY_BRIDGE"
"B1_OWNED_TABLE","table_grant","public","permission_catalogue.service_role.TRUNCATE","DEV_ONLY","27c50b807b00","","CURATE_IN_COMPATIBILITY_BRIDGE"
"B1_OWNED_TABLE","table_grant","public","permission_catalogue.service_role.UPDATE","DEV_ONLY","f533f3778808","","CURATE_IN_COMPATIBILITY_BRIDGE"
"B1_OWNED_TABLE","table_grant","public","permission_group_members.postgres.DELETE","DEV_ONLY","96497a47e1f6","","CURATE_IN_COMPATIBILITY_BRIDGE"
"B1_OWNED_TABLE","table_grant","public","permission_group_members.postgres.INSERT","DEV_ONLY","d8a66fe9238c","","CURATE_IN_COMPATIBILITY_BRIDGE"
"B1_OWNED_TABLE","table_grant","public","permission_group_members.postgres.REFERENCES","DEV_ONLY","a89c500a0b60","","CURATE_IN_COMPATIBILITY_BRIDGE"
"B1_OWNED_TABLE","table_grant","public","permission_group_members.postgres.SELECT","DEV_ONLY","f0d029dda1df","","CURATE_IN_COMPATIBILITY_BRIDGE"
"B1_OWNED_TABLE","table_grant","public","permission_group_members.postgres.TRIGGER","DEV_ONLY","a30bd7f3f74f","","CURATE_IN_COMPATIBILITY_BRIDGE"
"B1_OWNED_TABLE","table_grant","public","permission_group_members.postgres.TRUNCATE","DEV_ONLY","274ad1e70e82","","CURATE_IN_COMPATIBILITY_BRIDGE"
"B1_OWNED_TABLE","table_grant","public","permission_group_members.postgres.UPDATE","DEV_ONLY","75698545f5ce","","CURATE_IN_COMPATIBILITY_BRIDGE"
"B1_OWNED_TABLE","table_grant","public","permission_group_members.service_role.DELETE","DEV_ONLY","1be7cb3380dc","","CURATE_IN_COMPATIBILITY_BRIDGE"
"B1_OWNED_TABLE","table_grant","public","permission_group_members.service_role.INSERT","DEV_ONLY","af1145e67ff2","","CURATE_IN_COMPATIBILITY_BRIDGE"
"B1_OWNED_TABLE","table_grant","public","permission_group_members.service_role.REFERENCES","DEV_ONLY","b671634e62de","","CURATE_IN_COMPATIBILITY_BRIDGE"
"B1_OWNED_TABLE","table_grant","public","permission_group_members.service_role.SELECT","DEV_ONLY","dba1cfbd63e2","","CURATE_IN_COMPATIBILITY_BRIDGE"
"B1_OWNED_TABLE","table_grant","public","permission_group_members.service_role.TRIGGER","DEV_ONLY","f4a6c89051f5","","CURATE_IN_COMPATIBILITY_BRIDGE"
"B1_OWNED_TABLE","table_grant","public","permission_group_members.service_role.TRUNCATE","DEV_ONLY","ee5030aba7c3","","CURATE_IN_COMPATIBILITY_BRIDGE"
"B1_OWNED_TABLE","table_grant","public","permission_group_members.service_role.UPDATE","DEV_ONLY","776553f8a396","","CURATE_IN_COMPATIBILITY_BRIDGE"
"B1_OWNED_TABLE","table_grant","public","permission_groups.postgres.DELETE","DEV_ONLY","002de53f37eb","","CURATE_IN_COMPATIBILITY_BRIDGE"
"B1_OWNED_TABLE","table_grant","public","permission_groups.postgres.INSERT","DEV_ONLY","1b36c0661b4a","","CURATE_IN_COMPATIBILITY_BRIDGE"
"B1_OWNED_TABLE","table_grant","public","permission_groups.postgres.REFERENCES","DEV_ONLY","e9a473b337be","","CURATE_IN_COMPATIBILITY_BRIDGE"
"B1_OWNED_TABLE","table_grant","public","permission_groups.postgres.SELECT","DEV_ONLY","d53db655841d","","CURATE_IN_COMPATIBILITY_BRIDGE"
"B1_OWNED_TABLE","table_grant","public","permission_groups.postgres.TRIGGER","DEV_ONLY","59c51d9acbfb","","CURATE_IN_COMPATIBILITY_BRIDGE"
"B1_OWNED_TABLE","table_grant","public","permission_groups.postgres.TRUNCATE","DEV_ONLY","fc7ea7d3c448","","CURATE_IN_COMPATIBILITY_BRIDGE"
"B1_OWNED_TABLE","table_grant","public","permission_groups.postgres.UPDATE","DEV_ONLY","0c540cbf2f72","","CURATE_IN_COMPATIBILITY_BRIDGE"
"B1_OWNED_TABLE","table_grant","public","permission_groups.service_role.DELETE","DEV_ONLY","d10638cfb754","","CURATE_IN_COMPATIBILITY_BRIDGE"
"B1_OWNED_TABLE","table_grant","public","permission_groups.service_role.INSERT","DEV_ONLY","79a765f783d6","","CURATE_IN_COMPATIBILITY_BRIDGE"
"B1_OWNED_TABLE","table_grant","public","permission_groups.service_role.REFERENCES","DEV_ONLY","d0664b2f182b","","CURATE_IN_COMPATIBILITY_BRIDGE"
"B1_OWNED_TABLE","table_grant","public","permission_groups.service_role.SELECT","DEV_ONLY","b6dbfaf83a20","","CURATE_IN_COMPATIBILITY_BRIDGE"
"B1_OWNED_TABLE","table_grant","public","permission_groups.service_role.TRIGGER","DEV_ONLY","60d9a5fea4e9","","CURATE_IN_COMPATIBILITY_BRIDGE"
"B1_OWNED_TABLE","table_grant","public","permission_groups.service_role.TRUNCATE","DEV_ONLY","59385aaf5345","","CURATE_IN_COMPATIBILITY_BRIDGE"
"B1_OWNED_TABLE","table_grant","public","permission_groups.service_role.UPDATE","DEV_ONLY","470613a36fd6","","CURATE_IN_COMPATIBILITY_BRIDGE"
"B1_OWNED_TABLE","table_grant","public","permission_overrides.postgres.DELETE","DEV_ONLY","32eb910ead13","","CURATE_IN_COMPATIBILITY_BRIDGE"
"B1_OWNED_TABLE","table_grant","public","permission_overrides.postgres.INSERT","DEV_ONLY","63584e3bc0fc","","CURATE_IN_COMPATIBILITY_BRIDGE"
"B1_OWNED_TABLE","table_grant","public","permission_overrides.postgres.REFERENCES","DEV_ONLY","665165e6f1e4","","CURATE_IN_COMPATIBILITY_BRIDGE"
"B1_OWNED_TABLE","table_grant","public","permission_overrides.postgres.SELECT","DEV_ONLY","2d7e14e49e90","","CURATE_IN_COMPATIBILITY_BRIDGE"
"B1_OWNED_TABLE","table_grant","public","permission_overrides.postgres.TRIGGER","DEV_ONLY","000e73b5616f","","CURATE_IN_COMPATIBILITY_BRIDGE"
"B1_OWNED_TABLE","table_grant","public","permission_overrides.postgres.TRUNCATE","DEV_ONLY","cf6e3512601f","","CURATE_IN_COMPATIBILITY_BRIDGE"
"B1_OWNED_TABLE","table_grant","public","permission_overrides.postgres.UPDATE","DEV_ONLY","b685d25a4afd","","CURATE_IN_COMPATIBILITY_BRIDGE"
"B1_OWNED_TABLE","table_grant","public","permission_overrides.service_role.DELETE","DEV_ONLY","64ac84ba3664","","CURATE_IN_COMPATIBILITY_BRIDGE"
"B1_OWNED_TABLE","table_grant","public","permission_overrides.service_role.INSERT","DEV_ONLY","6e3354581727","","CURATE_IN_COMPATIBILITY_BRIDGE"
"B1_OWNED_TABLE","table_grant","public","permission_overrides.service_role.REFERENCES","DEV_ONLY","c9614eaf1524","","CURATE_IN_COMPATIBILITY_BRIDGE"
"B1_OWNED_TABLE","table_grant","public","permission_overrides.service_role.SELECT","DEV_ONLY","5316f613a824","","CURATE_IN_COMPATIBILITY_BRIDGE"
"B1_OWNED_TABLE","table_grant","public","permission_overrides.service_role.TRIGGER","DEV_ONLY","f1db8246342f","","CURATE_IN_COMPATIBILITY_BRIDGE"
"B1_OWNED_TABLE","table_grant","public","permission_overrides.service_role.TRUNCATE","DEV_ONLY","2a12914c003e","","CURATE_IN_COMPATIBILITY_BRIDGE"
"B1_OWNED_TABLE","table_grant","public","permission_overrides.service_role.UPDATE","DEV_ONLY","1db55fa1faaa","","CURATE_IN_COMPATIBILITY_BRIDGE"
"B1_OWNED_TABLE","table_grant","public","permission_set_permissions.postgres.DELETE","DEV_ONLY","116fca22026b","","CURATE_IN_COMPATIBILITY_BRIDGE"
"B1_OWNED_TABLE","table_grant","public","permission_set_permissions.postgres.INSERT","DEV_ONLY","772aa312ec31","","CURATE_IN_COMPATIBILITY_BRIDGE"
"B1_OWNED_TABLE","table_grant","public","permission_set_permissions.postgres.REFERENCES","DEV_ONLY","dee69d14c720","","CURATE_IN_COMPATIBILITY_BRIDGE"
"B1_OWNED_TABLE","table_grant","public","permission_set_permissions.postgres.SELECT","DEV_ONLY","b030d5a628bc","","CURATE_IN_COMPATIBILITY_BRIDGE"
"B1_OWNED_TABLE","table_grant","public","permission_set_permissions.postgres.TRIGGER","DEV_ONLY","7a0c3886af17","","CURATE_IN_COMPATIBILITY_BRIDGE"
"B1_OWNED_TABLE","table_grant","public","permission_set_permissions.postgres.TRUNCATE","DEV_ONLY","705903128b25","","CURATE_IN_COMPATIBILITY_BRIDGE"
"B1_OWNED_TABLE","table_grant","public","permission_set_permissions.postgres.UPDATE","DEV_ONLY","06e20f106975","","CURATE_IN_COMPATIBILITY_BRIDGE"
"B1_OWNED_TABLE","table_grant","public","permission_set_permissions.service_role.DELETE","DEV_ONLY","89dfed4ee21a","","CURATE_IN_COMPATIBILITY_BRIDGE"
"B1_OWNED_TABLE","table_grant","public","permission_set_permissions.service_role.INSERT","DEV_ONLY","98eb45fd2c0d","","CURATE_IN_COMPATIBILITY_BRIDGE"
"B1_OWNED_TABLE","table_grant","public","permission_set_permissions.service_role.REFERENCES","DEV_ONLY","b5ce817943d5","","CURATE_IN_COMPATIBILITY_BRIDGE"
"B1_OWNED_TABLE","table_grant","public","permission_set_permissions.service_role.SELECT","DEV_ONLY","7ac951cfb4d3","","CURATE_IN_COMPATIBILITY_BRIDGE"
"B1_OWNED_TABLE","table_grant","public","permission_set_permissions.service_role.TRIGGER","DEV_ONLY","207760b16c14","","CURATE_IN_COMPATIBILITY_BRIDGE"
"B1_OWNED_TABLE","table_grant","public","permission_set_permissions.service_role.TRUNCATE","DEV_ONLY","607884774fd1","","CURATE_IN_COMPATIBILITY_BRIDGE"
"B1_OWNED_TABLE","table_grant","public","permission_set_permissions.service_role.UPDATE","DEV_ONLY","2ab66cf44029","","CURATE_IN_COMPATIBILITY_BRIDGE"
"B1_OWNED_TABLE","table_grant","public","permission_sets.postgres.DELETE","DEV_ONLY","a1c530e70bf7","","CURATE_IN_COMPATIBILITY_BRIDGE"
"B1_OWNED_TABLE","table_grant","public","permission_sets.postgres.INSERT","DEV_ONLY","b72dd7756104","","CURATE_IN_COMPATIBILITY_BRIDGE"
"B1_OWNED_TABLE","table_grant","public","permission_sets.postgres.REFERENCES","DEV_ONLY","1de4d03371fc","","CURATE_IN_COMPATIBILITY_BRIDGE"
"B1_OWNED_TABLE","table_grant","public","permission_sets.postgres.SELECT","DEV_ONLY","d9e8509a5d43","","CURATE_IN_COMPATIBILITY_BRIDGE"
"B1_OWNED_TABLE","table_grant","public","permission_sets.postgres.TRIGGER","DEV_ONLY","bc980b6bfbea","","CURATE_IN_COMPATIBILITY_BRIDGE"
"B1_OWNED_TABLE","table_grant","public","permission_sets.postgres.TRUNCATE","DEV_ONLY","f4358fd4eb52","","CURATE_IN_COMPATIBILITY_BRIDGE"
"B1_OWNED_TABLE","table_grant","public","permission_sets.postgres.UPDATE","DEV_ONLY","51361e06038d","","CURATE_IN_COMPATIBILITY_BRIDGE"
"B1_OWNED_TABLE","table_grant","public","permission_sets.service_role.DELETE","DEV_ONLY","6ac624b2216a","","CURATE_IN_COMPATIBILITY_BRIDGE"
"B1_OWNED_TABLE","table_grant","public","permission_sets.service_role.INSERT","DEV_ONLY","1b400cfe589f","","CURATE_IN_COMPATIBILITY_BRIDGE"
"B1_OWNED_TABLE","table_grant","public","permission_sets.service_role.REFERENCES","DEV_ONLY","07b3ea12021c","","CURATE_IN_COMPATIBILITY_BRIDGE"
"B1_OWNED_TABLE","table_grant","public","permission_sets.service_role.SELECT","DEV_ONLY","6dff0d75a007","","CURATE_IN_COMPATIBILITY_BRIDGE"
"B1_OWNED_TABLE","table_grant","public","permission_sets.service_role.TRIGGER","DEV_ONLY","7b5aa58a6e92","","CURATE_IN_COMPATIBILITY_BRIDGE"
"B1_OWNED_TABLE","table_grant","public","permission_sets.service_role.TRUNCATE","DEV_ONLY","c10d3f6d07e2","","CURATE_IN_COMPATIBILITY_BRIDGE"
"B1_OWNED_TABLE","table_grant","public","permission_sets.service_role.UPDATE","DEV_ONLY","745b053449ec","","CURATE_IN_COMPATIBILITY_BRIDGE"
"B1_OWNED_TABLE","table_grant","public","primary_change_requests.anon.DELETE","MATCH","d87363ea2b8a","d87363ea2b8a","NO_CHANGE"
"B1_OWNED_TABLE","table_grant","public","primary_change_requests.anon.INSERT","MATCH","6e513cc7cc45","6e513cc7cc45","NO_CHANGE"
"B1_OWNED_TABLE","table_grant","public","primary_change_requests.anon.REFERENCES","MATCH","c0ba1212bef6","c0ba1212bef6","NO_CHANGE"
"B1_OWNED_TABLE","table_grant","public","primary_change_requests.anon.SELECT","MATCH","1d3b3f1a151e","1d3b3f1a151e","NO_CHANGE"
"B1_OWNED_TABLE","table_grant","public","primary_change_requests.anon.TRIGGER","MATCH","da4579933526","da4579933526","NO_CHANGE"
"B1_OWNED_TABLE","table_grant","public","primary_change_requests.anon.TRUNCATE","MATCH","2e8238526c8a","2e8238526c8a","NO_CHANGE"
"B1_OWNED_TABLE","table_grant","public","primary_change_requests.anon.UPDATE","MATCH","8e8fe996b09e","8e8fe996b09e","NO_CHANGE"
"B1_OWNED_TABLE","table_grant","public","primary_change_requests.authenticated.DELETE","MATCH","037eca62d190","037eca62d190","NO_CHANGE"
"B1_OWNED_TABLE","table_grant","public","primary_change_requests.authenticated.INSERT","MATCH","8689be2da2cd","8689be2da2cd","NO_CHANGE"
"B1_OWNED_TABLE","table_grant","public","primary_change_requests.authenticated.REFERENCES","MATCH","54fb153f3013","54fb153f3013","NO_CHANGE"
"B1_OWNED_TABLE","table_grant","public","primary_change_requests.authenticated.SELECT","MATCH","7bd008516081","7bd008516081","NO_CHANGE"
"B1_OWNED_TABLE","table_grant","public","primary_change_requests.authenticated.TRIGGER","MATCH","6eb721dc4436","6eb721dc4436","NO_CHANGE"
"B1_OWNED_TABLE","table_grant","public","primary_change_requests.authenticated.TRUNCATE","MATCH","de428e4cc029","de428e4cc029","NO_CHANGE"
"B1_OWNED_TABLE","table_grant","public","primary_change_requests.authenticated.UPDATE","MATCH","c057836e76d8","c057836e76d8","NO_CHANGE"
"B1_OWNED_TABLE","table_grant","public","primary_change_requests.postgres.DELETE","MATCH","47809d732260","47809d732260","NO_CHANGE"
"B1_OWNED_TABLE","table_grant","public","primary_change_requests.postgres.INSERT","MATCH","c8952357b551","c8952357b551","NO_CHANGE"
"B1_OWNED_TABLE","table_grant","public","primary_change_requests.postgres.REFERENCES","MATCH","c8652eb0d591","c8652eb0d591","NO_CHANGE"
"B1_OWNED_TABLE","table_grant","public","primary_change_requests.postgres.SELECT","MATCH","679139756ba4","679139756ba4","NO_CHANGE"
"B1_OWNED_TABLE","table_grant","public","primary_change_requests.postgres.TRIGGER","MATCH","b85be0cd1970","b85be0cd1970","NO_CHANGE"
"B1_OWNED_TABLE","table_grant","public","primary_change_requests.postgres.TRUNCATE","MATCH","88c7d354aa90","88c7d354aa90","NO_CHANGE"
"B1_OWNED_TABLE","table_grant","public","primary_change_requests.postgres.UPDATE","MATCH","cc1cff534015","cc1cff534015","NO_CHANGE"
"B1_OWNED_TABLE","table_grant","public","primary_change_requests.service_role.DELETE","MATCH","f4b74b75d1ae","f4b74b75d1ae","NO_CHANGE"
"B1_OWNED_TABLE","table_grant","public","primary_change_requests.service_role.INSERT","MATCH","e5211914ee18","e5211914ee18","NO_CHANGE"
"B1_OWNED_TABLE","table_grant","public","primary_change_requests.service_role.REFERENCES","MATCH","b12577e213e5","b12577e213e5","NO_CHANGE"
"B1_OWNED_TABLE","table_grant","public","primary_change_requests.service_role.SELECT","MATCH","a05cb3bd5076","a05cb3bd5076","NO_CHANGE"
"B1_OWNED_TABLE","table_grant","public","primary_change_requests.service_role.TRIGGER","MATCH","e021f101670a","e021f101670a","NO_CHANGE"
"B1_OWNED_TABLE","table_grant","public","primary_change_requests.service_role.TRUNCATE","MATCH","e2f073dabfe9","e2f073dabfe9","NO_CHANGE"
"B1_OWNED_TABLE","table_grant","public","primary_change_requests.service_role.UPDATE","MATCH","4a85595ed59d","4a85595ed59d","NO_CHANGE"
"B1_OWNED_TABLE","table","private","auth_session_permission_modes","DEV_ONLY","e5fb3d16477f","","CURATE_IN_COMPATIBILITY_BRIDGE"
"B1_OWNED_TABLE","table","public","administration_audit_log","DEV_ONLY","3bb4fc70da4b","","CURATE_IN_COMPATIBILITY_BRIDGE"
"B1_OWNED_TABLE","table","public","administration_integrity_snapshot_batches","DEV_ONLY","569379f68470","","CURATE_IN_COMPATIBILITY_BRIDGE"
"B1_OWNED_TABLE","table","public","administration_membership_integrity_snapshot","DEV_ONLY","fe2d3b43988b","","CURATE_IN_COMPATIBILITY_BRIDGE"
"B1_OWNED_TABLE","table","public","module_feature_flags","DEV_ONLY","4787c47593d8","","CURATE_IN_COMPATIBILITY_BRIDGE"
"B1_OWNED_TABLE","table","public","permission_assignments","DEV_ONLY","3cfcf02ea8a2","","CURATE_IN_COMPATIBILITY_BRIDGE"
"B1_OWNED_TABLE","table","public","permission_catalogue","DEV_ONLY","55ceb976b91c","","CURATE_IN_COMPATIBILITY_BRIDGE"
"B1_OWNED_TABLE","table","public","permission_group_members","DEV_ONLY","9ed1792a0ae0","","CURATE_IN_COMPATIBILITY_BRIDGE"
"B1_OWNED_TABLE","table","public","permission_groups","DEV_ONLY","10b386c8eff2","","CURATE_IN_COMPATIBILITY_BRIDGE"
"B1_OWNED_TABLE","table","public","permission_overrides","DEV_ONLY","e784bcb9f398","","CURATE_IN_COMPATIBILITY_BRIDGE"
"B1_OWNED_TABLE","table","public","permission_set_permissions","DEV_ONLY","24dd025e5540","","CURATE_IN_COMPATIBILITY_BRIDGE"
"B1_OWNED_TABLE","table","public","permission_sets","DEV_ONLY","913659b29a67","","CURATE_IN_COMPATIBILITY_BRIDGE"
"B1_OWNED_TABLE","table","public","primary_change_requests","MATCH","3d26d7ebd1d3","3d26d7ebd1d3","NO_CHANGE"
"B1_OWNED_TABLE","trigger","public","permission_assignments.permission_assignment_scope_guard","DEV_ONLY","254cbe2f0722","","CURATE_IN_COMPATIBILITY_BRIDGE"
"B1_OWNED_TABLE","trigger","public","permission_assignments.protect_coordination_system_assignments","DEV_ONLY","627b6d2f35fc","","CURATE_IN_COMPATIBILITY_BRIDGE"
"B1_OWNED_TABLE","trigger","public","permission_set_permissions.protect_coordination_system_set_permissions","DEV_ONLY","d67200e7caf0","","CURATE_IN_COMPATIBILITY_BRIDGE"
"B1_OWNED_TABLE","trigger","public","permission_sets.permission_set_owner_scope_guard","DEV_ONLY","ce877006aff1","","CURATE_IN_COMPATIBILITY_BRIDGE"
"B1_OWNED_TABLE","trigger","public","permission_sets.protect_coordination_system_permission_set","DEV_ONLY","849fe3bb57ae","","CURATE_IN_COMPATIBILITY_BRIDGE"
"B1_SEQUENCE","sequence","private","auth_session_permission_mode_revision_seq","DEV_ONLY","25a7d1f48ece","","CURATE_IN_COMPATIBILITY_BRIDGE"
"DEPENDENCY_TABLE","constraint","public","associations.associations_abbreviation_key","MATCH","886862b2852c","886862b2852c","VERIFY_DEPENDENCY_ONLY"
"DEPENDENCY_TABLE","constraint","public","associations.associations_default_match_duration_minutes_check","MATCH","1a43b27e267f","1a43b27e267f","VERIFY_DEPENDENCY_ONLY"
"DEPENDENCY_TABLE","constraint","public","associations.associations_fill_in_access_grace_minutes_check","MATCH","396a653c6da1","396a653c6da1","VERIFY_DEPENDENCY_ONLY"
"DEPENDENCY_TABLE","constraint","public","associations.associations_pkey","MATCH","314ccb64b087","314ccb64b087","VERIFY_DEPENDENCY_ONLY"
"DEPENDENCY_TABLE","constraint","public","clubs.clubs_abbreviation_key","MATCH","907da1153c7d","907da1153c7d","VERIFY_DEPENDENCY_ONLY"
"DEPENDENCY_TABLE","constraint","public","clubs.clubs_association_id_fkey","MATCH","03b85ee52ffd","03b85ee52ffd","VERIFY_DEPENDENCY_ONLY"
"DEPENDENCY_TABLE","constraint","public","clubs.clubs_pkey","MATCH","9ba0eb573624","9ba0eb573624","VERIFY_DEPENDENCY_ONLY"
"DEPENDENCY_TABLE","constraint","public","divisions.divisions_association_id_fkey","MATCH","abe175792dd9","abe175792dd9","VERIFY_DEPENDENCY_ONLY"
"DEPENDENCY_TABLE","constraint","public","divisions.divisions_competition_id_fkey","MATCH","bbd07c05e1fc","bbd07c05e1fc","VERIFY_DEPENDENCY_ONLY"
"DEPENDENCY_TABLE","constraint","public","divisions.divisions_default_match_duration_minutes_check","MATCH","3365c72c9002","3365c72c9002","VERIFY_DEPENDENCY_ONLY"
"DEPENDENCY_TABLE","constraint","public","divisions.divisions_pkey","MATCH","8e6cb656b9cb","8e6cb656b9cb","VERIFY_DEPENDENCY_ONLY"
"DEPENDENCY_TABLE","constraint","public","divisions.divisions_season_id_fkey","MATCH","bf204e29c98b","bf204e29c98b","VERIFY_DEPENDENCY_ONLY"
"DEPENDENCY_TABLE","constraint","public","divisions.divisions_umpire_vote_scheme_key_check","DEV_ONLY","fee1f33a538c","","VERIFY_DEPENDENCY_ONLY"
"DEPENDENCY_TABLE","constraint","public","profiles.profiles_id_fkey","MATCH","59cdb0df57de","59cdb0df57de","VERIFY_DEPENDENCY_ONLY"
"DEPENDENCY_TABLE","constraint","public","profiles.profiles_pkey","MATCH","a53b46fb9e77","a53b46fb9e77","VERIFY_DEPENDENCY_ONLY"
"DEPENDENCY_TABLE","constraint","public","profiles.profiles_registered_club_id_fkey","MATCH","a0ff86b2f9e7","a0ff86b2f9e7","VERIFY_DEPENDENCY_ONLY"
"DEPENDENCY_TABLE","constraint","public","profiles.profiles_theme_preference_check","MATCH","422b9ff9cb50","422b9ff9cb50","VERIFY_DEPENDENCY_ONLY"
"DEPENDENCY_TABLE","constraint","public","requests.requests_association_id_fkey","MATCH","00cbe45adfc7","00cbe45adfc7","VERIFY_DEPENDENCY_ONLY"
"DEPENDENCY_TABLE","constraint","public","requests.requests_cancelled_by_fkey","MATCH","4ef723b78a74","4ef723b78a74","VERIFY_DEPENDENCY_ONLY"
"DEPENDENCY_TABLE","constraint","public","requests.requests_club_id_fkey","MATCH","98022752c185","98022752c185","VERIFY_DEPENDENCY_ONLY"
"DEPENDENCY_TABLE","constraint","public","requests.requests_membership_type_check","MATCH","33a881c5b2c3","33a881c5b2c3","VERIFY_DEPENDENCY_ONLY"
"DEPENDENCY_TABLE","constraint","public","requests.requests_pkey","MATCH","40b654e6fcf3","40b654e6fcf3","VERIFY_DEPENDENCY_ONLY"
"DEPENDENCY_TABLE","constraint","public","requests.requests_requester_id_fkey","MATCH","8954b7f53ad3","8954b7f53ad3","VERIFY_DEPENDENCY_ONLY"
"DEPENDENCY_TABLE","constraint","public","requests.requests_responded_by_fkey","MATCH","26a5b39064ef","26a5b39064ef","VERIFY_DEPENDENCY_ONLY"
"DEPENDENCY_TABLE","constraint","public","requests.requests_target_user_id_fkey","MATCH","f4f1b4f69a21","f4f1b4f69a21","VERIFY_DEPENDENCY_ONLY"
"DEPENDENCY_TABLE","constraint","public","requests.requests_team_id_fkey","MATCH","be4a7419043a","be4a7419043a","VERIFY_DEPENDENCY_ONLY"
"DEPENDENCY_TABLE","constraint","public","team_memberships.team_memberships_invited_by_fkey","MATCH","e5d2e912927e","e5d2e912927e","VERIFY_DEPENDENCY_ONLY"
"DEPENDENCY_TABLE","constraint","public","team_memberships.team_memberships_pkey","MATCH","cbb24be8c3bd","cbb24be8c3bd","VERIFY_DEPENDENCY_ONLY"
"DEPENDENCY_TABLE","constraint","public","team_memberships.team_memberships_team_id_fkey","MATCH","9de13b2963c0","9de13b2963c0","VERIFY_DEPENDENCY_ONLY"
"DEPENDENCY_TABLE","constraint","public","team_memberships.team_memberships_user_id_fkey","MATCH","7af25dba1c59","7af25dba1c59","VERIFY_DEPENDENCY_ONLY"
"DEPENDENCY_TABLE","constraint","public","teams.teams_abbreviation_key","MATCH","73bb8c308e20","73bb8c308e20","VERIFY_DEPENDENCY_ONLY"
"DEPENDENCY_TABLE","constraint","public","teams.teams_club_id_fkey","MATCH","e7dc27b14b5e","e7dc27b14b5e","VERIFY_DEPENDENCY_ONLY"
"DEPENDENCY_TABLE","constraint","public","teams.teams_division_id_fkey","MATCH","8b19d4ded96a","8b19d4ded96a","VERIFY_DEPENDENCY_ONLY"
"DEPENDENCY_TABLE","constraint","public","teams.teams_home_venue_id_fkey","MATCH","769d958c0816","769d958c0816","VERIFY_DEPENDENCY_ONLY"
"DEPENDENCY_TABLE","constraint","public","teams.teams_pkey","MATCH","fe1e19c12770","fe1e19c12770","VERIFY_DEPENDENCY_ONLY"
"DEPENDENCY_TABLE","constraint","public","user_roles.user_roles_association_id_fkey","MATCH","3409252de0c4","3409252de0c4","VERIFY_DEPENDENCY_ONLY"
"DEPENDENCY_TABLE","constraint","public","user_roles.user_roles_club_id_fkey","MATCH","b07f254dc653","b07f254dc653","VERIFY_DEPENDENCY_ONLY"
"DEPENDENCY_TABLE","constraint","public","user_roles.user_roles_pkey","MATCH","9116e8c64e17","9116e8c64e17","VERIFY_DEPENDENCY_ONLY"
"DEPENDENCY_TABLE","constraint","public","user_roles.user_roles_team_id_fkey","MATCH","9d22b1944db7","9d22b1944db7","VERIFY_DEPENDENCY_ONLY"
"DEPENDENCY_TABLE","constraint","public","user_roles.user_roles_umpire_association_scope_check","DEV_ONLY","a62b1fc43878","","VERIFY_DEPENDENCY_ONLY"
"DEPENDENCY_TABLE","constraint","public","user_roles.user_roles_user_id_fkey","MATCH","73e66f97670c","73e66f97670c","VERIFY_DEPENDENCY_ONLY"
"DEPENDENCY_TABLE","constraint","public","user_roles.user_roles_user_id_role_association_id_club_id_team_id_key","MATCH","5f7252b52d65","5f7252b52d65","VERIFY_DEPENDENCY_ONLY"
"DEPENDENCY_TABLE","index","public","associations_abbreviation_key","MATCH","c3891a4b55d0","c3891a4b55d0","VERIFY_DEPENDENCY_ONLY"
"DEPENDENCY_TABLE","index","public","associations_pkey","MATCH","edf9a0bbde5f","edf9a0bbde5f","VERIFY_DEPENDENCY_ONLY"
"DEPENDENCY_TABLE","index","public","clubs_abbreviation_key","MATCH","5fe5a26da886","5fe5a26da886","VERIFY_DEPENDENCY_ONLY"
"DEPENDENCY_TABLE","index","public","clubs_pkey","MATCH","67737a31a006","67737a31a006","VERIFY_DEPENDENCY_ONLY"
"DEPENDENCY_TABLE","index","public","divisions_pkey","MATCH","c116a4167f26","c116a4167f26","VERIFY_DEPENDENCY_ONLY"
"DEPENDENCY_TABLE","index","public","idx_clubs_association","MATCH","399c41ac6b98","399c41ac6b98","VERIFY_DEPENDENCY_ONLY"
"DEPENDENCY_TABLE","index","public","idx_divisions_association","MATCH","9793e7167f9b","9793e7167f9b","VERIFY_DEPENDENCY_ONLY"
"DEPENDENCY_TABLE","index","public","idx_divisions_season","MATCH","0de61447bcdd","0de61447bcdd","VERIFY_DEPENDENCY_ONLY"
"DEPENDENCY_TABLE","index","public","idx_requests_requester","MATCH","e6e7dd69f490","e6e7dd69f490","VERIFY_DEPENDENCY_ONLY"
"DEPENDENCY_TABLE","index","public","idx_requests_status","MATCH","39c5871ed86a","39c5871ed86a","VERIFY_DEPENDENCY_ONLY"
"DEPENDENCY_TABLE","index","public","idx_requests_target_user","MATCH","37a475d4ffd1","37a475d4ffd1","VERIFY_DEPENDENCY_ONLY"
"DEPENDENCY_TABLE","index","public","idx_requests_team","MATCH","72804c8e85b0","72804c8e85b0","VERIFY_DEPENDENCY_ONLY"
"DEPENDENCY_TABLE","index","public","idx_team_memberships_invited_by_fk","DEV_ONLY","de8f592c8a87","","VERIFY_DEPENDENCY_ONLY"
"DEPENDENCY_TABLE","index","public","idx_team_memberships_team","MATCH","f845fd97d729","f845fd97d729","VERIFY_DEPENDENCY_ONLY"
"DEPENDENCY_TABLE","index","public","idx_team_memberships_user","MATCH","f60ad3e89c59","f60ad3e89c59","VERIFY_DEPENDENCY_ONLY"
"DEPENDENCY_TABLE","index","public","idx_teams_club","MATCH","21542e970247","21542e970247","VERIFY_DEPENDENCY_ONLY"
"DEPENDENCY_TABLE","index","public","idx_teams_division","MATCH","e0c505734934","e0c505734934","VERIFY_DEPENDENCY_ONLY"
"DEPENDENCY_TABLE","index","public","idx_user_roles_association","MATCH","ef734f08f7b7","ef734f08f7b7","VERIFY_DEPENDENCY_ONLY"
"DEPENDENCY_TABLE","index","public","idx_user_roles_club","MATCH","cab5dc1f8dea","cab5dc1f8dea","VERIFY_DEPENDENCY_ONLY"
"DEPENDENCY_TABLE","index","public","idx_user_roles_team","MATCH","67ccaddc2a66","67ccaddc2a66","VERIFY_DEPENDENCY_ONLY"
"DEPENDENCY_TABLE","index","public","idx_user_roles_user","MATCH","458f7e9bf708","458f7e9bf708","VERIFY_DEPENDENCY_ONLY"
"DEPENDENCY_TABLE","index","public","profiles_pkey","MATCH","a3ddcd34b344","a3ddcd34b344","VERIFY_DEPENDENCY_ONLY"
"DEPENDENCY_TABLE","index","public","profiles_registered_club_id_idx","MATCH","78d0e50de165","78d0e50de165","VERIFY_DEPENDENCY_ONLY"
"DEPENDENCY_TABLE","index","public","profiles_revsports_player_id_key","MATCH","3ff34b7dd593","3ff34b7dd593","VERIFY_DEPENDENCY_ONLY"
"DEPENDENCY_TABLE","index","public","requests_pkey","MATCH","3d90985add39","3d90985add39","VERIFY_DEPENDENCY_ONLY"
"DEPENDENCY_TABLE","index","public","team_memberships_pkey","MATCH","525f6111ff93","525f6111ff93","VERIFY_DEPENDENCY_ONLY"
"DEPENDENCY_TABLE","index","public","teams_abbreviation_key","MATCH","6478c8d99433","6478c8d99433","VERIFY_DEPENDENCY_ONLY"
"DEPENDENCY_TABLE","index","public","teams_pkey","MATCH","9a5e23ad750b","9a5e23ad750b","VERIFY_DEPENDENCY_ONLY"
"DEPENDENCY_TABLE","index","public","user_roles_pkey","MATCH","e37cca3eea13","e37cca3eea13","VERIFY_DEPENDENCY_ONLY"
"DEPENDENCY_TABLE","index","public","user_roles_safety_scope_idx","MATCH","10f56f966954","10f56f966954","VERIFY_DEPENDENCY_ONLY"
"DEPENDENCY_TABLE","index","public","user_roles_user_id_role_association_id_club_id_team_id_key","MATCH","614bc1c20965","614bc1c20965","VERIFY_DEPENDENCY_ONLY"
"DEPENDENCY_TABLE","policy","public","associations.associations_read","MATCH","c0de0d876eeb","c0de0d876eeb","VERIFY_DEPENDENCY_ONLY"
"DEPENDENCY_TABLE","policy","public","associations.associations_write","MATCH","74de1909ffd5","74de1909ffd5","VERIFY_DEPENDENCY_ONLY"
"DEPENDENCY_TABLE","policy","public","clubs.clubs_read","MATCH","800fb0cb5b0d","800fb0cb5b0d","VERIFY_DEPENDENCY_ONLY"
"DEPENDENCY_TABLE","policy","public","clubs.clubs_write","MATCH","b7d51f050010","b7d51f050010","VERIFY_DEPENDENCY_ONLY"
"DEPENDENCY_TABLE","policy","public","divisions.divisions_read","MATCH","fc01901a82f9","fc01901a82f9","VERIFY_DEPENDENCY_ONLY"
"DEPENDENCY_TABLE","policy","public","divisions.divisions_write","MATCH","f98cf83081f2","f98cf83081f2","VERIFY_DEPENDENCY_ONLY"
"DEPENDENCY_TABLE","policy","public","profiles.profiles_insert_own","DIFFERENT","e55178338bd9","7d143c461c48","VERIFY_DEPENDENCY_ONLY"
"DEPENDENCY_TABLE","policy","public","profiles.profiles_read","DIFFERENT","378ae64ba594","28444b3ff56d","VERIFY_DEPENDENCY_ONLY"
"DEPENDENCY_TABLE","policy","public","profiles.profiles_update_own","DIFFERENT","a4b5842efdeb","7535495172a2","VERIFY_DEPENDENCY_ONLY"
"DEPENDENCY_TABLE","policy","public","requests.requests_association_admin_read","DIFFERENT","0539cf26c68d","ac27d0fe9438","VERIFY_DEPENDENCY_ONLY"
"DEPENDENCY_TABLE","policy","public","requests.requests_association_admin_write","DIFFERENT","40077c2bd8eb","9132c9feed52","VERIFY_DEPENDENCY_ONLY"
"DEPENDENCY_TABLE","policy","public","requests.requests_club_admin_read","DIFFERENT","c812b0656c1f","6eabf609a725","VERIFY_DEPENDENCY_ONLY"
"DEPENDENCY_TABLE","policy","public","requests.requests_club_admin_write","DIFFERENT","40fddcf20016","08f9499c92fe","VERIFY_DEPENDENCY_ONLY"
"DEPENDENCY_TABLE","policy","public","requests.requests_insert_as_requester","DIFFERENT","35bc9ed6a200","96efcdd45f3f","VERIFY_DEPENDENCY_ONLY"
"DEPENDENCY_TABLE","policy","public","requests.requests_player_select","DIFFERENT","5da4c8556304","ef2769d6f6c5","VERIFY_DEPENDENCY_ONLY"
"DEPENDENCY_TABLE","policy","public","requests.requests_player_update","DIFFERENT","aebdb63b30a8","4c87c2f4a498","VERIFY_DEPENDENCY_ONLY"
"DEPENDENCY_TABLE","policy","public","requests.requests_super_admin_all","MATCH","ba656f0b624d","ba656f0b624d","VERIFY_DEPENDENCY_ONLY"
"DEPENDENCY_TABLE","policy","public","requests.requests_team_manager_read","DIFFERENT","3584fb0bbd99","ef25073ce11a","VERIFY_DEPENDENCY_ONLY"
"DEPENDENCY_TABLE","policy","public","requests.requests_team_manager_write","DIFFERENT","721b9a7b3d96","1f422fd12a67","VERIFY_DEPENDENCY_ONLY"
"DEPENDENCY_TABLE","policy","public","team_memberships.team_memberships_own","DIFFERENT","2116c5b6f9a8","70522a7369f0","VERIFY_DEPENDENCY_ONLY"
"DEPENDENCY_TABLE","policy","public","team_memberships.team_memberships_read","DIFFERENT","ccfc787c66f8","2d473e8f381f","VERIFY_DEPENDENCY_ONLY"
"DEPENDENCY_TABLE","policy","public","teams.teams_read","MATCH","47e299905e8a","47e299905e8a","VERIFY_DEPENDENCY_ONLY"
"DEPENDENCY_TABLE","policy","public","teams.teams_write","MATCH","e322c53ca758","e322c53ca758","VERIFY_DEPENDENCY_ONLY"
"DEPENDENCY_TABLE","policy","public","user_roles.user_roles_read","DIFFERENT","3d2b4fe2631a","79ca68880e1d","VERIFY_DEPENDENCY_ONLY"
"DEPENDENCY_TABLE","policy","public","user_roles.user_roles_write","MATCH","c0ddcc08a3d4","c0ddcc08a3d4","VERIFY_DEPENDENCY_ONLY"
"DEPENDENCY_TABLE","table_grant","public","associations.anon.DELETE","MATCH","9f590691dfbe","9f590691dfbe","VERIFY_DEPENDENCY_ONLY"
"DEPENDENCY_TABLE","table_grant","public","associations.anon.INSERT","MATCH","12026165ff41","12026165ff41","VERIFY_DEPENDENCY_ONLY"
"DEPENDENCY_TABLE","table_grant","public","associations.anon.REFERENCES","MATCH","4485249f07c8","4485249f07c8","VERIFY_DEPENDENCY_ONLY"
"DEPENDENCY_TABLE","table_grant","public","associations.anon.SELECT","MATCH","c2d95f3352ea","c2d95f3352ea","VERIFY_DEPENDENCY_ONLY"
"DEPENDENCY_TABLE","table_grant","public","associations.anon.TRIGGER","MATCH","0b4f04c2d9cd","0b4f04c2d9cd","VERIFY_DEPENDENCY_ONLY"
"DEPENDENCY_TABLE","table_grant","public","associations.anon.TRUNCATE","MATCH","ab687fa3307b","ab687fa3307b","VERIFY_DEPENDENCY_ONLY"
"DEPENDENCY_TABLE","table_grant","public","associations.anon.UPDATE","MATCH","45c16e691293","45c16e691293","VERIFY_DEPENDENCY_ONLY"
"DEPENDENCY_TABLE","table_grant","public","associations.authenticated.DELETE","MATCH","cb72210fd60a","cb72210fd60a","VERIFY_DEPENDENCY_ONLY"
"DEPENDENCY_TABLE","table_grant","public","associations.authenticated.INSERT","MATCH","924e3fe73114","924e3fe73114","VERIFY_DEPENDENCY_ONLY"
"DEPENDENCY_TABLE","table_grant","public","associations.authenticated.REFERENCES","MATCH","443e496382cc","443e496382cc","VERIFY_DEPENDENCY_ONLY"
"DEPENDENCY_TABLE","table_grant","public","associations.authenticated.SELECT","MATCH","5b76770fb1d3","5b76770fb1d3","VERIFY_DEPENDENCY_ONLY"
"DEPENDENCY_TABLE","table_grant","public","associations.authenticated.TRIGGER","MATCH","715dee6db2e5","715dee6db2e5","VERIFY_DEPENDENCY_ONLY"
"DEPENDENCY_TABLE","table_grant","public","associations.authenticated.TRUNCATE","MATCH","4726dcb624e5","4726dcb624e5","VERIFY_DEPENDENCY_ONLY"
"DEPENDENCY_TABLE","table_grant","public","associations.authenticated.UPDATE","MATCH","5b9434267022","5b9434267022","VERIFY_DEPENDENCY_ONLY"
"DEPENDENCY_TABLE","table_grant","public","associations.postgres.DELETE","MATCH","3e9b3154247b","3e9b3154247b","VERIFY_DEPENDENCY_ONLY"
"DEPENDENCY_TABLE","table_grant","public","associations.postgres.INSERT","MATCH","8f9dedcccba2","8f9dedcccba2","VERIFY_DEPENDENCY_ONLY"
"DEPENDENCY_TABLE","table_grant","public","associations.postgres.REFERENCES","MATCH","30da145e0291","30da145e0291","VERIFY_DEPENDENCY_ONLY"
"DEPENDENCY_TABLE","table_grant","public","associations.postgres.SELECT","MATCH","36ae15b3153f","36ae15b3153f","VERIFY_DEPENDENCY_ONLY"
"DEPENDENCY_TABLE","table_grant","public","associations.postgres.TRIGGER","MATCH","50c49ceba766","50c49ceba766","VERIFY_DEPENDENCY_ONLY"
"DEPENDENCY_TABLE","table_grant","public","associations.postgres.TRUNCATE","MATCH","8a89d2fb2ae7","8a89d2fb2ae7","VERIFY_DEPENDENCY_ONLY"
"DEPENDENCY_TABLE","table_grant","public","associations.postgres.UPDATE","MATCH","250d94cdb6b1","250d94cdb6b1","VERIFY_DEPENDENCY_ONLY"
"DEPENDENCY_TABLE","table_grant","public","associations.service_role.DELETE","MATCH","65555f7fa1da","65555f7fa1da","VERIFY_DEPENDENCY_ONLY"
"DEPENDENCY_TABLE","table_grant","public","associations.service_role.INSERT","MATCH","8e4e8f970ab9","8e4e8f970ab9","VERIFY_DEPENDENCY_ONLY"
"DEPENDENCY_TABLE","table_grant","public","associations.service_role.REFERENCES","MATCH","fb1f7b42779b","fb1f7b42779b","VERIFY_DEPENDENCY_ONLY"
"DEPENDENCY_TABLE","table_grant","public","associations.service_role.SELECT","MATCH","23dd1458ed94","23dd1458ed94","VERIFY_DEPENDENCY_ONLY"
"DEPENDENCY_TABLE","table_grant","public","associations.service_role.TRIGGER","MATCH","e017d8bfb747","e017d8bfb747","VERIFY_DEPENDENCY_ONLY"
"DEPENDENCY_TABLE","table_grant","public","associations.service_role.TRUNCATE","MATCH","a4c5a60793e3","a4c5a60793e3","VERIFY_DEPENDENCY_ONLY"
"DEPENDENCY_TABLE","table_grant","public","associations.service_role.UPDATE","MATCH","1a6a0be0e1d3","1a6a0be0e1d3","VERIFY_DEPENDENCY_ONLY"
"DEPENDENCY_TABLE","table_grant","public","clubs.anon.DELETE","MATCH","afa51a83daf8","afa51a83daf8","VERIFY_DEPENDENCY_ONLY"
"DEPENDENCY_TABLE","table_grant","public","clubs.anon.INSERT","MATCH","586b8935f979","586b8935f979","VERIFY_DEPENDENCY_ONLY"
"DEPENDENCY_TABLE","table_grant","public","clubs.anon.REFERENCES","MATCH","4416b3995beb","4416b3995beb","VERIFY_DEPENDENCY_ONLY"
"DEPENDENCY_TABLE","table_grant","public","clubs.anon.SELECT","MATCH","27d370b67d4e","27d370b67d4e","VERIFY_DEPENDENCY_ONLY"
"DEPENDENCY_TABLE","table_grant","public","clubs.anon.TRIGGER","MATCH","a9b016383321","a9b016383321","VERIFY_DEPENDENCY_ONLY"
"DEPENDENCY_TABLE","table_grant","public","clubs.anon.TRUNCATE","MATCH","68fc7bdd58c7","68fc7bdd58c7","VERIFY_DEPENDENCY_ONLY"
"DEPENDENCY_TABLE","table_grant","public","clubs.anon.UPDATE","MATCH","f7f606010903","f7f606010903","VERIFY_DEPENDENCY_ONLY"
"DEPENDENCY_TABLE","table_grant","public","clubs.authenticated.DELETE","MATCH","c0dd8d121435","c0dd8d121435","VERIFY_DEPENDENCY_ONLY"
"DEPENDENCY_TABLE","table_grant","public","clubs.authenticated.INSERT","MATCH","abe0ba5d7d1c","abe0ba5d7d1c","VERIFY_DEPENDENCY_ONLY"
"DEPENDENCY_TABLE","table_grant","public","clubs.authenticated.REFERENCES","MATCH","0f25c71edce7","0f25c71edce7","VERIFY_DEPENDENCY_ONLY"
"DEPENDENCY_TABLE","table_grant","public","clubs.authenticated.SELECT","MATCH","a6663daf3d08","a6663daf3d08","VERIFY_DEPENDENCY_ONLY"
"DEPENDENCY_TABLE","table_grant","public","clubs.authenticated.TRIGGER","MATCH","e470c3f18eeb","e470c3f18eeb","VERIFY_DEPENDENCY_ONLY"
"DEPENDENCY_TABLE","table_grant","public","clubs.authenticated.TRUNCATE","MATCH","d33af90428cc","d33af90428cc","VERIFY_DEPENDENCY_ONLY"
"DEPENDENCY_TABLE","table_grant","public","clubs.authenticated.UPDATE","MATCH","ed8adf4b167c","ed8adf4b167c","VERIFY_DEPENDENCY_ONLY"
"DEPENDENCY_TABLE","table_grant","public","clubs.postgres.DELETE","MATCH","6406cf4854d4","6406cf4854d4","VERIFY_DEPENDENCY_ONLY"
"DEPENDENCY_TABLE","table_grant","public","clubs.postgres.INSERT","MATCH","8f9e5e54cafc","8f9e5e54cafc","VERIFY_DEPENDENCY_ONLY"
"DEPENDENCY_TABLE","table_grant","public","clubs.postgres.REFERENCES","MATCH","ad47d8641ad7","ad47d8641ad7","VERIFY_DEPENDENCY_ONLY"
"DEPENDENCY_TABLE","table_grant","public","clubs.postgres.SELECT","MATCH","ded1b370edaf","ded1b370edaf","VERIFY_DEPENDENCY_ONLY"
"DEPENDENCY_TABLE","table_grant","public","clubs.postgres.TRIGGER","MATCH","9e27e72bcd90","9e27e72bcd90","VERIFY_DEPENDENCY_ONLY"
"DEPENDENCY_TABLE","table_grant","public","clubs.postgres.TRUNCATE","MATCH","4198c2a72856","4198c2a72856","VERIFY_DEPENDENCY_ONLY"
"DEPENDENCY_TABLE","table_grant","public","clubs.postgres.UPDATE","MATCH","e3818080fe29","e3818080fe29","VERIFY_DEPENDENCY_ONLY"
"DEPENDENCY_TABLE","table_grant","public","clubs.service_role.DELETE","MATCH","68afe240ac70","68afe240ac70","VERIFY_DEPENDENCY_ONLY"
"DEPENDENCY_TABLE","table_grant","public","clubs.service_role.INSERT","MATCH","676b01d17d03","676b01d17d03","VERIFY_DEPENDENCY_ONLY"
"DEPENDENCY_TABLE","table_grant","public","clubs.service_role.REFERENCES","MATCH","fe78cc984e9a","fe78cc984e9a","VERIFY_DEPENDENCY_ONLY"
"DEPENDENCY_TABLE","table_grant","public","clubs.service_role.SELECT","MATCH","e65a6dc1b393","e65a6dc1b393","VERIFY_DEPENDENCY_ONLY"
"DEPENDENCY_TABLE","table_grant","public","clubs.service_role.TRIGGER","MATCH","69dd6ee1fc32","69dd6ee1fc32","VERIFY_DEPENDENCY_ONLY"
"DEPENDENCY_TABLE","table_grant","public","clubs.service_role.TRUNCATE","MATCH","d7db81e47e74","d7db81e47e74","VERIFY_DEPENDENCY_ONLY"
"DEPENDENCY_TABLE","table_grant","public","clubs.service_role.UPDATE","MATCH","f27ec84137a5","f27ec84137a5","VERIFY_DEPENDENCY_ONLY"
"DEPENDENCY_TABLE","table_grant","public","divisions.anon.DELETE","MATCH","b8a80b1a0f40","b8a80b1a0f40","VERIFY_DEPENDENCY_ONLY"
"DEPENDENCY_TABLE","table_grant","public","divisions.anon.INSERT","MATCH","2929e87da440","2929e87da440","VERIFY_DEPENDENCY_ONLY"
"DEPENDENCY_TABLE","table_grant","public","divisions.anon.REFERENCES","MATCH","41513af1939b","41513af1939b","VERIFY_DEPENDENCY_ONLY"
"DEPENDENCY_TABLE","table_grant","public","divisions.anon.SELECT","MATCH","40758f0a0c4c","40758f0a0c4c","VERIFY_DEPENDENCY_ONLY"
"DEPENDENCY_TABLE","table_grant","public","divisions.anon.TRIGGER","MATCH","d004b943eb8a","d004b943eb8a","VERIFY_DEPENDENCY_ONLY"
"DEPENDENCY_TABLE","table_grant","public","divisions.anon.TRUNCATE","MATCH","dc07928c7e5e","dc07928c7e5e","VERIFY_DEPENDENCY_ONLY"
"DEPENDENCY_TABLE","table_grant","public","divisions.anon.UPDATE","MATCH","9fb44242b2b9","9fb44242b2b9","VERIFY_DEPENDENCY_ONLY"
"DEPENDENCY_TABLE","table_grant","public","divisions.authenticated.DELETE","MATCH","09b6f05a4e43","09b6f05a4e43","VERIFY_DEPENDENCY_ONLY"
"DEPENDENCY_TABLE","table_grant","public","divisions.authenticated.INSERT","MATCH","b2d0c1a73141","b2d0c1a73141","VERIFY_DEPENDENCY_ONLY"
"DEPENDENCY_TABLE","table_grant","public","divisions.authenticated.REFERENCES","MATCH","0fcb016de1e8","0fcb016de1e8","VERIFY_DEPENDENCY_ONLY"
"DEPENDENCY_TABLE","table_grant","public","divisions.authenticated.SELECT","MATCH","d81c1112d1ff","d81c1112d1ff","VERIFY_DEPENDENCY_ONLY"
"DEPENDENCY_TABLE","table_grant","public","divisions.authenticated.TRIGGER","MATCH","83ab0e69eaca","83ab0e69eaca","VERIFY_DEPENDENCY_ONLY"
"DEPENDENCY_TABLE","table_grant","public","divisions.authenticated.TRUNCATE","MATCH","91f0fc2b87f0","91f0fc2b87f0","VERIFY_DEPENDENCY_ONLY"
"DEPENDENCY_TABLE","table_grant","public","divisions.authenticated.UPDATE","MATCH","a8d96d3a18e4","a8d96d3a18e4","VERIFY_DEPENDENCY_ONLY"
"DEPENDENCY_TABLE","table_grant","public","divisions.postgres.DELETE","MATCH","8ebbe0504faa","8ebbe0504faa","VERIFY_DEPENDENCY_ONLY"
"DEPENDENCY_TABLE","table_grant","public","divisions.postgres.INSERT","MATCH","136406a796ee","136406a796ee","VERIFY_DEPENDENCY_ONLY"
"DEPENDENCY_TABLE","table_grant","public","divisions.postgres.REFERENCES","MATCH","869210caf9ce","869210caf9ce","VERIFY_DEPENDENCY_ONLY"
"DEPENDENCY_TABLE","table_grant","public","divisions.postgres.SELECT","MATCH","fc53e4b1e01a","fc53e4b1e01a","VERIFY_DEPENDENCY_ONLY"
"DEPENDENCY_TABLE","table_grant","public","divisions.postgres.TRIGGER","MATCH","5a6e491e776e","5a6e491e776e","VERIFY_DEPENDENCY_ONLY"
"DEPENDENCY_TABLE","table_grant","public","divisions.postgres.TRUNCATE","MATCH","90f8f631393d","90f8f631393d","VERIFY_DEPENDENCY_ONLY"
"DEPENDENCY_TABLE","table_grant","public","divisions.postgres.UPDATE","MATCH","94204e0ee1ab","94204e0ee1ab","VERIFY_DEPENDENCY_ONLY"
"DEPENDENCY_TABLE","table_grant","public","divisions.service_role.DELETE","MATCH","2bf028c068fa","2bf028c068fa","VERIFY_DEPENDENCY_ONLY"
"DEPENDENCY_TABLE","table_grant","public","divisions.service_role.INSERT","MATCH","973d8399447d","973d8399447d","VERIFY_DEPENDENCY_ONLY"
"DEPENDENCY_TABLE","table_grant","public","divisions.service_role.REFERENCES","MATCH","a8cfcc15050e","a8cfcc15050e","VERIFY_DEPENDENCY_ONLY"
"DEPENDENCY_TABLE","table_grant","public","divisions.service_role.SELECT","MATCH","8865002bbc4c","8865002bbc4c","VERIFY_DEPENDENCY_ONLY"
"DEPENDENCY_TABLE","table_grant","public","divisions.service_role.TRIGGER","MATCH","c8851512d53a","c8851512d53a","VERIFY_DEPENDENCY_ONLY"
"DEPENDENCY_TABLE","table_grant","public","divisions.service_role.TRUNCATE","MATCH","70b3c076300e","70b3c076300e","VERIFY_DEPENDENCY_ONLY"
"DEPENDENCY_TABLE","table_grant","public","divisions.service_role.UPDATE","MATCH","83f6aaf4895b","83f6aaf4895b","VERIFY_DEPENDENCY_ONLY"
"DEPENDENCY_TABLE","table_grant","public","profiles.anon.DELETE","MATCH","241a5bf62ed2","241a5bf62ed2","VERIFY_DEPENDENCY_ONLY"
"DEPENDENCY_TABLE","table_grant","public","profiles.anon.INSERT","MATCH","7d26cd26c28a","7d26cd26c28a","VERIFY_DEPENDENCY_ONLY"
"DEPENDENCY_TABLE","table_grant","public","profiles.anon.REFERENCES","MATCH","f9f5e0dac394","f9f5e0dac394","VERIFY_DEPENDENCY_ONLY"
"DEPENDENCY_TABLE","table_grant","public","profiles.anon.SELECT","MATCH","4fbd65aedc97","4fbd65aedc97","VERIFY_DEPENDENCY_ONLY"
"DEPENDENCY_TABLE","table_grant","public","profiles.anon.TRIGGER","MATCH","146663020286","146663020286","VERIFY_DEPENDENCY_ONLY"
"DEPENDENCY_TABLE","table_grant","public","profiles.anon.TRUNCATE","MATCH","94a835f76528","94a835f76528","VERIFY_DEPENDENCY_ONLY"
"DEPENDENCY_TABLE","table_grant","public","profiles.anon.UPDATE","MATCH","1204b29e1be3","1204b29e1be3","VERIFY_DEPENDENCY_ONLY"
"DEPENDENCY_TABLE","table_grant","public","profiles.authenticated.DELETE","MATCH","5329ea2a511c","5329ea2a511c","VERIFY_DEPENDENCY_ONLY"
"DEPENDENCY_TABLE","table_grant","public","profiles.authenticated.INSERT","MATCH","edb1ffc5892d","edb1ffc5892d","VERIFY_DEPENDENCY_ONLY"
"DEPENDENCY_TABLE","table_grant","public","profiles.authenticated.REFERENCES","MATCH","0483b31b533c","0483b31b533c","VERIFY_DEPENDENCY_ONLY"
"DEPENDENCY_TABLE","table_grant","public","profiles.authenticated.SELECT","MATCH","3b43e927dfce","3b43e927dfce","VERIFY_DEPENDENCY_ONLY"
"DEPENDENCY_TABLE","table_grant","public","profiles.authenticated.TRIGGER","MATCH","2dfb35fdf51b","2dfb35fdf51b","VERIFY_DEPENDENCY_ONLY"
"DEPENDENCY_TABLE","table_grant","public","profiles.authenticated.TRUNCATE","MATCH","bba8d9545093","bba8d9545093","VERIFY_DEPENDENCY_ONLY"
"DEPENDENCY_TABLE","table_grant","public","profiles.authenticated.UPDATE","MATCH","dae2b8d9002f","dae2b8d9002f","VERIFY_DEPENDENCY_ONLY"
"DEPENDENCY_TABLE","table_grant","public","profiles.postgres.DELETE","MATCH","a73cc93eec91","a73cc93eec91","VERIFY_DEPENDENCY_ONLY"
"DEPENDENCY_TABLE","table_grant","public","profiles.postgres.INSERT","MATCH","b564ffb68da5","b564ffb68da5","VERIFY_DEPENDENCY_ONLY"
"DEPENDENCY_TABLE","table_grant","public","profiles.postgres.REFERENCES","MATCH","fb62cc28416c","fb62cc28416c","VERIFY_DEPENDENCY_ONLY"
"DEPENDENCY_TABLE","table_grant","public","profiles.postgres.SELECT","MATCH","d034cd54a25e","d034cd54a25e","VERIFY_DEPENDENCY_ONLY"
"DEPENDENCY_TABLE","table_grant","public","profiles.postgres.TRIGGER","MATCH","131e1c6e4039","131e1c6e4039","VERIFY_DEPENDENCY_ONLY"
"DEPENDENCY_TABLE","table_grant","public","profiles.postgres.TRUNCATE","MATCH","9d218903a913","9d218903a913","VERIFY_DEPENDENCY_ONLY"
"DEPENDENCY_TABLE","table_grant","public","profiles.postgres.UPDATE","MATCH","ef78af7411c8","ef78af7411c8","VERIFY_DEPENDENCY_ONLY"
"DEPENDENCY_TABLE","table_grant","public","profiles.service_role.DELETE","MATCH","8486a49f793a","8486a49f793a","VERIFY_DEPENDENCY_ONLY"
"DEPENDENCY_TABLE","table_grant","public","profiles.service_role.INSERT","MATCH","81112f38f1bc","81112f38f1bc","VERIFY_DEPENDENCY_ONLY"
"DEPENDENCY_TABLE","table_grant","public","profiles.service_role.REFERENCES","MATCH","000829c15021","000829c15021","VERIFY_DEPENDENCY_ONLY"
"DEPENDENCY_TABLE","table_grant","public","profiles.service_role.SELECT","MATCH","30f3f1e430f2","30f3f1e430f2","VERIFY_DEPENDENCY_ONLY"
"DEPENDENCY_TABLE","table_grant","public","profiles.service_role.TRIGGER","MATCH","2a8b766feffd","2a8b766feffd","VERIFY_DEPENDENCY_ONLY"
"DEPENDENCY_TABLE","table_grant","public","profiles.service_role.TRUNCATE","MATCH","f8ed5ce46462","f8ed5ce46462","VERIFY_DEPENDENCY_ONLY"
"DEPENDENCY_TABLE","table_grant","public","profiles.service_role.UPDATE","MATCH","dfc45fe720ee","dfc45fe720ee","VERIFY_DEPENDENCY_ONLY"
"DEPENDENCY_TABLE","table_grant","public","requests.anon.DELETE","MATCH","4e6346b71c90","4e6346b71c90","VERIFY_DEPENDENCY_ONLY"
"DEPENDENCY_TABLE","table_grant","public","requests.anon.INSERT","MATCH","e12070594b12","e12070594b12","VERIFY_DEPENDENCY_ONLY"
"DEPENDENCY_TABLE","table_grant","public","requests.anon.REFERENCES","MATCH","93bce84e110f","93bce84e110f","VERIFY_DEPENDENCY_ONLY"
"DEPENDENCY_TABLE","table_grant","public","requests.anon.SELECT","MATCH","a4acb51de197","a4acb51de197","VERIFY_DEPENDENCY_ONLY"
"DEPENDENCY_TABLE","table_grant","public","requests.anon.TRIGGER","MATCH","64d4d0d74217","64d4d0d74217","VERIFY_DEPENDENCY_ONLY"
"DEPENDENCY_TABLE","table_grant","public","requests.anon.TRUNCATE","MATCH","b03d16cc1fa3","b03d16cc1fa3","VERIFY_DEPENDENCY_ONLY"
"DEPENDENCY_TABLE","table_grant","public","requests.anon.UPDATE","MATCH","3192af158393","3192af158393","VERIFY_DEPENDENCY_ONLY"
"DEPENDENCY_TABLE","table_grant","public","requests.authenticated.DELETE","MATCH","3b4f1fc78266","3b4f1fc78266","VERIFY_DEPENDENCY_ONLY"
"DEPENDENCY_TABLE","table_grant","public","requests.authenticated.INSERT","MATCH","716035665176","716035665176","VERIFY_DEPENDENCY_ONLY"
"DEPENDENCY_TABLE","table_grant","public","requests.authenticated.REFERENCES","MATCH","14f9cb393883","14f9cb393883","VERIFY_DEPENDENCY_ONLY"
"DEPENDENCY_TABLE","table_grant","public","requests.authenticated.SELECT","MATCH","cfe1dc230cd4","cfe1dc230cd4","VERIFY_DEPENDENCY_ONLY"
"DEPENDENCY_TABLE","table_grant","public","requests.authenticated.TRIGGER","MATCH","a421d1a7b8a3","a421d1a7b8a3","VERIFY_DEPENDENCY_ONLY"
"DEPENDENCY_TABLE","table_grant","public","requests.authenticated.TRUNCATE","MATCH","86e5bccae05d","86e5bccae05d","VERIFY_DEPENDENCY_ONLY"
"DEPENDENCY_TABLE","table_grant","public","requests.authenticated.UPDATE","MATCH","f22e4cabaa9b","f22e4cabaa9b","VERIFY_DEPENDENCY_ONLY"
"DEPENDENCY_TABLE","table_grant","public","requests.postgres.DELETE","MATCH","cb45b9c4db93","cb45b9c4db93","VERIFY_DEPENDENCY_ONLY"
"DEPENDENCY_TABLE","table_grant","public","requests.postgres.INSERT","MATCH","38ce31401a3d","38ce31401a3d","VERIFY_DEPENDENCY_ONLY"
"DEPENDENCY_TABLE","table_grant","public","requests.postgres.REFERENCES","MATCH","29ba94ae994f","29ba94ae994f","VERIFY_DEPENDENCY_ONLY"
"DEPENDENCY_TABLE","table_grant","public","requests.postgres.SELECT","MATCH","b6feef92f80e","b6feef92f80e","VERIFY_DEPENDENCY_ONLY"
"DEPENDENCY_TABLE","table_grant","public","requests.postgres.TRIGGER","MATCH","9731222084e9","9731222084e9","VERIFY_DEPENDENCY_ONLY"
"DEPENDENCY_TABLE","table_grant","public","requests.postgres.TRUNCATE","MATCH","9c5ac2534689","9c5ac2534689","VERIFY_DEPENDENCY_ONLY"
"DEPENDENCY_TABLE","table_grant","public","requests.postgres.UPDATE","MATCH","406f8fc2f25e","406f8fc2f25e","VERIFY_DEPENDENCY_ONLY"
"DEPENDENCY_TABLE","table_grant","public","requests.service_role.DELETE","MATCH","689b48faa203","689b48faa203","VERIFY_DEPENDENCY_ONLY"
"DEPENDENCY_TABLE","table_grant","public","requests.service_role.INSERT","MATCH","cb4fe841ba7b","cb4fe841ba7b","VERIFY_DEPENDENCY_ONLY"
"DEPENDENCY_TABLE","table_grant","public","requests.service_role.REFERENCES","MATCH","7bbb0b2ef40d","7bbb0b2ef40d","VERIFY_DEPENDENCY_ONLY"
"DEPENDENCY_TABLE","table_grant","public","requests.service_role.SELECT","MATCH","9203b73b9dcb","9203b73b9dcb","VERIFY_DEPENDENCY_ONLY"
"DEPENDENCY_TABLE","table_grant","public","requests.service_role.TRIGGER","MATCH","a850b0765763","a850b0765763","VERIFY_DEPENDENCY_ONLY"
"DEPENDENCY_TABLE","table_grant","public","requests.service_role.TRUNCATE","MATCH","67366ebcf666","67366ebcf666","VERIFY_DEPENDENCY_ONLY"
"DEPENDENCY_TABLE","table_grant","public","requests.service_role.UPDATE","MATCH","f4f02d650b60","f4f02d650b60","VERIFY_DEPENDENCY_ONLY"
"DEPENDENCY_TABLE","table_grant","public","team_memberships.anon.DELETE","MATCH","85006126cd67","85006126cd67","VERIFY_DEPENDENCY_ONLY"
"DEPENDENCY_TABLE","table_grant","public","team_memberships.anon.INSERT","MATCH","5bcf974f1992","5bcf974f1992","VERIFY_DEPENDENCY_ONLY"
"DEPENDENCY_TABLE","table_grant","public","team_memberships.anon.REFERENCES","MATCH","e3a30d7e6a5a","e3a30d7e6a5a","VERIFY_DEPENDENCY_ONLY"
"DEPENDENCY_TABLE","table_grant","public","team_memberships.anon.SELECT","MATCH","7f30fb797719","7f30fb797719","VERIFY_DEPENDENCY_ONLY"
"DEPENDENCY_TABLE","table_grant","public","team_memberships.anon.TRIGGER","MATCH","89ff151d0ce6","89ff151d0ce6","VERIFY_DEPENDENCY_ONLY"
"DEPENDENCY_TABLE","table_grant","public","team_memberships.anon.TRUNCATE","MATCH","099ee05e482e","099ee05e482e","VERIFY_DEPENDENCY_ONLY"
"DEPENDENCY_TABLE","table_grant","public","team_memberships.anon.UPDATE","MATCH","1e0b47bdad14","1e0b47bdad14","VERIFY_DEPENDENCY_ONLY"
"DEPENDENCY_TABLE","table_grant","public","team_memberships.authenticated.DELETE","MATCH","7f5a73de6188","7f5a73de6188","VERIFY_DEPENDENCY_ONLY"
"DEPENDENCY_TABLE","table_grant","public","team_memberships.authenticated.INSERT","MATCH","72a4d0b3c295","72a4d0b3c295","VERIFY_DEPENDENCY_ONLY"
"DEPENDENCY_TABLE","table_grant","public","team_memberships.authenticated.REFERENCES","MATCH","c2bef64c8242","c2bef64c8242","VERIFY_DEPENDENCY_ONLY"
"DEPENDENCY_TABLE","table_grant","public","team_memberships.authenticated.SELECT","MATCH","dbcd9232d7cf","dbcd9232d7cf","VERIFY_DEPENDENCY_ONLY"
"DEPENDENCY_TABLE","table_grant","public","team_memberships.authenticated.TRIGGER","MATCH","2d55f198fee7","2d55f198fee7","VERIFY_DEPENDENCY_ONLY"
"DEPENDENCY_TABLE","table_grant","public","team_memberships.authenticated.TRUNCATE","MATCH","954ba9f379c6","954ba9f379c6","VERIFY_DEPENDENCY_ONLY"
"DEPENDENCY_TABLE","table_grant","public","team_memberships.authenticated.UPDATE","MATCH","f790fd967c31","f790fd967c31","VERIFY_DEPENDENCY_ONLY"
"DEPENDENCY_TABLE","table_grant","public","team_memberships.postgres.DELETE","MATCH","f92e9ec0231a","f92e9ec0231a","VERIFY_DEPENDENCY_ONLY"
"DEPENDENCY_TABLE","table_grant","public","team_memberships.postgres.INSERT","MATCH","830201c4284b","830201c4284b","VERIFY_DEPENDENCY_ONLY"
"DEPENDENCY_TABLE","table_grant","public","team_memberships.postgres.REFERENCES","MATCH","d4b06871a21b","d4b06871a21b","VERIFY_DEPENDENCY_ONLY"
"DEPENDENCY_TABLE","table_grant","public","team_memberships.postgres.SELECT","MATCH","6e6d03690faa","6e6d03690faa","VERIFY_DEPENDENCY_ONLY"
"DEPENDENCY_TABLE","table_grant","public","team_memberships.postgres.TRIGGER","MATCH","04522288a6e1","04522288a6e1","VERIFY_DEPENDENCY_ONLY"
"DEPENDENCY_TABLE","table_grant","public","team_memberships.postgres.TRUNCATE","MATCH","ecbf1ac32162","ecbf1ac32162","VERIFY_DEPENDENCY_ONLY"
"DEPENDENCY_TABLE","table_grant","public","team_memberships.postgres.UPDATE","MATCH","9a4beae012a6","9a4beae012a6","VERIFY_DEPENDENCY_ONLY"
"DEPENDENCY_TABLE","table_grant","public","team_memberships.service_role.DELETE","MATCH","212cbbd566b5","212cbbd566b5","VERIFY_DEPENDENCY_ONLY"
"DEPENDENCY_TABLE","table_grant","public","team_memberships.service_role.INSERT","MATCH","7df18528df10","7df18528df10","VERIFY_DEPENDENCY_ONLY"
"DEPENDENCY_TABLE","table_grant","public","team_memberships.service_role.REFERENCES","MATCH","d31a76abee4c","d31a76abee4c","VERIFY_DEPENDENCY_ONLY"
"DEPENDENCY_TABLE","table_grant","public","team_memberships.service_role.SELECT","MATCH","5b8effdd7f80","5b8effdd7f80","VERIFY_DEPENDENCY_ONLY"
"DEPENDENCY_TABLE","table_grant","public","team_memberships.service_role.TRIGGER","MATCH","e6246b70740c","e6246b70740c","VERIFY_DEPENDENCY_ONLY"
"DEPENDENCY_TABLE","table_grant","public","team_memberships.service_role.TRUNCATE","MATCH","35e92b1c9dbe","35e92b1c9dbe","VERIFY_DEPENDENCY_ONLY"
"DEPENDENCY_TABLE","table_grant","public","team_memberships.service_role.UPDATE","MATCH","c07f0538fe4b","c07f0538fe4b","VERIFY_DEPENDENCY_ONLY"
"DEPENDENCY_TABLE","table_grant","public","teams.anon.DELETE","MATCH","6ec554253f91","6ec554253f91","VERIFY_DEPENDENCY_ONLY"
"DEPENDENCY_TABLE","table_grant","public","teams.anon.INSERT","MATCH","c49a06385225","c49a06385225","VERIFY_DEPENDENCY_ONLY"
"DEPENDENCY_TABLE","table_grant","public","teams.anon.REFERENCES","MATCH","b8dd3f952f8b","b8dd3f952f8b","VERIFY_DEPENDENCY_ONLY"
"DEPENDENCY_TABLE","table_grant","public","teams.anon.SELECT","MATCH","35831161781f","35831161781f","VERIFY_DEPENDENCY_ONLY"
"DEPENDENCY_TABLE","table_grant","public","teams.anon.TRIGGER","MATCH","3f99bb4a21a5","3f99bb4a21a5","VERIFY_DEPENDENCY_ONLY"
"DEPENDENCY_TABLE","table_grant","public","teams.anon.TRUNCATE","MATCH","a3055d70fa4b","a3055d70fa4b","VERIFY_DEPENDENCY_ONLY"
"DEPENDENCY_TABLE","table_grant","public","teams.anon.UPDATE","MATCH","b9988ae8778a","b9988ae8778a","VERIFY_DEPENDENCY_ONLY"
"DEPENDENCY_TABLE","table_grant","public","teams.authenticated.DELETE","MATCH","5f4493a95ccc","5f4493a95ccc","VERIFY_DEPENDENCY_ONLY"
"DEPENDENCY_TABLE","table_grant","public","teams.authenticated.INSERT","MATCH","7ce217be7ef9","7ce217be7ef9","VERIFY_DEPENDENCY_ONLY"
"DEPENDENCY_TABLE","table_grant","public","teams.authenticated.REFERENCES","MATCH","854293d7e181","854293d7e181","VERIFY_DEPENDENCY_ONLY"
"DEPENDENCY_TABLE","table_grant","public","teams.authenticated.SELECT","MATCH","cab1e85faeac","cab1e85faeac","VERIFY_DEPENDENCY_ONLY"
"DEPENDENCY_TABLE","table_grant","public","teams.authenticated.TRIGGER","MATCH","8e20a3d06cae","8e20a3d06cae","VERIFY_DEPENDENCY_ONLY"
"DEPENDENCY_TABLE","table_grant","public","teams.authenticated.TRUNCATE","MATCH","32990647623b","32990647623b","VERIFY_DEPENDENCY_ONLY"
"DEPENDENCY_TABLE","table_grant","public","teams.authenticated.UPDATE","MATCH","9e53d9b8bb2a","9e53d9b8bb2a","VERIFY_DEPENDENCY_ONLY"
"DEPENDENCY_TABLE","table_grant","public","teams.postgres.DELETE","MATCH","5f5f3dd67f85","5f5f3dd67f85","VERIFY_DEPENDENCY_ONLY"
"DEPENDENCY_TABLE","table_grant","public","teams.postgres.INSERT","MATCH","65c4a53662f7","65c4a53662f7","VERIFY_DEPENDENCY_ONLY"
"DEPENDENCY_TABLE","table_grant","public","teams.postgres.REFERENCES","MATCH","eedd94642ffc","eedd94642ffc","VERIFY_DEPENDENCY_ONLY"
"DEPENDENCY_TABLE","table_grant","public","teams.postgres.SELECT","MATCH","dc79b10fe051","dc79b10fe051","VERIFY_DEPENDENCY_ONLY"
"DEPENDENCY_TABLE","table_grant","public","teams.postgres.TRIGGER","MATCH","11b6a38299f0","11b6a38299f0","VERIFY_DEPENDENCY_ONLY"
"DEPENDENCY_TABLE","table_grant","public","teams.postgres.TRUNCATE","MATCH","a7ac6b3ea608","a7ac6b3ea608","VERIFY_DEPENDENCY_ONLY"
"DEPENDENCY_TABLE","table_grant","public","teams.postgres.UPDATE","MATCH","5e860a70d630","5e860a70d630","VERIFY_DEPENDENCY_ONLY"
"DEPENDENCY_TABLE","table_grant","public","teams.service_role.DELETE","MATCH","802b2af9fe76","802b2af9fe76","VERIFY_DEPENDENCY_ONLY"
"DEPENDENCY_TABLE","table_grant","public","teams.service_role.INSERT","MATCH","e5490f3a1d90","e5490f3a1d90","VERIFY_DEPENDENCY_ONLY"
"DEPENDENCY_TABLE","table_grant","public","teams.service_role.REFERENCES","MATCH","067b947cc02a","067b947cc02a","VERIFY_DEPENDENCY_ONLY"
"DEPENDENCY_TABLE","table_grant","public","teams.service_role.SELECT","MATCH","5a6f4c15c26c","5a6f4c15c26c","VERIFY_DEPENDENCY_ONLY"
"DEPENDENCY_TABLE","table_grant","public","teams.service_role.TRIGGER","MATCH","5713c95b1fe7","5713c95b1fe7","VERIFY_DEPENDENCY_ONLY"
"DEPENDENCY_TABLE","table_grant","public","teams.service_role.TRUNCATE","MATCH","8a416e3a9b89","8a416e3a9b89","VERIFY_DEPENDENCY_ONLY"
"DEPENDENCY_TABLE","table_grant","public","teams.service_role.UPDATE","MATCH","4fee38d40608","4fee38d40608","VERIFY_DEPENDENCY_ONLY"
"DEPENDENCY_TABLE","table_grant","public","user_roles.anon.DELETE","MATCH","3d431a623e76","3d431a623e76","VERIFY_DEPENDENCY_ONLY"
"DEPENDENCY_TABLE","table_grant","public","user_roles.anon.INSERT","MATCH","371d0a5f0324","371d0a5f0324","VERIFY_DEPENDENCY_ONLY"
"DEPENDENCY_TABLE","table_grant","public","user_roles.anon.REFERENCES","MATCH","7cb9291e6a12","7cb9291e6a12","VERIFY_DEPENDENCY_ONLY"
"DEPENDENCY_TABLE","table_grant","public","user_roles.anon.SELECT","MATCH","add2b1b51481","add2b1b51481","VERIFY_DEPENDENCY_ONLY"
"DEPENDENCY_TABLE","table_grant","public","user_roles.anon.TRIGGER","MATCH","9eba3563a7bc","9eba3563a7bc","VERIFY_DEPENDENCY_ONLY"
"DEPENDENCY_TABLE","table_grant","public","user_roles.anon.TRUNCATE","MATCH","74b7c2f17a45","74b7c2f17a45","VERIFY_DEPENDENCY_ONLY"
"DEPENDENCY_TABLE","table_grant","public","user_roles.anon.UPDATE","MATCH","1f3ed44c0389","1f3ed44c0389","VERIFY_DEPENDENCY_ONLY"
"DEPENDENCY_TABLE","table_grant","public","user_roles.authenticated.DELETE","MATCH","f745f4a0730b","f745f4a0730b","VERIFY_DEPENDENCY_ONLY"
"DEPENDENCY_TABLE","table_grant","public","user_roles.authenticated.INSERT","MATCH","9d3af2d939c5","9d3af2d939c5","VERIFY_DEPENDENCY_ONLY"
"DEPENDENCY_TABLE","table_grant","public","user_roles.authenticated.REFERENCES","MATCH","b3f418e9bd18","b3f418e9bd18","VERIFY_DEPENDENCY_ONLY"
"DEPENDENCY_TABLE","table_grant","public","user_roles.authenticated.SELECT","MATCH","18584dfec473","18584dfec473","VERIFY_DEPENDENCY_ONLY"
"DEPENDENCY_TABLE","table_grant","public","user_roles.authenticated.TRIGGER","MATCH","50d0181c018c","50d0181c018c","VERIFY_DEPENDENCY_ONLY"
"DEPENDENCY_TABLE","table_grant","public","user_roles.authenticated.TRUNCATE","MATCH","8fc27dca6287","8fc27dca6287","VERIFY_DEPENDENCY_ONLY"
"DEPENDENCY_TABLE","table_grant","public","user_roles.authenticated.UPDATE","MATCH","e843ec94e215","e843ec94e215","VERIFY_DEPENDENCY_ONLY"
"DEPENDENCY_TABLE","table_grant","public","user_roles.postgres.DELETE","MATCH","14e876f2e50d","14e876f2e50d","VERIFY_DEPENDENCY_ONLY"
"DEPENDENCY_TABLE","table_grant","public","user_roles.postgres.INSERT","MATCH","24d869e93e37","24d869e93e37","VERIFY_DEPENDENCY_ONLY"
"DEPENDENCY_TABLE","table_grant","public","user_roles.postgres.REFERENCES","MATCH","81e6110865b1","81e6110865b1","VERIFY_DEPENDENCY_ONLY"
"DEPENDENCY_TABLE","table_grant","public","user_roles.postgres.SELECT","MATCH","ce4e877fb8dd","ce4e877fb8dd","VERIFY_DEPENDENCY_ONLY"
"DEPENDENCY_TABLE","table_grant","public","user_roles.postgres.TRIGGER","MATCH","976079d7529e","976079d7529e","VERIFY_DEPENDENCY_ONLY"
"DEPENDENCY_TABLE","table_grant","public","user_roles.postgres.TRUNCATE","MATCH","723abd1786db","723abd1786db","VERIFY_DEPENDENCY_ONLY"
"DEPENDENCY_TABLE","table_grant","public","user_roles.postgres.UPDATE","MATCH","8f587736bc58","8f587736bc58","VERIFY_DEPENDENCY_ONLY"
"DEPENDENCY_TABLE","table_grant","public","user_roles.service_role.DELETE","MATCH","66625f658d68","66625f658d68","VERIFY_DEPENDENCY_ONLY"
"DEPENDENCY_TABLE","table_grant","public","user_roles.service_role.INSERT","MATCH","f7c57da5cac7","f7c57da5cac7","VERIFY_DEPENDENCY_ONLY"
"DEPENDENCY_TABLE","table_grant","public","user_roles.service_role.REFERENCES","MATCH","0b86ed8e442b","0b86ed8e442b","VERIFY_DEPENDENCY_ONLY"
"DEPENDENCY_TABLE","table_grant","public","user_roles.service_role.SELECT","MATCH","49609e35ffc7","49609e35ffc7","VERIFY_DEPENDENCY_ONLY"
"DEPENDENCY_TABLE","table_grant","public","user_roles.service_role.TRIGGER","MATCH","d8ab0729f07d","d8ab0729f07d","VERIFY_DEPENDENCY_ONLY"
"DEPENDENCY_TABLE","table_grant","public","user_roles.service_role.TRUNCATE","MATCH","03e8b6fd22d7","03e8b6fd22d7","VERIFY_DEPENDENCY_ONLY"
"DEPENDENCY_TABLE","table_grant","public","user_roles.service_role.UPDATE","MATCH","79e446e130cf","79e446e130cf","VERIFY_DEPENDENCY_ONLY"
"DEPENDENCY_TABLE","table","public","associations","MATCH","d9223ac9ffc9","d9223ac9ffc9","VERIFY_DEPENDENCY_ONLY"
"DEPENDENCY_TABLE","table","public","clubs","MATCH","39f0c22720b0","39f0c22720b0","VERIFY_DEPENDENCY_ONLY"
"DEPENDENCY_TABLE","table","public","divisions","DIFFERENT","46f64788f07f","979e0bf69f89","VERIFY_DEPENDENCY_ONLY"
"DEPENDENCY_TABLE","table","public","profiles","DIFFERENT","52f5ee46c03a","8df3c7befc66","VERIFY_DEPENDENCY_ONLY"
"DEPENDENCY_TABLE","table","public","requests","MATCH","89281d82499f","89281d82499f","VERIFY_DEPENDENCY_ONLY"
"DEPENDENCY_TABLE","table","public","team_memberships","MATCH","9300dba739da","9300dba739da","VERIFY_DEPENDENCY_ONLY"
"DEPENDENCY_TABLE","table","public","teams","DIFFERENT","436cc3a30b47","5b7e6310b89b","VERIFY_DEPENDENCY_ONLY"
"DEPENDENCY_TABLE","table","public","user_roles","MATCH","ee8594749416","ee8594749416","VERIFY_DEPENDENCY_ONLY"
"DEPENDENCY_TABLE","trigger","public","associations.refresh_association_fixture_fill_in_expiry","MATCH","017cf164a3ee","017cf164a3ee","VERIFY_DEPENDENCY_ONLY"
"DEPENDENCY_TABLE","trigger","public","associations.trg_associations_updated","MATCH","9061680915ba","9061680915ba","VERIFY_DEPENDENCY_ONLY"
"DEPENDENCY_TABLE","trigger","public","clubs.trg_clubs_updated","MATCH","c180f4f2cf49","c180f4f2cf49","VERIFY_DEPENDENCY_ONLY"
"DEPENDENCY_TABLE","trigger","public","divisions.refresh_division_fixture_fill_in_expiry","MATCH","408833810f85","408833810f85","VERIFY_DEPENDENCY_ONLY"
"DEPENDENCY_TABLE","trigger","public","profiles.guard_registered_club_change","MATCH","f5d3c1acd806","f5d3c1acd806","VERIFY_DEPENDENCY_ONLY"
"DEPENDENCY_TABLE","trigger","public","profiles.trg_profiles_updated","MATCH","8aebb0b8bf48","8aebb0b8bf48","VERIFY_DEPENDENCY_ONLY"
"DEPENDENCY_TABLE","trigger","public","requests.set_requests_updated_at","MATCH","d2dfdb47571b","d2dfdb47571b","VERIFY_DEPENDENCY_ONLY"
"DEPENDENCY_TABLE","trigger","public","team_memberships.ensure_player_role_for_active_membership_trigger","MATCH","486933565bbf","486933565bbf","VERIFY_DEPENDENCY_ONLY"
"DEPENDENCY_TABLE","trigger","public","team_memberships.set_team_membership_activation_date","MATCH","9eab573d54c1","9eab573d54c1","VERIFY_DEPENDENCY_ONLY"
"DEPENDENCY_TABLE","trigger","public","team_memberships.sync_registered_club_from_primary_membership","MATCH","f82b1bec7b2d","f82b1bec7b2d","VERIFY_DEPENDENCY_ONLY"
"DEPENDENCY_TABLE","trigger","public","team_memberships.team_membership_integrity_guard","DEV_ONLY","42adf6496869","","VERIFY_DEPENDENCY_ONLY"
"DEPENDENCY_TABLE","trigger","public","team_memberships.trg_team_memberships_updated","MATCH","cc4373a18378","cc4373a18378","VERIFY_DEPENDENCY_ONLY"
"DEPENDENCY_TABLE","trigger","public","teams.guard_team_mvp_enabled_insert","MATCH","bb7a3c0e1cfd","bb7a3c0e1cfd","VERIFY_DEPENDENCY_ONLY"
"DEPENDENCY_TABLE","trigger","public","teams.guard_team_mvp_enabled_write","MATCH","64fc2368c1b3","64fc2368c1b3","VERIFY_DEPENDENCY_ONLY"
"DEPENDENCY_TABLE","trigger","public","teams.guard_team_mvp_notifications_write","MATCH","e0cab7cf40c7","e0cab7cf40c7","VERIFY_DEPENDENCY_ONLY"
"DEPENDENCY_TABLE","trigger","public","teams.trg_teams_updated","MATCH","0daf54052e3a","0daf54052e3a","VERIFY_DEPENDENCY_ONLY"
"DEPENDENCY_TABLE","trigger","public","user_roles.user_role_duplicate_insert_guard","DEV_ONLY","f0975589b594","","VERIFY_DEPENDENCY_ONLY"
