"version","file","git_change","recorded_in_production_history","proposed_batch","decision","reason","risk_flags","production_schema_signal","referenced_objects","migration_summary"
"20260730114925","20260730114925_public_umpire_portal.sql","Main only","No","B3 Umpire operations","CURATE_AND_REHEARSE","Do not apply the historical file directly until live-schema equivalence, dependencies and data effects are proven.","data-insert; rls-or-policy; grant-change","2/5 names mentioned in Production schema","public.create_public_umpire_vote; public.player_vote_lines; public.player_vote_submissions; public.public_umpire_portal_events; public.public_umpire_portal_events_id_seq","Public Umpire Match Voting submissions are written only by the guarded Edge Function. Existing authenticated submission and review behaviour remains unchanged."
"20260730124436","20260730124436_restore_default_voter_role.sql","Main only","No","B3 Umpire operations","CURATE_AND_REHEARSE","Do not apply the historical file directly until live-schema equivalence, dependencies and data effects are proven.","data-insert; security-definer; grant-change","All names mentioned in Production schema","public.handle_new_user; public.profiles; public.user_role_enum; public.user_roles","Restore one limited, unscoped VOTER role for every newly-created auth user. Player-specific workflows may still add PLAYER when a person is deliberately assigned to an active team. Existing users and roles are not backfilled."
"20260731132457","20260731132457_add_stable_revsports_competition_external_ids.sql","Main only","No","B3 Hockey operations","CURATE_AND_REHEARSE","Do not apply the historical file directly until live-schema equivalence, dependencies and data effects are proven.","data-update","All names mentioned in Production schema","public.external_entities","Give RevSports competitions a stable synthetic source ID so future scraper runs update the same mapping row instead of creating duplicates."
"20260801013000","20260801013000_harden_field_template_grants.sql","Main only","No","B1 Shared database foundation","REPLACE_WITH_COMPATIBILITY_BRIDGE","Original file fails because live Production has no public.field_templates table.","grant-change","None mentioned in Production schema","public.field_templates","Keep reusable formation templates private to signed-in users. RLS controls which signed-in users can read or manage each owner scope."
"20260801030000","20260801030000_atomic_umpire_match_vote_submit.sql","Main only","No","B3 Umpire operations","CURATE_AND_REHEARSE","Do not apply the historical file directly until live-schema equivalence, dependencies and data effects are proven.","data-update; data-insert; security-definer; grant-change","5/6 names mentioned in Production schema","auth.uid; public.divisions; public.fixtures; public.player_vote_lines; public.player_vote_submissions; public.submit_umpire_match_vote; public.user_roles","Submit a signed-in Umpire Match Voting ballot in one transaction. The function derives fixture scope from the live fixture and validates the scheme, teams and actor before writing either the header or vote lines."
"20260801040000","20260801040000_atomic_membership_request_approval.sql","Main only","No","B1 Access and identity","CURATE_AND_REHEARSE","Do not apply the historical file directly until live-schema equivalence, dependencies and data effects are proven.","data-update; data-insert; security-definer; grant-change","8/9 names mentioned in Production schema","auth.uid; public.approve_membership_request; public.clubs; public.membership_status_enum; public.membership_type_enum; public.request_status_enum; public.requests; public.team_memberships; public.teams; public.user_roles","Approve one team membership request and apply its membership changes in a single transaction. The function derives organisation scope from the team and checks the signed-in administrator before changing any row."
"20260801041000","20260801041000_safe_venue_delete.sql","Main only","No","B3 Hockey operations","CURATE_AND_REHEARSE","Do not apply the historical file directly until live-schema equivalence, dependencies and data effects are proven.","data-delete; security-definer; grant-change","9/10 names mentioned in Production schema","auth.uid; public.delete_unused_venue; public.fixtures; public.pitches; public.revsports_pitch_mappings; public.revsports_venue_mappings; public.teams; public.umpire_fixtures; public.user_roles; public.venue_associations; public.venues","Delete an unused venue in one transaction. Historical fixture, umpire and RevSports mapping links must be reassigned first so ON DELETE SET NULL does not silently remove useful data-quality context."
"20260801050000","20260801050000_scoped_module_controls.sql","Main only","No","B1 Access and identity","CURATE_AND_REHEARSE","Do not apply the historical file directly until live-schema equivalence, dependencies and data effects are proven.","data-delete; data-update; data-insert; security-definer; rls-or-policy; grant-change","7/13 names mentioned in Production schema","auth.uid; public.associations; public.can_manage_module_scope; public.clear_module_feature_flag; public.clubs; public.divisions; public.module_feature_flags; public.module_feature_flags_scope_key; public.profiles; public.resolve_module_enabled; public.set_module_feature_flag; public.teams; public.user_role_enum; public.user_roles","Allow association and club administrators to control SportStack modules at association, club, division and team scope. A missing row inherits from the closest parent; all current modules remain enabled by default."
"20260801060000","20260801060000_committee_setup.sql","Main only","No","B4 Governance and safety","CURATE_AND_REHEARSE","Do not apply the historical file directly until live-schema equivalence, dependencies and data effects are proven.","data-update; security-definer; rls-or-policy; grant-change; cron-or-trigger","5/17 names mentioned in Production schema","auth.uid; public.associations; public.can_manage_committee_scope; public.can_view_committee; public.clubs; public.committee_documents; public.committee_member_qualifications; public.committee_members; public.committee_positions; public.committees; public.has_committee_permission; public.is_active_committee_member; public.profiles; public.set_committee_updated_at; public.user_role_enum; public.user_roles; public.validate_committee_member_position; public.validate_committee_scope","Association and club committee setup. Position permissions flow to current appointments; committee records are private to scoped administrators and current committee members."
"20260801070000","20260801070000_committee_operations.sql","Main only","No","B4 Governance and safety","CURATE_AND_REHEARSE","Do not apply the historical file directly until live-schema equivalence, dependencies and data effects are proven.","data-update; data-insert; security-definer; rls-or-policy; grant-change; cron-or-trigger","1/26 names mentioned in Production schema","auth.uid; public.audit_committee_activity; public.can_manage_committee_scope; public.can_view_committee; public.committee_activity_log; public.committee_agenda_template_items; public.committee_agenda_templates; public.committee_documents; public.committee_meeting_items; public.committee_meetings; public.committee_member_qualifications; public.committee_members; public.committee_messages; public.committee_poll_answers; public.committee_poll_questions; public.committee_poll_responses; public.committee_polls; public.committee_positions; public.committees; public.create_committee_agenda_template; public.create_committee_meeting_from_template; public.create_committee_poll; public.has_committee_permission; public.is_active_committee_member; public.profiles; public.set_committee_updated_at; public.submit_committee_poll_response","Committee polls, meeting templates/minutes, decisions/actions, private chat and append-only activity history. Scoped administrators can administer committee records, but voting and chat"
"20260801071000","20260801071000_committee_operations_hardening.sql","Main only","No","B4 Governance and safety","CURATE_AND_REHEARSE","Do not apply the historical file directly until live-schema equivalence, dependencies and data effects are proven.","grant-change","None mentioned in Production schema","public.audit_committee_activity; public.set_committee_updated_at","Trigger helpers are internal database functions and must not be callable through the public API."
"20260801072000","20260801072000_committee_operations_indexes.sql","Main only","No","B4 Governance and safety","CURATE_AND_REHEARSE","Do not apply the historical file directly until live-schema equivalence, dependencies and data effects are proven.","none detected","None mentioned in Production schema","public.committee_activity_log; public.committee_agenda_template_items; public.committee_agenda_templates; public.committee_documents; public.committee_meeting_items; public.committee_meetings; public.committee_member_qualifications; public.committee_members; public.committee_messages; public.committee_poll_answers; public.committee_poll_responses; public.committee_polls; public.committees","Cover committee foreign keys used by joins, permission checks and filters."
"20260801080000","20260801080000_safety_hub_write_workflows.sql","Main only","No","B4 Governance and safety","CURATE_AND_REHEARSE","Do not apply the historical file directly until live-schema equivalence, dependencies and data effects are proven.","data-update; data-insert; grant-change","8/9 names mentioned in Production schema","auth.uid; public.action_status_enum; public.rg_be_smart_actions; public.rg_bright_ideas; public.rg_quality_improvement_items; public.rg_record_links; public.rg_risk_register; public.rg_risk_reviews; public.risk_status_enum; public.save_safety_hub_form","Atomic write entrypoint for the existing Safety Hub forms. SECURITY INVOKER deliberately preserves the table RLS policies and audit triggers."
"20260801081000","20260801081000_safety_hub_linked_scope_fix.sql","Main only","No","B4 Governance and safety","CURATE_AND_REHEARSE","Do not apply the historical file directly until live-schema equivalence, dependencies and data effects are proven.","data-update; data-insert; grant-change","8/9 names mentioned in Production schema","auth.uid; public.action_status_enum; public.rg_be_smart_actions; public.rg_bright_ideas; public.rg_quality_improvement_items; public.rg_record_links; public.rg_risk_register; public.rg_risk_reviews; public.risk_status_enum; public.save_safety_hub_form","Linked records inherit the source record scope. This replaces the initial function without rewriting its applied migration history. A record created from another Safety Hub record inherits the permanent"
"20260801082000","20260801082000_committee_safety_links.sql","Main only","No","B4 Governance and safety","CURATE_AND_REHEARSE","Do not apply the historical file directly until live-schema equivalence, dependencies and data effects are proven.","data-update; security-definer; grant-change; cron-or-trigger","4/8 names mentioned in Production schema","public.committee_meeting_items; public.committee_meetings; public.committees; public.rg_be_smart_actions; public.rg_bright_ideas; public.rg_quality_improvement_items; public.rg_risk_register; public.validate_committee_meeting_safety_link","Meeting decisions can link to Safety Hub records, but only within the committee's organisation scope and only to a real supported record."
"20260801083000","20260801083000_scoped_administration_integrity.sql","Main only","No","B1 Access and identity","CURATE_AND_REHEARSE","Do not apply the historical file directly until live-schema equivalence, dependencies and data effects are proven.","data-delete; data-update; data-insert; security-definer; rls-or-policy; grant-change; cron-or-trigger","10/19 names mentioned in Production schema","auth.uid; auth.users; public.admin_cancel_team_invite; public.admin_create_team_invite; public.admin_manage_team_membership; public.admin_membership_integrity_report; public.admin_save_user_roles; public.administration_audit_log; public.administration_effective_mode; public.administration_scope_allows; public.app_role; public.associations; public.clubs; public.guard_team_membership_integrity; public.is_super_admin; public.membership_type_enum; public.profiles; public.requests; public.team_memberships; public.teams; public.user_roles","Scoped administration, membership integrity and immutable administration audit.  This migration deliberately does not clean historical duplicate memberships."
"20260801084000","20260801084000_administration_scope_reads_and_snapshot.sql","Main only","No","B1 Access and identity","CURATE_AND_REHEARSE","Do not apply the historical file directly until live-schema equivalence, dependencies and data effects are proven.","data-update; data-insert; security-definer; rls-or-policy; grant-change","6/14 names mentioned in Production schema","auth.uid; auth.users; public.admin_membership_integrity_report; public.admin_update_profile_details; public.admin_visible_profile_ids; public.administration_audit_log; public.administration_effective_mode; public.administration_integrity_snapshot_batches; public.administration_membership_integrity_snapshot; public.administration_scope_allows; public.clubs; public.is_super_admin; public.profiles; public.team_memberships; public.teams; public.user_roles","Scoped administration reads plus a non-destructive snapshot of the historical membership-integrity issues identified during owner testing."
"20260801085000","20260801085000_super_admin_viewing_scope.sql","Main only","No","B1 Access and identity","CURATE_AND_REHEARSE","Do not apply the historical file directly until live-schema equivalence, dependencies and data effects are proven.","security-definer; grant-change","3/5 names mentioned in Production schema","auth.uid; public.administration_effective_mode; public.administration_scope_allows; public.clubs; public.teams; public.user_roles","Keep Super Admin authority intact while allowing the selected ""Viewing as"" mode to apply the scope supplied by the interface. A real Super Admin may deliberately use a lower Viewing-as mode. The"
"20260801090000","20260801090000_communication_message_revisions.sql","Main only","No","B3 Communications","CURATE_AND_REHEARSE","Do not apply the historical file directly until live-schema equivalence, dependencies and data effects are proven.","data-update; data-insert; security-definer; rls-or-policy; cron-or-trigger","1/3 names mentioned in Production schema","auth.uid; auth.users; public.capture_communication_message_revision; public.communication_message_revisions; public.communication_messages","Preserve every earlier message version so participants can verify what changed."
"20260801091000","20260801091000_division_umpire_vote_scheme.sql","Main only","No","B3 Umpire operations","CURATE_AND_REHEARSE","Do not apply the historical file directly until live-schema equivalence, dependencies and data effects are proven.","data-update","All names mentioned in Production schema","public.divisions","Store the official Umpire Match Voting scheme with the division so the ballot cannot choose a different scheme from the configured competition. The Dev dry-run found 12 explicitly junior divisions. Preserve the existing"
"20260801092000","20260801092000_shared_sport_position_catalogue.sql","Main only","No","B3 Hockey operations","CURATE_AND_REHEARSE","Do not apply the historical file directly until live-schema equivalence, dependencies and data effects are proven.","data-update; data-insert; rls-or-policy; grant-change","7/9 names mentioned in Production schema","auth.uid; auth.users; public.associations; public.clubs; public.formation_positions; public.is_super_admin; public.player_position_preferences; public.sport_position_aliases; public.sport_position_groups; public.teams; public.user_roles",""
"20260801093000","20260801093000_safety_risk_configuration_workflow.sql","Main only","No","B4 Governance and safety","CURATE_AND_REHEARSE","Do not apply the historical file directly until live-schema equivalence, dependencies and data effects are proven.","data-update; data-insert; grant-change; cron-or-trigger","5/6 names mentioned in Production schema","auth.uid; private.rg_can_manage_scope; private.rg_prevent_category_rename; public.clubs; public.is_super_admin; public.rg_dropdown_values; public.rg_risk_matrix; public.rg_risk_settings; public.save_safety_risk_configuration","Audited, organisation-scoped Safety Hub matrix and category configuration."
"20260801094000","20260801094000_committee_work_and_storage.sql","Main only","No","B4 Governance and safety","CURATE_AND_REHEARSE","Do not apply the historical file directly until live-schema equivalence, dependencies and data effects are proven.","data-delete; data-update; data-insert; security-definer; rls-or-policy; grant-change; cron-or-trigger","5/24 names mentioned in Production schema","auth.uid; public.audit_committee_activity; public.can_upload_committee_file; public.can_view_committee; public.committee_activity_log; public.committee_agenda_template_items; public.committee_agenda_templates; public.committee_meeting_item_links; public.committee_meeting_items; public.committee_meetings; public.committee_members; public.committee_polls; public.committees; public.create_committee_agenda_template; public.create_committee_meeting_from_template; public.get_committee_meeting_item_links; public.has_committee_permission; public.profiles; public.rg_be_smart_actions; public.rg_bright_ideas; public.rg_quality_improvement_items; public.rg_risk_register; public.save_committee_meeting_attendance; public.set_committee_meeting_item_links; public.validate_committee_meeting_item_link; storage.buckets; storage.foldername; storage.objects","Complete the operational committee workspace without removing historical data. The original and later constraints used different QI labels. Keep the established short label consistently for both legacy and new links."
"20260801095000","20260801095000_restrict_administration_rpc_execution.sql","Main only","No","B1 Access and identity","CURATE_AND_REHEARSE","Do not apply the historical file directly until live-schema equivalence, dependencies and data effects are proven.","grant-change","2/10 names mentioned in Production schema","public.admin_cancel_team_invite; public.admin_create_team_invite; public.admin_manage_team_membership; public.admin_membership_integrity_report; public.admin_merge_profiles; public.admin_save_user_roles; public.admin_update_profile_details; public.admin_visible_profile_ids; public.administration_effective_mode; public.administration_scope_allows","Supabase grants new public functions directly to API roles through default privileges. Remove anonymous execution explicitly from administration RPCs. This older administrator function also mutates profile data and must never"
"20260801131220","20260801131220_fix_admin_role_enum_reference.sql","Main only","No","B1 Access and identity","CURATE_AND_REHEARSE","Do not apply the historical file directly until live-schema equivalence, dependencies and data effects are proven.","grant-change","3/4 names mentioned in Production schema","public.admin_save_user_roles; public.app_role; public.user_role_enum; public.user_roles","The live Dev schema uses public.user_role_enum for public.user_roles.role. The scoped administration migration retained one stale public.app_role cast, which caused Association Admin role saves to fail at runtime."
"20260802100000","20260802100000_advanced_permission_management.sql","Main only","No","B1 Access and identity","CURATE_AND_REHEARSE","Do not apply the historical file directly until live-schema equivalence, dependencies and data effects are proven.","data-delete; data-update; data-insert; security-definer; rls-or-policy; grant-change","8/29 names mentioned in Production schema","auth.uid; public.administration_audit_log; public.administration_effective_mode; public.associations; public.can_manage_module_scope; public.clubs; public.divisions; public.has_effective_permission; public.is_super_admin; public.permission_assignments; public.permission_catalogue; public.permission_group_members; public.permission_groups; public.permission_overrides; public.permission_scope_details; public.permission_set_permissions; public.permission_sets; public.permission_subject_matches; public.permission_user_in_scope; public.permission_visible_profiles; public.profiles; public.resolve_effective_permission; public.resolve_module_enabled; public.save_permission_assignment; public.save_permission_group; public.save_permission_override; public.save_permission_set; public.team_memberships; public.teams; public.user_roles","Reusable permission groups, named permission sets and direct user/role/group overrides. Organisation module flags remain the baseline; the closest subject-specific rule can make a narrower exception."
"20260802101000","20260802101000_harden_permission_subject_hierarchy.sql","Main only","No","B1 Access and identity","CURATE_AND_REHEARSE","Do not apply the historical file directly until live-schema equivalence, dependencies and data effects are proven.","security-definer; grant-change","2/12 names mentioned in Production schema","public.administration_effective_mode; public.permission_save_assignment_unchecked; public.permission_save_group_unchecked; public.permission_save_override_unchecked; public.permission_subject_manageable; public.permission_user_in_scope; public.permission_visible_profiles_for_mode; public.profiles; public.save_permission_assignment; public.save_permission_group; public.save_permission_override; public.user_roles","Keep permission management inside the same role hierarchy as user administration. The original scoped save functions remain private implementation details; the public wrappers below reject attempts to target an equal or higher role."
"20260802102000","20260802102000_harden_is_super_admin_search_path.sql","Main only","No","B1 Access and identity","CURATE_AND_REHEARSE","Do not apply the historical file directly until live-schema equivalence, dependencies and data effects are proven.","security-definer","All names mentioned in Production schema","auth.uid; public.is_super_admin; public.user_roles","Keep Super Admin checks reliable when called by functions that use an empty search path. Schema-qualified names also prevent object-shadowing attacks."
"20260802103000","20260802103000_harden_permission_function_execution.sql","Main only","No","B1 Access and identity","CURATE_AND_REHEARSE","Do not apply the historical file directly until live-schema equivalence, dependencies and data effects are proven.","security-definer; grant-change","2/18 names mentioned in Production schema","auth.uid; public.can_manage_module_scope; public.has_effective_permission; public.is_super_admin; public.permission_save_assignment_unchecked; public.permission_save_group_unchecked; public.permission_save_override_unchecked; public.permission_scope_details; public.permission_subject_manageable; public.permission_subject_matches; public.permission_user_in_scope; public.permission_visible_profiles; public.permission_visible_profiles_for_mode; public.profiles; public.resolve_effective_permission; public.save_permission_assignment; public.save_permission_group; public.save_permission_override; public.save_permission_set","Keep permission-management profile searches inside the caller's real scope. Internal SECURITY DEFINER helpers are deliberately not Data API endpoints. Owner-to-owner helpers only. They are called by the authenticated wrapper"
"20260802104000","20260802104000_validate_admin_role_scopes.sql","Main only","No","B1 Access and identity","CURATE_AND_REHEARSE","Do not apply the historical file directly until live-schema equivalence, dependencies and data effects are proven.","security-definer; grant-change","4/5 names mentioned in Production schema","public.admin_save_user_roles; public.admin_save_user_roles_unchecked; public.associations; public.clubs; public.teams","Reject incomplete, duplicate or mismatched role scopes before the existing scoped administration function changes any role rows."
"20260802105000","20260802105000_transactional_dev_account_and_role_guards.sql","Main only","No","B1 Access and identity","SPLIT_PRODUCTION_AND_DEV_CONTENT","Retain the generic duplicate-role guard but exclude disposable Dev-account helpers.","data-delete; data-update; data-insert; security-definer; grant-change; cron-or-trigger","9/12 names mentioned in Production schema","auth.users; public.administration_audit_log; public.associations; public.clubs; public.guard_user_role_duplicate_insert; public.membership_status_enum; public.membership_type_enum; public.profiles; public.provision_dev_test_account_data; public.team_memberships; public.teams; public.user_role_enum; public.user_roles","Transactional database reset for disposable Dev test accounts, plus a null-safe guard that blocks new duplicate role scopes without touching historical rows."
"20260802106000","20260802106000_mode_aware_permission_management.sql","Main only","No","B1 Access and identity","CURATE_AND_REHEARSE","Do not apply the historical file directly until live-schema equivalence, dependencies and data effects are proven.","security-definer; grant-change","1/20 names mentioned in Production schema","public.administration_effective_mode; public.administration_scope_allows; public.permission_assignments; public.permission_groups; public.permission_mode_scope_allows; public.permission_overrides; public.permission_save_assignment_unchecked; public.permission_save_group_unchecked; public.permission_save_override_unchecked; public.permission_save_set_unchecked; public.permission_scope_details; public.permission_sets; public.permission_subject_manageable; public.permission_user_in_scope; public.permission_visible_profiles_for_mode; public.profiles; public.save_permission_assignment; public.save_permission_group; public.save_permission_override; public.save_permission_set","Restrict advanced permission management to the scope of the caller's selected ""Viewing as"" mode, not merely the highest role on their account. Existing save implementations remain private so their validation and audit"
"20260802107000","20260802107000_mode_aware_permission_listing.sql","Main only","No","B1 Access and identity","CURATE_AND_REHEARSE","Do not apply the historical file directly until live-schema equivalence, dependencies and data effects are proven.","security-definer; grant-change","1/11 names mentioned in Production schema","public.list_permission_management_records_for_mode; public.permission_assignments; public.permission_group_members; public.permission_groups; public.permission_mode_scope_allows; public.permission_overrides; public.permission_set_permissions; public.permission_sets; public.permission_subject_manageable; public.permission_user_in_scope; public.profiles","Advanced permission administration must honour the selected ""Viewing as"" mode for reads as well as writes. The browser receives only records for the currently selected scope through this guarded RPC; direct Data API reads of"
"20260802108000","20260802108000_harden_permission_group_assignments.sql","Main only","No","B1 Access and identity","CURATE_AND_REHEARSE","Do not apply the historical file directly until live-schema equivalence, dependencies and data effects are proven.","security-definer; grant-change","None mentioned in Production schema","public.permission_assignments; public.permission_group_members; public.permission_groups; public.permission_mode_scope_allows; public.permission_overrides; public.permission_save_assignment_unchecked; public.permission_save_override_unchecked; public.permission_sets; public.permission_subject_manageable; public.permission_user_in_scope; public.save_permission_assignment; public.save_permission_override","Prevent direct RPC callers from applying a permission group outside the group's exact scope or to group members who are outside the caller's role hierarchy. The UI already filters these groups; these checks enforce the"
"20260802109000","20260802109000_authorise_dev_test_provisioning_session.sql","Main only","No","B1 Shared database foundation","EXCLUDE_DEV_ONLY","Authorises the disposable Dev-account provisioner.","security-definer; grant-change","1/2 names mentioned in Production schema","auth.sessions; public.authorise_dev_test_account_provisioning; public.user_roles","Authorise the Dev-only disposable-account provisioner against the live Auth session as well as the caller's current SUPER_ADMIN database role. The Edge Function calls this with the service role; browser callers cannot."
"20260802110000","20260802110000_mode_aware_runtime_permissions.sql","Main only","No","B1 Access and identity","CURATE_AND_REHEARSE","Do not apply the historical file directly until live-schema equivalence, dependencies and data effects are proven.","security-definer; grant-change","8/23 names mentioned in Production schema","auth.uid; public.administration_effective_mode; public.administration_scope_allows; public.associations; public.clubs; public.divisions; public.has_effective_permission; public.is_super_admin; public.permission_assignments; public.permission_catalogue; public.permission_group_members; public.permission_groups; public.permission_overrides; public.permission_set_permissions; public.permission_sets; public.permission_subject_matches_for_mode; public.permission_user_in_scope; public.resolve_effective_permission; public.resolve_effective_permission_for_mode; public.resolve_module_enabled; public.team_divisions; public.team_memberships; public.teams; public.user_roles","Runtime module access must honour the active Viewing-as mode. The previous resolver inspected every role on the signed-in account, so a higher stored role could still win while the interface was deliberately in a lower mode."
"20260802111000","20260802111000_scope_role_mutations_and_preserve_membership_player.sql","Main only","No","B1 Access and identity","CURATE_AND_REHEARSE","Do not apply the historical file directly until live-schema equivalence, dependencies and data effects are proven.","data-delete; data-insert; security-definer; grant-change","6/11 names mentioned in Production schema","auth.uid; public.admin_save_user_roles_unchecked; public.administration_audit_log; public.administration_effective_mode; public.administration_scope_allows; public.administration_target_profile_in_scope; public.clubs; public.profiles; public.team_memberships; public.teams; public.user_role_enum; public.user_roles","Close the remaining scoped role-mutation gaps without changing historical role or membership rows. "
"20260802112000","20260802112000_enforce_permission_set_scope_containment.sql","Main only","No","B1 Access and identity","CURATE_AND_REHEARSE","Do not apply the historical file directly until live-schema equivalence, dependencies and data effects are proven.","data-update; security-definer; grant-change; cron-or-trigger","1/7 names mentioned in Production schema","public.enforce_permission_assignment_scope; public.enforce_permission_set_owner_scope; public.permission_assignments; public.permission_scope_contains; public.permission_scope_details; public.permission_sets; public.team_divisions","Keep permission sets inside the organisation scope that owns them. An owner scope may assign at the same scope or below it, but never into a sibling scope or another organisation. This invariant is enforced at the"
"20260802113000","20260802113000_session_bound_permission_mode.sql","Main only","No","B1 Access and identity","CURATE_AND_REHEARSE","Do not apply the historical file directly until live-schema equivalence, dependencies and data effects are proven.","data-update; data-insert; security-definer; rls-or-policy; grant-change","None mentioned in Production schema","auth.jwt; auth.sessions; auth.uid; auth.users; private.auth_session_permission_mode_revision_seq; private.auth_session_permission_modes; private.module_allowed_for_current_session; public.administration_effective_mode; public.get_active_permission_mode; public.resolve_effective_permission_for_mode; public.set_active_permission_mode","Bind runtime module permissions to the caller's live Supabase Auth session. A browser-supplied mode is not trusted until this migration validates and stores it for that exact auth.sessions row."
"20260802113500","20260802113500_session_bound_permission_context.sql","Main only","No","B1 Access and identity","CURATE_AND_REHEARSE","Do not apply the historical file directly until live-schema equivalence, dependencies and data effects are proven.","data-update; data-insert; security-definer; grant-change","8/15 names mentioned in Production schema","auth.jwt; auth.sessions; auth.uid; private.active_permission_mode_for_current_session; private.auth_session_permission_mode_revision_seq; private.auth_session_permission_modes; private.current_session_scope_allows; private.module_allowed_for_current_session; private.permission_context_canonical_scope; public.administration_effective_mode; public.administration_scope_allows; public.associations; public.clubs; public.divisions; public.get_active_permission_mode; public.is_super_admin; public.resolve_effective_permission_for_mode; public.resolve_effective_permission_for_mode_unchecked; public.set_active_permission_context; public.set_active_permission_mode; public.team_divisions; public.team_memberships; public.teams; public.user_roles","Extend the live-session permission mode with the selected organisation cascade. Runtime permissions must use this stored, server-validated context instead of trusting independently supplied browser mode and scope values."
"20260802114000","20260802114000_enforce_committee_safety_module_access.sql","Main only","No","B4 Governance and safety","CURATE_AND_REHEARSE","Do not apply the historical file directly until live-schema equivalence, dependencies and data effects are proven.","security-definer; rls-or-policy; grant-change","4/30 names mentioned in Production schema","auth.jwt; auth.sessions; auth.uid; private.active_permission_mode_for_current_session; private.assert_committee_meeting_item_module_allowed; private.assert_committee_meeting_module_allowed; private.assert_committee_module_allowed; private.assert_committee_poll_module_allowed; private.auth_session_permission_modes; private.module_allowed_for_current_session; private.module_allowed_in_accessible_scope_for_current_session; private.module_allowed_in_stored_scope_for_current_session; private.permission_context_canonical_scope; private.rg_can_manage_scope; private.rg_can_manage_settings; private.rg_can_read_scope; private.rg_can_read_settings; private.rg_is_safety_admin; public.can_manage_committee_scope; public.can_upload_committee_file; public.can_view_committee; public.clubs; public.committee_meeting_items; public.committee_meetings; public.committee_member_qualifications; public.committee_members; public.committee_poll_answers; public.committee_poll_responses; public.committee_polls; public.committee_positions; public.committees; public.create_committee_agenda_template; public.create_committee_agenda_template_module_impl; public.create_committee_meeting_from_template; public.create_committee_meeting_from_template_module_impl; public.create_committee_poll; public.create_committee_poll_module_impl; public.has_committee_permission; public.is_active_committee_member; public.is_super_admin; public.rg_risk_settings; public.save_committee_meeting_attendance; public.save_committee_meeting_attendance_module_impl; public.set_committee_meeting_item_links; public.set_committee_meeting_item_links_module_impl; public.submit_committee_poll_response; public.submit_committee_poll_response_module_impl; public.user_roles","Enforce session-bound module access at the Committee Management and Safety Hub data boundaries. This migration depends on 20260802113500. Committee and Safety records are commonly scoped only to an association or"
"20260802115000","20260802115000_enforce_voting_module_access.sql","Main only","No","B1 Access and identity","CURATE_AND_REHEARSE","Do not apply the historical file directly until live-schema equivalence, dependencies and data effects are proven.","data-update; security-definer; rls-or-policy; grant-change; cron-or-trigger","33/54 names mentioned in Production schema","auth.uid; private.enforce_mvp_vote_token_session; private.module_allowed_for_current_session; private.mvp_create_pending_session; private.mvp_initial_close_at; private.mvp_write_audit; private.player_mvp_fixture_team_allowed_for_current_session; private.player_mvp_session_allowed_for_current_session; private.player_mvp_session_row_allowed_for_current_session; private.player_mvp_team_allowed_for_current_session; private.player_mvp_vote_allowed_for_current_session; private.umpire_match_fixture_allowed_for_current_session; private.umpire_match_submission_allowed_for_current_session; private.umpire_match_submission_row_allowed_for_current_session; private.voting_request_is_service_role; public.close_legacy_mvp_sessions_for_cutover; public.close_mvp_voting_session; public.close_mvp_voting_session_module_impl_20260802115000; public.clubs; public.create_mvp_session_for_fixture; public.current_session_can_access_voting_module; public.fixtures; public.get_mvp_result_check_state; public.get_mvp_result_check_state_module_impl_20260802115000; public.get_mvp_session_results; public.get_mvp_session_results_module_impl_20260802115000; public.mvp_result_checks; public.mvp_session_status; public.mvp_tokens; public.mvp_vote_audit; public.mvp_vote_submissions; public.mvp_vote_tokens; public.mvp_votes; public.mvp_voting_email_events; public.mvp_voting_sessions; public.open_mvp_voting_session; public.open_mvp_voting_session_module_impl_20260802115000; public.player_mvp_public_session_enabled; public.player_mvp_public_session_row_enabled; public.player_mvp_public_vote_enabled; public.player_vote_edits; public.player_vote_lines; public.player_vote_submissions; public.record_mvp_result_check; public.record_mvp_result_check_module_impl_20260802115000; public.reopen_mvp_voting_session; public.reopen_mvp_voting_session_module_impl_20260802115000; public.request_mvp_session_reopen; public.request_mvp_session_reopen_module_impl_20260802115000; public.resolve_module_enabled; public.resolve_mvp_result_dispute; public.resolve_mvp_result_dispute_module_impl_20260802115000; public.review_umpire_vote_submission; public.review_umpire_vote_submission_module_impl_20260802115000; public.set_team_mvp_enabled; public.set_team_mvp_enabled_module_impl_20260802115000; public.set_team_mvp_notifications_enabled; public.set_team_mvp_notifications_enabled_module_impl_20260802115000; public.submit_mvp_ballot; public.submit_mvp_ballot_module_impl_20260802115000; public.submit_umpire_match_vote; public.submit_umpire_match_vote_module_impl_20260802115000; public.teams; public.umpire_match_voting_enabled_fixture_ids; public.umpire_vote_edits; public.umpire_vote_lines; public.umpire_vote_submissions; public.withdraw_mvp_submission; public.withdraw_mvp_submission_module_impl_20260802115000","Enforce module availability at the voting data and RPC boundaries. Browser requests use the active, session-bound permission mode introduced by 20260802113500. Service-role jobs remain callable, but their Edge"
"20260802231405","20260802231405_reserved_dev_test_account_lookup.sql","Main only","No","B1 Shared database foundation","EXCLUDE_DEV_ONLY","Contains the fixed reserved Dev test identities.","security-definer; grant-change","None mentioned in Production schema","auth.users; public.get_reserved_dev_test_account_id","Service-only lookup for the seven reserved disposable SportStack Dev test identities. The Edge Function still performs live-session and Super Admin authorisation before calling this helper."
"20260803090000","20260803090000_scope_reserved_umpire_voter_accounts.sql","Main only","No","B3 Umpire operations","EXCLUDE_DEV_ONLY","Resets reserved disposable Dev Umpire and Voter accounts.","data-delete; data-update; data-insert; security-definer; grant-change","6/9 names mentioned in Production schema","public.administration_audit_log; public.clubs; public.membership_status_enum; public.membership_type_enum; public.provision_dev_test_account_data; public.provision_dev_test_account_data_scoped; public.team_memberships; public.teams; public.user_roles","Give the reserved Umpire and Voter Dev accounts a disposable team context while retaining exactly one stored role. This wrapper keeps every database write in one transaction and leaves the original provisioning function"
"20260803100000","20260803100000_include_role_scoped_admin_users.sql","Main only","No","B1 Access and identity","CURATE_AND_REHEARSE","Do not apply the historical file directly until live-schema equivalence, dependencies and data effects are proven.","security-definer; grant-change","5/8 names mentioned in Production schema","auth.uid; public.admin_visible_profile_ids; public.administration_effective_mode; public.administration_scope_allows; public.clubs; public.profiles; public.team_memberships; public.teams; public.user_roles","Include role-only accounts in scoped administration user lists.  Coaches, Team Managers and administrators do not need a player membership."
"20260803101000","20260803101000_include_role_scoped_admin_mutations.sql","Main only","No","B1 Access and identity","CURATE_AND_REHEARSE","Do not apply the historical file directly until live-schema equivalence, dependencies and data effects are proven.","data-update; security-definer; grant-change","5/8 names mentioned in Production schema","public.administration_effective_mode; public.administration_scope_allows; public.administration_target_profile_in_scope; public.clubs; public.profiles; public.team_memberships; public.teams; public.user_roles","Allow authorised administrators to update a role-only account in scope.  This keeps the mutation boundary aligned with admin_visible_profile_ids."
"20260803102000","20260803102000_exclude_broadcast_author_notifications.sql","Main only","No","B3 Communications","CURATE_AND_REHEARSE","Do not apply the historical file directly until live-schema equivalence, dependencies and data effects are proven.","data-insert; security-definer; grant-change","All names mentioned in Production schema","auth.users; private.notify_communication_message; public.clubs; public.communication_channels; public.communication_email_deliveries; public.notification_category_preferences; public.notifications; public.team_memberships; public.teams","Do not notify or email the author about their own official update."
"20260803103000","20260803103000_notify_selected_player_availability_changes.sql","Main only","No","B4 Coordination","CURATE_AND_REHEARSE","Do not apply the historical file directly until live-schema equivalence, dependencies and data effects are proven.","data-update; data-insert; security-definer; grant-change; cron-or-trigger","9/10 names mentioned in Production schema","public.fixture_availability; public.fixture_lineup_assignments; public.fixture_lineups; public.fixtures; public.notifications; public.notify_selected_player_availability_change; public.profiles; public.teams; public.user_role_enum; public.user_roles","Notify the people managing a published line-up when a selected player's availability changes. Keeping this in Postgres covers every app screen and avoids relying on a particular browser being open."
"20260803104000","20260803104000_allow_umpire_role_fixture_scope.sql","Main only","No","B3 Umpire operations","CURATE_AND_REHEARSE","Do not apply the historical file directly until live-schema equivalence, dependencies and data effects are proven.","security-definer; grant-change","4/5 names mentioned in Production schema","auth.uid; private.active_permission_mode_for_current_session; private.module_allowed_for_current_session; private.umpire_match_fixture_allowed_for_current_session; public.clubs; public.fixtures; public.resolve_effective_permission_for_mode_unchecked; public.teams; public.user_roles","Umpire is currently presented through Player mode in the application. A signed-in umpire may therefore have a team selected in the normal cascade while voting on a different completed fixture in the same association."
"20260804071327","20260804071327_expense_hub_stage_one.sql","Main only","No","B5 Expense","CURATE_AND_REHEARSE","Do not apply the historical file directly until live-schema equivalence, dependencies and data effects are proven.","data-update; data-insert; security-definer; rls-or-policy; grant-change; cron-or-trigger","3/17 names mentioned in Production schema","auth.uid; auth.users; private.expense_attachment_audit; private.expense_prepare_record; private.expense_prepare_scoped_reference; private.expense_write_audit; public.associations; public.clubs; public.expense_attachments; public.expense_audit_events; public.expense_categories; public.expense_export_batches; public.expense_export_items; public.expense_hub_access; public.expense_payment_methods; public.expense_record_access; public.expense_scope_allows; public.expense_storage_can_access; public.expense_supplier_aliases; public.expense_suppliers; public.expenses; public.has_expense_hub_access; public.profiles; storage.buckets; storage.objects","SportStack Expense Hub - complete manual Stage 1 foundation. Personal records stay private. Association and club sharing requires an explicit Expense Hub access grant; ordinary SportStack admin roles do not"
"20260804073000","20260804073000_harden_expense_hub_access_and_indexes.sql","Main only","No","B5 Expense","CURATE_AND_REHEARSE","Do not apply the historical file directly until live-schema equivalence, dependencies and data effects are proven.","security-definer","None mentioned in Production schema","public.expense_attachments; public.expense_categories; public.expense_export_batches; public.expense_hub_access; public.expense_payment_methods; public.expense_record_access; public.expense_scope_allows; public.expense_storage_can_access; public.expense_supplier_aliases; public.expense_suppliers; public.expenses; public.has_expense_hub_access","Follow-up hardening for the applied Expense Hub foundation. The helpers can use SECURITY INVOKER because every underlying table has explicit authenticated grants and matching RLS. This removes avoidable"
"20260804074800","20260804074800_allow_expense_finance_admin_edits.sql","Main only","No","B5 Expense","CURATE_AND_REHEARSE","Do not apply the historical file directly until live-schema equivalence, dependencies and data effects are proven.","data-update; rls-or-policy; cron-or-trigger","None mentioned in Production schema","private.expense_prevent_owner_change; public.expense_attachments; public.expense_categories; public.expense_payment_methods; public.expense_record_access; public.expense_scope_allows; public.expense_suppliers; public.expenses","Allow explicitly authorised finance administrators to manage records in their granted association or club scope without allowing ownership changes."
"20260804080500","20260804080500_allow_expense_finance_admin_aliases.sql","Main only","No","B5 Expense","CURATE_AND_REHEARSE","Do not apply the historical file directly until live-schema equivalence, dependencies and data effects are proven.","rls-or-policy","None mentioned in Production schema","auth.uid; public.expense_scope_allows; public.expense_supplier_aliases; public.expense_suppliers","Supplier aliases are part of organisation supplier management. Permit an explicitly authorised finance administrator to manage aliases in scope."
"20260804084438","20260804084438_restrict_fixture_management_to_association_admins.sql","Main only","No","B3 Hockey operations","CURATE_AND_REHEARSE","Do not apply the historical file directly until live-schema equivalence, dependencies and data effects are proven.","rls-or-policy","3/4 names mentioned in Production schema","public.administration_scope_allows; public.clubs; public.fixtures; public.teams","Limit fixture mutations to the active Super Admin mode or the selected Association Admin scope. Club and team roles retain authenticated read access."
"20260804181000","20260804181000_expense_hub_stage_two_foundation.sql","Main only","No","B5 Expense","CURATE_AND_REHEARSE","Do not apply the historical file directly until live-schema equivalence, dependencies and data effects are proven.","data-update; data-insert; rls-or-policy; grant-change","3/16 names mentioned in Production schema","auth.uid; public.associations; public.clubs; public.expense_ai_extraction_results; public.expense_ai_field_suggestions; public.expense_ai_processing_jobs; public.expense_attachments; public.expense_categories; public.expense_import_storage_can_access; public.expense_payment_methods; public.expense_record_access; public.expense_scope_allows; public.expense_statement_imports; public.expense_statement_lines; public.expense_suppliers; public.expenses; public.profiles; storage.buckets; storage.foldername; storage.objects","Expense Hub Stage 2 foundation: bank statement review and AI evidence extraction."
"20260804183000","20260804183000_harden_expense_stage_two_ownership.sql","Main only","No","B5 Expense","CURATE_AND_REHEARSE","Do not apply the historical file directly until live-schema equivalence, dependencies and data effects are proven.","data-update; rls-or-policy; grant-change; cron-or-trigger","None mentioned in Production schema","auth.uid; private.expense_prevent_import_scope_change; private.expense_prevent_owner_change; public.expense_ai_processing_jobs; public.expense_scope_allows; public.expense_statement_imports; public.expense_statement_lines","Keep imported ownership/scope immutable and reserve AI job writes for the server-side processor."
"20260804190000","20260804190000_complete_expense_hub_stage_two.sql","Main only","No","B5 Expense","CURATE_AND_REHEARSE","Do not apply the historical file directly until live-schema equivalence, dependencies and data effects are proven.","none detected","1/3 names mentioned in Production schema","public.expense_ai_processing_jobs; public.expense_statement_imports; public.profiles","Complete Expense Hub Stage 2 provider usage, statement processing and approval tracking."
"20260804190500","20260804190500_limit_expense_statement_scans.sql","Main only","No","B5 Expense","CURATE_AND_REHEARSE","Do not apply the historical file directly until live-schema equivalence, dependencies and data effects are proven.","none detected","None mentioned in Production schema","public.expense_statement_imports","Limit repeated AI scans of the same PDF bank statement."
"20260810090000","20260810090000_harden_functions_and_rls_performance.sql","Main only","No","B1 Shared database foundation","CURATE_AND_REHEARSE","Do not apply the historical file directly until live-schema equivalence, dependencies and data effects are proven.","grant-change","22/25 names mentioned in Production schema","auth.jwt; auth.role; auth.uid; public.capture_communication_message_revision; public.ensure_player_role_for_active_membership; public.error_logs; public.expense_statement_lines; public.external_entity_links; public.fixtures; public.guard_team_membership_integrity; public.mvp_votes; public.mvp_voting_sessions; public.notifications; public.player_vote_edits; public.player_vote_lines; public.profile_claim_audit; public.revsports_player_mappings; public.revsports_player_registry; public.revsports_players; public.revsports_team_mappings; public.rls_auto_enable; public.source_revsports_change_log; public.source_revsports_matches; public.source_revsports_player_appearances; public.source_scrape_runs; public.team_memberships; public.update_requests_updated_at; public.update_updated_at","Tighten direct function access, fix two mutable search paths and address the verified RLS/FK performance advisories without changing policy semantics."
"20260811090305","20260811090305_guided_committee_workflow.sql","Main only","No","B4 Governance and safety","CURATE_AND_REHEARSE","Do not apply the historical file directly until live-schema equivalence, dependencies and data effects are proven.","data-update; data-insert; security-definer; rls-or-policy; grant-change; cron-or-trigger","5/17 names mentioned in Production schema","auth.uid; private.is_committee_candidate; private.is_committee_setup_manager; private.module_allowed_in_accessible_scope_for_current_session; public.can_create_committee; public.can_manage_committee_scope; public.can_view_committee; public.clubs; public.committee_members; public.committee_positions; public.committees; public.create_committee_with_setup; public.has_committee_permission; public.is_active_committee_member; public.list_committee_candidates; public.profiles; public.team_memberships; public.teams; public.user_roles; public.validate_committee_hierarchy; public.validate_committee_member_scope","Guided committee creation and one-level private subcommittees. Existing committees remain standing root committees with their current access."
"20260811091322","20260811091322_fix_guided_committee_creation_returning.sql","Main only","No","B4 Governance and safety","CURATE_AND_REHEARSE","Do not apply the historical file directly until live-schema equivalence, dependencies and data effects are proven.","data-insert; grant-change","None mentioned in Production schema","auth.uid; public.committee_members; public.committee_positions; public.committees; public.create_committee_with_setup","Avoid INSERT ... RETURNING checks against committee read policies while preserving security-invoker RLS and one atomic transaction."
"20260812110000","20260812110000_incident_discipline_foundation.sql","Main only","No","B4 Governance and safety","CURATE_AND_REHEARSE","Do not apply the historical file directly until live-schema equivalence, dependencies and data effects are proven.","data-update; data-insert; security-definer; grant-change; cron-or-trigger","7/39 names mentioned in Production schema","auth.uid; private.discipline_set_updated_at; public.associations; public.can_manage_module_scope; public.clubs; public.committees; public.discipline_allegation_revisions; public.discipline_allegations; public.discipline_audit_events; public.discipline_calendar_exclusions; public.discipline_case_members; public.discipline_case_number_seq; public.discipline_case_people; public.discipline_cases; public.discipline_classification_assessments; public.discipline_classification_rules; public.discipline_deadline_definitions; public.discipline_deadline_events; public.discipline_deadlines; public.discipline_decisions; public.discipline_evidence; public.discipline_finding_revisions; public.discipline_findings; public.discipline_investigator_setups; public.discipline_local_variations; public.discipline_natural_justice_checks; public.discipline_notifications; public.discipline_portal_access; public.discipline_report_snapshots; public.discipline_rule_clauses; public.discipline_rule_packs; public.discipline_witnesses; public.divisions; public.fixtures; public.module_feature_flags; public.permission_catalogue; public.profiles; public.resolve_module_enabled; public.rg_risk_register; public.set_module_feature_flag; public.teams","Private, case-assigned Incident & Discipline records for Phase 1. Case content and module configuration are deliberately separate permissions."
"20260812111000","20260812111000_incident_discipline_workflows.sql","Main only","No","B4 Governance and safety","CURATE_AND_REHEARSE","Do not apply the historical file directly until live-schema equivalence, dependencies and data effects are proven.","data-update; data-insert; security-definer; rls-or-policy; grant-change; cron-or-trigger","3/45 names mentioned in Production schema","auth.uid; private.discipline_business_deadline; private.discipline_can_create_case; private.discipline_can_investigate; private.discipline_can_manage_case; private.discipline_can_manage_config; private.discipline_can_read_case; private.discipline_capture_revision; private.discipline_capture_row_audit; private.discipline_has_association_access; private.discipline_has_case_role; private.discipline_initialise_deadlines; private.discipline_set_updated_at; private.discipline_storage_case_id; public.assign_discipline_case_member; public.authorise_discipline_natural_justice_override; public.complete_discipline_stage; public.create_discipline_case; public.discipline_allegation_revisions; public.discipline_allegations; public.discipline_audit_events; public.discipline_calendar_exclusions; public.discipline_case_members; public.discipline_case_number_seq; public.discipline_case_people; public.discipline_cases; public.discipline_classification_assessments; public.discipline_classification_rules; public.discipline_deadline_definitions; public.discipline_deadline_events; public.discipline_deadlines; public.discipline_decisions; public.discipline_evidence; public.discipline_finding_revisions; public.discipline_findings; public.discipline_investigator_setups; public.discipline_local_variations; public.discipline_natural_justice_checks; public.discipline_natural_justice_overrides; public.discipline_notifications; public.discipline_portal_access; public.discipline_report_snapshots; public.discipline_rule_clauses; public.discipline_rule_packs; public.discipline_witnesses; public.get_discipline_portal_context; public.profiles; public.recalculate_discipline_deadlines; public.record_discipline_classification; public.record_discipline_decision; public.reopen_discipline_stage; public.save_discipline_allegation; public.save_discipline_finding; public.save_discipline_intake; public.set_discipline_deadline_completion; public.set_discipline_portal_access; public.sign_discipline_report; public.user_role_enum; public.user_roles; storage.buckets; storage.objects","Case-level access, deadline calculation, immutable revisions and atomic Phase 1 workflow operations. RLS is enabled on every exposed table. Reference data is limited to people"
"20260812112000","20260812112000_incident_discipline_seed_2026.sql","Main only","No","B4 Governance and safety","CURATE_AND_REHEARSE","Do not apply the historical file directly until live-schema equivalence, dependencies and data effects are proven.","data-delete; data-update; data-insert","1/8 names mentioned in Production schema","public.associations; public.discipline_calendar_exclusions; public.discipline_classification_rules; public.discipline_deadline_definitions; public.discipline_local_variations; public.discipline_rule_clauses; public.discipline_rule_packs; public.module_feature_flags","Verified 2026 source material for Hockey Ballarat. The rule pack is kept in REVIEW_REQUIRED until Hockey Ballarat approves the recorded local choices. Language Level 1."
"20260812113000","20260812113000_incident_discipline_indexes.sql","Main only","No","B4 Governance and safety","CURATE_AND_REHEARSE","Do not apply the historical file directly until live-schema equivalence, dependencies and data effects are proven.","none detected","No public object extracted","","Add a covering index for every single-column foreign key in the new module that is not already the first column of an index."
"20260812114000","20260812114000_incident_discipline_portal_context.sql","Main only","No","B4 Governance and safety","CURATE_AND_REHEARSE","Do not apply the historical file directly until live-schema equivalence, dependencies and data effects are proven.","security-definer; grant-change","2/7 names mentioned in Production schema","auth.uid; public.discipline_case_members; public.discipline_cases; public.discipline_portal_access; public.get_discipline_portal_context; public.module_feature_flags; public.user_role_enum; public.user_roles","Keep administrative portal access aligned with the association-level module flag. Explicit portal access and assigned-case access remain valid for their own associations."
"20260812115000","20260812115000_incident_discipline_atomic_intake.sql","Main only","No","B4 Governance and safety","CURATE_AND_REHEARSE","Do not apply the historical file directly until live-schema equivalence, dependencies and data effects are proven.","data-insert; security-definer; grant-change","None mentioned in Production schema","auth.uid; private.discipline_can_create_case; private.discipline_initialise_deadlines; public.create_discipline_case; public.discipline_allegations; public.discipline_case_members; public.discipline_case_number_seq; public.discipline_case_people; public.discipline_cases; public.discipline_natural_justice_checks; public.discipline_rule_packs","Keep the initial reporter, reported person and first allegation in the same transaction as case creation. This avoids partially-created intake records."
"20260812116000","20260812116000_incident_discipline_report_hash.sql","Main only","No","B4 Governance and safety","CURATE_AND_REHEARSE","Do not apply the historical file directly until live-schema equivalence, dependencies and data effects are proven.","data-update; data-insert; security-definer; grant-change","None mentioned in Production schema","auth.uid; private.discipline_has_case_role; public.discipline_allegations; public.discipline_cases; public.discipline_classification_assessments; public.discipline_evidence; public.discipline_findings; public.discipline_investigator_setups; public.discipline_natural_justice_checks; public.discipline_natural_justice_overrides; public.discipline_report_snapshots; public.discipline_rule_packs; public.sign_discipline_report","The pgcrypto extension is installed in the extensions schema on Supabase. Qualify digest because this security-definer function deliberately has an empty search path."
"20260812162815","20260812162815_improve_discipline_intake_guidance.sql","Main only","No","B4 Governance and safety","CURATE_AND_REHEARSE","Do not apply the historical file directly until live-schema equivalence, dependencies and data effects are proven.","data-delete; data-update; data-insert; security-definer; rls-or-policy; grant-change","9/24 names mentioned in Production schema","auth.uid; private.discipline_can_create_case; private.discipline_can_investigate; private.discipline_can_manage_case; private.discipline_can_read_case; private.discipline_initialise_deadlines; public.associations; public.clubs; public.competitions; public.create_discipline_case; public.discipline_allegation_tags; public.discipline_allegations; public.discipline_case_members; public.discipline_case_number_seq; public.discipline_case_people; public.discipline_case_tags; public.discipline_cases; public.discipline_natural_justice_checks; public.discipline_rule_packs; public.discipline_tags; public.divisions; public.fixtures; public.get_discipline_intake_options; public.profiles; public.save_discipline_allegation; public.save_discipline_allegation_with_tags; public.save_discipline_intake; public.team_memberships; public.teams; public.venues","Make discipline intake easier to explain and complete without weakening the evidence record. Existing text fields remain as immutable-style snapshots; optional foreign keys only link those snapshots to current SportStack data."
"20260812164333","20260812164333_index_discipline_intake_links.sql","Main only","No","B4 Governance and safety","CURATE_AND_REHEARSE","Do not apply the historical file directly until live-schema equivalence, dependencies and data effects are proven.","none detected","None mentioned in Production schema","public.discipline_allegation_tags; public.discipline_case_people; public.discipline_case_tags; public.discipline_cases","Cover the optional intake links and tag-assignment audit links added by the preceding migration. Partial indexes stay compact while most links are null."
"20260812235915","20260812235915_improve_discipline_investigator_setup.sql","Main only","No","B4 Governance and safety","CURATE_AND_REHEARSE","Do not apply the historical file directly until live-schema equivalence, dependencies and data effects are proven.","data-update; data-insert; security-definer; rls-or-policy; grant-change","1/5 names mentioned in Production schema","auth.uid; private.discipline_can_manage_case; public.discipline_case_members; public.discipline_cases; public.discipline_investigator_setups; public.profiles; public.record_discipline_investigator_setup",""
"20260813224228","20260813224228_discipline_review_panel_workflow.sql","Main only","No","B4 Governance and safety","CURATE_AND_REHEARSE","Do not apply the historical file directly until live-schema equivalence, dependencies and data effects are proven.","data-update; data-insert; security-definer; rls-or-policy; grant-change; cron-or-trigger","1/13 names mentioned in Production schema","auth.uid; private.discipline_can_manage_case; private.discipline_can_read_case; private.discipline_capture_row_audit; private.discipline_has_case_role; private.discipline_set_updated_at; public.complete_discipline_stage; public.discipline_case_members; public.discipline_cases; public.discipline_decisions; public.discipline_investigator_setups; public.discipline_review_panel_members; public.discipline_review_panel_votes; public.discipline_review_panels; public.finalise_discipline_review_panel_decision; public.profiles; public.record_discipline_decision; public.record_discipline_review_panel_vote; public.save_discipline_review_panel","Phase 1: independently reviewed Hockey Ballarat decisions. The three-person panel is an HB operating safeguard pending formal approval; it is not represented as wording taken directly from Rule 7."
"20260813225158","20260813225158_discipline_review_vote_privacy.sql","Main only","No","B4 Governance and safety","CURATE_AND_REHEARSE","Do not apply the historical file directly until live-schema equivalence, dependencies and data effects are proven.","rls-or-policy","None mentioned in Production schema","auth.uid; public.discipline_review_panel_votes; public.discipline_review_panels","Keep each panel member's vote private until the majority is finalised."
"20260813225641","20260813225641_index_discipline_review_panel_foreign_keys.sql","Main only","No","B4 Governance and safety","CURATE_AND_REHEARSE","Do not apply the historical file directly until live-schema equivalence, dependencies and data effects are proven.","none detected","None mentioned in Production schema","public.discipline_review_panel_members; public.discipline_review_panel_votes; public.discipline_review_panels","Cover review-panel foreign keys used by role checks, audit lookups and safe parent updates."
"20260813230835","20260813230835_allow_no_investigator_outcome_recommendation.sql","Main only","No","B1 Shared database foundation","CURATE_AND_REHEARSE","Do not apply the historical file directly until live-schema equivalence, dependencies and data effects are proven.","data-update; data-insert; security-definer","None mentioned in Production schema","auth.uid; public.discipline_cases; public.discipline_review_panel_members; public.discipline_review_panel_votes; public.discipline_review_panels; public.record_discipline_review_panel_vote","A signed investigation report may record findings without recommending one overall Rule 7.7 outcome."
"20260813235900","20260813235900_discipline_tribunal_preparation.sql","Main only","No","B4 Governance and safety","CURATE_AND_REHEARSE","Do not apply the historical file directly until live-schema equivalence, dependencies and data effects are proven.","data-update; data-insert; security-definer; rls-or-policy; grant-change; cron-or-trigger","1/7 names mentioned in Production schema","auth.uid; private.discipline_can_manage_case; private.discipline_can_read_case; private.discipline_capture_row_audit; private.discipline_has_case_role; private.discipline_set_updated_at; public.discipline_case_members; public.discipline_cases; public.discipline_decisions; public.discipline_tribunal_members; public.discipline_tribunal_preparations; public.profiles; public.save_discipline_tribunal_preparation","Phase 2, Screen 12: source-checked Tribunal preparation. This records appointments and logistics only. It does not send notices, determine a charge, conduct a hearing or impose a penalty."
"20260814000500","20260814000500_harden_discipline_tribunal_preparation.sql","Main only","No","B4 Governance and safety","CURATE_AND_REHEARSE","Do not apply the historical file directly until live-schema equivalence, dependencies and data effects are proven.","grant-change","None mentioned in Production schema","private.discipline_can_read_case; public.discipline_tribunal_members; public.discipline_tribunal_preparations","Restore the authenticated policy-helper grant after replacing the function, and cover each new foreign key used for case access and audit lookups."
"20260814010000","20260814010000_discipline_phase2_completion_workflow.sql","Main only","No","B4 Governance and safety","CURATE_AND_REHEARSE","Do not apply the historical file directly until live-schema equivalence, dependencies and data effects are proven.","data-update; data-insert; security-definer; rls-or-policy; grant-change; cron-or-trigger","1/5 names mentioned in Production schema","auth.uid; private.discipline_can_manage_case; private.discipline_can_read_case; private.discipline_capture_row_audit; public.discipline_cases; public.discipline_phase2_stage_records; public.discipline_tribunal_preparations; public.profiles; public.save_discipline_phase2_stage","Complete the post-referral discipline workflow without automating a legal outcome. Every save creates a new revision. Simulation records never change the real case status."
"20260814012000","20260814012000_harden_discipline_phase2_appeal_and_closure.sql","Main only","No","B4 Governance and safety","CURATE_AND_REHEARSE","Do not apply the historical file directly until live-schema equivalence, dependencies and data effects are proven.","data-update; grant-change; cron-or-trigger","None mentioned in Production schema","private.validate_discipline_phase2_stage_record; public.discipline_phase2_stage_records","Add database checks for the full appealed branch and proved-charge closure."
"20260815090000","20260815090000_incident_discipline_workflow_redesign.sql","Main only","No","B4 Governance and safety","CURATE_AND_REHEARSE","Do not apply the historical file directly until live-schema equivalence, dependencies and data effects are proven.","data-update; data-insert; security-definer; rls-or-policy; grant-change; cron-or-trigger","1/19 names mentioned in Production schema","auth.uid; private.discipline_assign_case_reference; private.discipline_can_manage_case; private.discipline_can_read_case; private.discipline_capture_row_audit; private.discipline_has_case_role; private.discipline_keep_case_reference_immutable; public.complete_discipline_stage; public.discipline_allegations; public.discipline_case_people; public.discipline_cases; public.discipline_classification_assessments; public.discipline_decisions; public.discipline_evidence; public.discipline_findings; public.discipline_investigator_setups; public.discipline_natural_justice_checks; public.discipline_natural_justice_overrides; public.discipline_report_snapshots; public.discipline_risk_assessments; public.discipline_rule_packs; public.profiles; public.record_discipline_decision; public.record_discipline_risk_assessment; public.refer_discipline_case_to_tribunal; public.sign_discipline_report","Correct the Incident and Discipline workflow so an ordinary Rule 7.7 outcome is made by Hockey Ballarat and a three-person panel is reserved for the formal Tribunal. Existing review-panel rows remain untouched as audit"
"20260815093000","20260815093000_enforce_discipline_stage_responsibilities.sql","Main only","No","B4 Governance and safety","CURATE_AND_REHEARSE","Do not apply the historical file directly until live-schema equivalence, dependencies and data effects are proven.","security-definer; grant-change","None mentioned in Production schema","auth.uid; private.discipline_can_complete_phase2_stage; private.discipline_can_manage_case; private.discipline_can_read_case; private.discipline_has_case_role; public.discipline_case_members; public.save_discipline_phase2_stage","Enforce the displayed workflow responsibilities at the RPC boundary."
"20260815094500","20260815094500_lock_legacy_discipline_review_panels.sql","Main only","No","B4 Governance and safety","CURATE_AND_REHEARSE","Do not apply the historical file directly until live-schema equivalence, dependencies and data effects are proven.","data-update; cron-or-trigger","None mentioned in Production schema","private.discipline_lock_legacy_review_history; public.discipline_review_panel_members; public.discipline_review_panel_votes; public.discipline_review_panels","Review panels were an earlier local safeguard and are not the formal Rule 7 Tribunal. Preserve every existing row as immutable audit history."
"20260815103000","20260815103000_player_explorer_saved_and_scheduled_searches.sql","Main only","No","B3 Hockey operations","CURATE_AND_REHEARSE","Do not apply the historical file directly until live-schema equivalence, dependencies and data effects are proven.","data-update; security-definer; rls-or-policy; grant-change; cron-or-trigger","1/4 names mentioned in Production schema","auth.jwt; auth.uid; auth.users; private.prepare_player_explorer_schedule; public.claim_due_player_explorer_searches; public.is_super_admin; public.player_explorer_saved_searches; public.player_explorer_search_runs","Player Explorer saved searches and recurring run history. Search evaluation remains application-side; this migration stores protected definitions/results and atomically claims due work for the existing scheduler."
"20260816204954","20260816204954_discipline_evidence_withdrawal_workflow.sql","Main only","No","B4 Governance and safety","CURATE_AND_REHEARSE","Do not apply the historical file directly until live-schema equivalence, dependencies and data effects are proven.","data-update; data-insert; security-definer; rls-or-policy; grant-change; cron-or-trigger","1/9 names mentioned in Production schema","auth.uid; private.discipline_block_pending_evidence_finalisation; private.discipline_can_manage_case; private.discipline_can_read_case; private.discipline_capture_row_audit; private.discipline_has_case_role; public.discipline_cases; public.discipline_evidence; public.discipline_evidence_status_events; public.discipline_phase2_stage_records; public.discipline_report_snapshots; public.discipline_tribunal_members; public.discipline_witnesses; public.profiles; public.record_discipline_evidence_status_event","Record requests to withdraw witness material without deleting or rewriting evidence. Other case work may continue, but a report or Tribunal determination cannot be finalised while a withdrawal request still needs a recorded decision."
"20260816205950","20260816205950_fix_discipline_pending_evidence_guard.sql","Main only","No","B4 Governance and safety","CURATE_AND_REHEARSE","Do not apply the historical file directly until live-schema equivalence, dependencies and data effects are proven.","security-definer; grant-change","None mentioned in Production schema","private.discipline_block_pending_evidence_finalisation; public.discipline_evidence_status_events","Keep the shared pending-withdrawal guard compatible with both guarded tables. The report snapshot row has no stage or status fields."
"20260816210103","20260816210103_order_discipline_evidence_status_events.sql","Main only","No","B4 Governance and safety","CURATE_AND_REHEARSE","Do not apply the historical file directly until live-schema equivalence, dependencies and data effects are proven.","none detected","None mentioned in Production schema","private.discipline_block_pending_evidence_finalisation; public.discipline_evidence_status_events; public.record_discipline_evidence_status_event","Give rapid append-only events a deterministic order. now() is stable for an entire transaction, so timestamps alone cannot identify the latest event."
"20260816213409","20260816213409_scope_player_explorer_access.sql","Main only","No","B3 Hockey operations","CURATE_AND_REHEARSE","Do not apply the historical file directly until live-schema equivalence, dependencies and data effects are proven.","security-definer; rls-or-policy; grant-change","All names mentioned in Production schema","auth.uid; private.active_permission_mode_for_current_session; private.current_session_scope_allows; private.player_explorer_appearance_in_scope; private.player_explorer_external_entity_in_scope; private.player_explorer_match_in_scope; private.player_explorer_super_admin_mode; private.player_explorer_team_in_scope; public.clubs; public.external_entities; public.external_entity_links; public.fixtures; public.is_super_admin; public.source_revsports_matches; public.source_revsports_player_appearances; public.teams; public.user_roles","Allow Player Explorer reads only inside the signed-in user's active association, club or team scope. Super Admin mode keeps global access. A Super Admin in a lower preview mode is still restricted above by the"
"20260817100124","20260817100124_add_coordination_availability_states.sql","Main only","No","B4 Coordination","CURATE_AND_REHEARSE","Do not apply the historical file directly until live-schema equivalence, dependencies and data effects are proven.","none detected","All names mentioned in Production schema","public.availability_status_enum","Role-specific fixture availability states used after a Coordination assignment is confirmed. This is separate because PostgreSQL enum values must be committed before later migrations use them."
"20260817100200","20260817100200_create_coordination_module.sql","Main only","No","B4 Coordination","CURATE_AND_REHEARSE","Do not apply the historical file directly until live-schema equivalence, dependencies and data effects are proven.","data-delete; data-update; data-insert; security-definer; rls-or-policy; grant-change; cron-or-trigger","12/45 names mentioned in Production schema","auth.jwt; auth.uid; private.coordination_check_umpire_vote_roster; private.coordination_ensure_fixture_positions; private.coordination_fixture_material_change; private.coordination_fixture_window; private.coordination_permission_allowed; private.coordination_queue_notice; private.coordination_schedule_reminders; private.coordination_scope_details; private.coordination_user_has_capability; public.administration_effective_mode; public.associations; public.availability_status_enum; public.clubs; public.coordination_activities; public.coordination_assignment_events; public.coordination_assignments; public.coordination_capabilities; public.coordination_capability_invitations; public.coordination_confirm_offer; public.coordination_notification_deliveries; public.coordination_offer_batches; public.coordination_offer_note_revisions; public.coordination_offer_recipients; public.coordination_offer_reminders; public.coordination_position_templates; public.coordination_position_types; public.coordination_positions; public.coordination_prepare_fixture; public.coordination_process_due_work; public.coordination_replacement_requests; public.coordination_request_replacement; public.coordination_respond_to_offer; public.coordination_revise_offer_note; public.coordination_send_offer; public.coordination_supervision_links; public.coordination_supervision_notes; public.coordination_take_over_offer; public.coordination_umpire_matrix; public.coordination_warning_overrides; public.divisions; public.fixture_availability; public.fixtures; public.is_super_admin; public.notifications; public.permission_catalogue; public.player_vote_submissions; public.profiles; public.resolve_effective_permission_for_mode; public.teams; public.umpire_coordinator_notes; public.umpire_grade_signoffs; public.umpire_match_roster_checks; public.umpire_qualifications; public.user_roles","SportStack Coordination Module foundation and complete fixture/activity workflow. Additive Dev-first migration. Production requires separate privacy and release approval. Resolve organisation IDs without trusting caller-supplied parent relationships."
"20260817100300","20260817100300_integrate_coordination_notifications.sql","Main only","No","B4 Coordination","CURATE_AND_REHEARSE","Do not apply the historical file directly until live-schema equivalence, dependencies and data effects are proven.","data-update; data-insert; security-definer; grant-change","18/20 names mentioned in Production schema","auth.jwt; auth.users; public.associations; public.availability_reminder_delivery_log; public.availability_reminder_dispatches; public.claim_sportstack_notification_work; public.club_availability_reminder_settings; public.clubs; public.communication_channels; public.communication_email_deliveries; public.communication_messages; public.complete_sportstack_notification_work; public.coordination_notification_deliveries; public.coordination_process_due_work; public.fixture_availability; public.fixtures; public.notification_category_preferences; public.notifications; public.profiles; public.team_availability_reminder_settings; public.team_memberships; public.teams","Add mandatory Coordination email work to the existing SportStack notification worker."
"20260817100400","20260817100400_add_coordination_application_operations.sql","Main only","No","B4 Coordination","CURATE_AND_REHEARSE","Do not apply the historical file directly until live-schema equivalence, dependencies and data effects are proven.","data-update; data-insert; security-definer; grant-change","6/31 names mentioned in Production schema","auth.uid; private.coordination_ensure_fixture_positions; private.coordination_fixture_window; private.coordination_permission_allowed; private.coordination_queue_notice; private.coordination_scope_details; private.coordination_user_has_capability; public.availability_status_enum; public.coordination_activities; public.coordination_add_supervision_link; public.coordination_add_supervision_note; public.coordination_assignment_events; public.coordination_assignments; public.coordination_capabilities; public.coordination_capability_invitations; public.coordination_create_activity; public.coordination_create_capability_invite; public.coordination_dispute_late_assignment; public.coordination_get_fixture_positions; public.coordination_get_umpire_matrix; public.coordination_late_assign; public.coordination_list_eligible_people; public.coordination_offer_batches; public.coordination_offer_recipients; public.coordination_position_types; public.coordination_positions; public.coordination_replacement_requests; public.coordination_respond_capability_invite; public.coordination_supervision_links; public.coordination_supervision_notes; public.divisions; public.fixture_availability; public.fixtures; public.profiles; public.umpire_grade_signoffs; public.umpire_match_roster_checks; public.umpire_qualifications; public.user_roles","Application-facing Coordination operations. All writes remain permission and scope checked."
"20260817100500","20260817100500_harden_coordination_transitions.sql","Main only","No","B4 Coordination","CURATE_AND_REHEARSE","Do not apply the historical file directly until live-schema equivalence, dependencies and data effects are proven.","data-delete; data-update; data-insert; security-definer; grant-change; cron-or-trigger","6/23 names mentioned in Production schema","auth.jwt; auth.uid; private.coordination_finish_fixture_assignments; private.coordination_fixture_window; private.coordination_guard_available_status; private.coordination_permission_allowed; private.coordination_prepare_replacement_assignment; private.coordination_queue_notice; private.coordination_recheck_roster_after_assignment; public.clubs; public.coordination_add_umpire_note; public.coordination_add_umpire_qualification; public.coordination_assignment_events; public.coordination_assignments; public.coordination_offer_batches; public.coordination_offer_recipients; public.coordination_offer_reminders; public.coordination_positions; public.coordination_process_due_work; public.coordination_record_grade_signoff; public.coordination_redact_umpire_note; public.coordination_replacement_requests; public.coordination_review_roster_check; public.divisions; public.fixture_availability; public.fixtures; public.player_vote_submissions; public.teams; public.umpire_coordinator_notes; public.umpire_grade_signoffs; public.umpire_match_roster_checks; public.umpire_qualifications","Close workflow gaps found during the first application test review."
"20260817100600","20260817100600_add_coordination_review_queues.sql","Main only","No","B4 Coordination","CURATE_AND_REHEARSE","Do not apply the historical file directly until live-schema equivalence, dependencies and data effects are proven.","security-definer; grant-change","4/8 names mentioned in Production schema","private.coordination_permission_allowed; public.clubs; public.coordination_get_roster_review_queue; public.coordination_get_umpire_notes; public.fixtures; public.profiles; public.teams; public.umpire_coordinator_notes; public.umpire_match_roster_checks","Restricted Matrix log and Umpire Match Voting roster review queues."
"20260817100700","20260817100700_fix_replacement_assignment_link_order.sql","Main only","No","B4 Coordination","CURATE_AND_REHEARSE","Do not apply the historical file directly until live-schema equivalence, dependencies and data effects are proven.","data-delete; data-update; data-insert; security-definer; grant-change; cron-or-trigger","1/5 names mentioned in Production schema","private.coordination_link_replacement_assignment; private.coordination_prepare_replacement_assignment; private.coordination_queue_notice; public.coordination_assignment_events; public.coordination_assignments; public.coordination_positions; public.coordination_replacement_requests; public.fixture_availability","A BEFORE INSERT trigger can close the old assignment so unique/overlap checks pass, but the foreign key to the new assignment must be written by an AFTER INSERT trigger."
"20260817100800","20260817100800_add_coordination_foreign_key_indexes.sql","Main only","No","B4 Coordination","CURATE_AND_REHEARSE","Do not apply the historical file directly until live-schema equivalence, dependencies and data effects are proven.","none detected","None mentioned in Production schema","public.coordination_assignment_events; public.coordination_assignments; public.coordination_capabilities; public.coordination_offer_batches; public.coordination_position_templates; public.coordination_position_types; public.coordination_positions; public.coordination_replacement_requests; public.coordination_supervision_links","Supporting indexes for Coordination Module foreign keys identified by the Supabase database adviser after the initial schema was applied."
"20260817100900","20260817100900_authorise_coordination_account_invites.sql","Main only","No","B4 Coordination","CURATE_AND_REHEARSE","Do not apply the historical file directly until live-schema equivalence, dependencies and data effects are proven.","security-definer; grant-change","None mentioned in Production schema","auth.uid; private.coordination_permission_allowed; private.coordination_scope_details; public.coordination_can_invite_capability","Allow the invitation Edge Function to verify scope permission before it performs the external side effect of sending an Auth account email."
"20260817101000","20260817101000_protect_confirmed_coordination_availability.sql","Main only","No","B4 Coordination","CURATE_AND_REHEARSE","Do not apply the historical file directly until live-schema equivalence, dependencies and data effects are proven.","data-update; security-definer; cron-or-trigger","2/5 names mentioned in Production schema","private.coordination_fixture_window; private.coordination_guard_available_status; public.availability_status_enum; public.coordination_assignments; public.coordination_position_types; public.coordination_positions; public.fixture_availability","A confirmed Coordination duty owns the fixture availability value until the assignment is replaced, cancelled, completed or moved to reconfirmation."
"20260817101100","20260817101100_allow_coordination_module_access.sql","Main only","No","B4 Coordination","CURATE_AND_REHEARSE","Do not apply the historical file directly until live-schema equivalence, dependencies and data effects are proven.","data-update; data-insert; security-definer; grant-change","4/8 names mentioned in Production schema","auth.uid; public.associations; public.can_manage_module_scope; public.clubs; public.divisions; public.module_feature_flags; public.resolve_module_enabled; public.set_module_feature_flag; public.teams","Keep the shared module controls aware of the Coordination module. Coordination defaults to enabled until an administrator adds a scoped override."
"20260817101200","20260817101200_fix_coordination_offer_rls_recursion.sql","Main only","No","B4 Coordination","CURATE_AND_REHEARSE","Do not apply the historical file directly until live-schema equivalence, dependencies and data effects are proven.","security-definer; rls-or-policy; grant-change","1/3 names mentioned in Production schema","auth.uid; private.coordination_is_offer_owner; private.coordination_is_offer_recipient; public.coordination_offer_batches; public.coordination_offer_recipients; public.is_super_admin","Avoid reciprocal RLS policy expansion between offer batches and recipients. These private helpers run as the migration owner and return only a boolean."
"20260819071731","20260819071731_scoped_umpire_and_coordinator_access.sql","Main only","No","B3 Umpire operations","CURATE_AND_REHEARSE","Do not apply the historical file directly until live-schema equivalence, dependencies and data effects are proven.","data-delete; data-update; data-insert; security-definer; rls-or-policy; grant-change; cron-or-trigger","8/43 names mentioned in Production schema","auth.uid; private.coordination_direct_bundle_allowed; private.coordination_fixture_id_for_batch; private.coordination_fixture_id_for_position; private.coordination_fixture_id_for_recipient; private.coordination_fixture_window; private.coordination_permission_allowed; private.coordination_queue_notice; private.coordination_scope_details; private.coordination_user_has_capability; private.protect_coordination_system_permission_set; private.protect_coordination_system_set_child; public.admin_list_coordination_responsibilities; public.admin_save_user_access; public.admin_save_user_roles_unchecked; public.administration_audit_log; public.administration_effective_mode; public.administration_scope_allows; public.associations; public.clubs; public.coordination_activities; public.coordination_capabilities; public.coordination_capability_invitations; public.coordination_confirm_offer; public.coordination_confirm_offer_scoped_impl; public.coordination_create_capability_invite; public.coordination_get_current_access; public.coordination_get_fixture_positions; public.coordination_get_fixture_positions_scoped_impl; public.coordination_late_assign; public.coordination_late_assign_scoped_impl; public.coordination_list_eligible_people; public.coordination_list_eligible_people_scoped_impl; public.coordination_offer_batches; public.coordination_offer_recipients; public.coordination_positions; public.coordination_prepare_fixture; public.coordination_prepare_fixture_scoped_impl; public.coordination_revise_offer_note; public.coordination_revise_offer_note_scoped_impl; public.coordination_send_offer; public.coordination_send_offer_scoped_impl; public.coordination_take_over_offer; public.coordination_take_over_offer_scoped_impl; public.fixtures; public.is_super_admin; public.permission_assignments; public.permission_scope_details; public.permission_set_permissions; public.permission_sets; public.profiles; public.resolve_effective_permission_for_mode; public.teams; public.user_role_enum; public.user_roles","Scoped Umpire and coordinator access.  Dev dry-run evidence captured before this migration:"
"20260819193617","20260819193617_restore_player_explorer_function_permissions.sql","Main only","No","B3 Hockey operations","CURATE_AND_REHEARSE","Do not apply the historical file directly until live-schema equivalence, dependencies and data effects are proven.","grant-change","No public object extracted","private.player_explorer_appearance_in_scope; private.player_explorer_external_entity_in_scope; private.player_explorer_match_in_scope; private.player_explorer_super_admin_mode; private.player_explorer_team_in_scope","Restore the authenticated access required by Player Explorer RLS policies. A later Coordination migration intentionally reset private-schema function privileges but also removed these existing grants."
"20260820182455","20260820182455_restore_private_helper_permissions.sql","Main only","No","B1 Access and identity","CURATE_AND_REHEARSE","Do not apply the historical file directly until live-schema equivalence, dependencies and data effects are proven.","security-definer; grant-change","No public object extracted","private.can_manage_fixture_team; private.communication_can_administer; private.communication_can_moderate; private.communication_can_publish; private.communication_has_channel_access; private.communication_is_super_admin; private.coordination_direct_bundle_allowed; private.coordination_fixture_id_for_batch; private.coordination_fixture_id_for_position; private.coordination_fixture_id_for_recipient; private.discipline_can_complete_phase2_stage; private.discipline_can_create_case; private.discipline_can_investigate; private.discipline_can_manage_case; private.discipline_can_manage_config; private.discipline_can_read_case; private.discipline_has_association_access; private.discipline_has_case_role; private.discipline_storage_case_id; private.has_current_fixture_fill_in_access; private.is_active_team_member; private.module_allowed_for_current_session; private.mvp_can_audit_session; private.mvp_can_manage_team; private.mvp_can_raw_audit_session; private.mvp_player_is_eligible; private.player_mvp_fixture_team_allowed_for_current_session; private.player_mvp_session_allowed_for_current_session; private.player_mvp_session_row_allowed_for_current_session; private.player_mvp_team_allowed_for_current_session; private.player_mvp_vote_allowed_for_current_session; private.protect_coordination_system_permission_set; private.protect_coordination_system_set_child; private.rg_can_manage_scope; private.rg_can_manage_settings; private.rg_can_read_scope; private.rg_can_read_settings; private.rg_is_safety_admin; private.umpire_match_fixture_allowed_for_current_session; private.umpire_match_submission_allowed_for_current_session; private.umpire_match_submission_row_allowed_for_current_session","Restore the exact authenticated helper permissions that the Coordination migration's schema-wide revoke removed on 17 August 2026. "
"20260820203326","20260820203326_default_player_mvp_notifications_off.sql","Main only","No","B2 Player MVP","CURATE_AND_REHEARSE","Do not apply the historical file directly until live-schema equivalence, dependencies and data effects are proven.","data-update","All names mentioned in Production schema","public.mvp_vote_audit; public.teams","Player MVP Voting remains available independently of email delivery. New teams must opt in to opening and reminder emails. The original column migration defaulted every existing team to on. Preserve"
"20260820213845","20260820213845_fix_dev_umpire_account_scope.sql","Main only","No","B3 Umpire operations","EXCLUDE_DEV_ONLY","Repairs only the reserved Dev Umpire account.","data-delete; data-update; data-insert; security-definer; grant-change","8/12 names mentioned in Production schema","auth.users; public.administration_audit_log; public.clubs; public.membership_status_enum; public.membership_type_enum; public.profiles; public.provision_dev_test_account_data_scoped; public.provision_dev_test_account_data_scoped_legacy; public.provision_dev_umpire_test_account_data; public.team_memberships; public.teams; public.user_role_enum; public.user_roles","Keep the reserved Dev Umpire role association-scoped after the scoped-role rules introduced on 19 August 2026. The account still receives one disposable team membership so actual-role fixture testing remains useful."
"20260829074811","20260829074811_admin_lineup_coaching_improvements.sql","Main only","No","B3 Hockey operations","CURATE_AND_REHEARSE","Do not apply the historical file directly until live-schema equivalence, dependencies and data effects are proven.","data-update; data-insert; rls-or-policy; grant-change; cron-or-trigger","12/15 names mentioned in Production schema","auth.uid; private.can_manage_fixture_team; private.is_active_team_member; public.coach_player_fixture_notes; public.fixture_lineup_assignments; public.fixture_lineup_position_overrides; public.fixture_lineup_roster_selections; public.fixture_lineups; public.fixtures; public.formation_positions; public.is_super_admin; public.mvp_votes; public.mvp_voting_sessions; public.profiles; public.teams; public.update_updated_at; public.user_role_enum; public.user_roles","Admin, line-up and coaching improvements approved on 29 August 2026. This migration is additive except for replacing the raw Player MVP audit policy with the narrower Super Admin and Club Admin rules."
"20260829124215","20260829124215_published_player_mvp_tally_presentations.sql","Main only","No","B2 Player MVP","REPLACED_BY_PRODUCTION_TALLY_SLICE","Production migration 20260905040425 supplies the reconciled tally schema; verify equivalence rather than replaying this history.","data-delete; data-update; data-insert; security-definer; rls-or-policy; grant-change; cron-or-trigger","21/23 names mentioned in Production schema","auth.jwt; auth.uid; auth.users; private.mvp_can_manage_team; private.mvp_tally_assert_source_ready; private.mvp_tally_build_cards; private.mvp_tally_build_results; private.mvp_tally_can_read; private.mvp_tally_publish_now; private.mvp_tally_source_fingerprint; private.protect_published_mvp_tally; private.publish_due_mvp_tallies; public.associations; public.claim_mvp_tally_notification_work; public.clubs; public.complete_mvp_tally_notification_work; public.fixtures; public.get_mvp_tally_builder_data; public.mvp_result_checks; public.mvp_tally_presentations; public.mvp_tally_recipients; public.mvp_tally_sessions; public.mvp_vote_submissions; public.mvp_votes; public.mvp_voting_sessions; public.notification_category_preferences; public.notifications; public.preview_mvp_tally; public.profiles; public.publish_mvp_tally; public.revsports_players; public.save_mvp_tally_draft; public.team_memberships; public.teams; public.withdraw_mvp_tally","Saved, private Player MVP tally presentations. Original Player MVP sessions, submissions and vote lines are read only to this feature."
"20260829130253","20260829130253_index_player_mvp_tally_foreign_keys.sql","Main only","No","B2 Player MVP","REPLACED_BY_PRODUCTION_TALLY_SLICE","Production migration 20260905040425 supplies the reconciled tally schema; verify equivalence rather than replaying this history.","none detected","All names mentioned in Production schema","public.mvp_tally_presentations","Cover Player MVP tally presentation foreign keys reported by the Dev performance advisor."
"20260829131126","20260829131126_harden_player_mvp_tally_audience.sql","Main only","No","B2 Player MVP","REPLACED_BY_PRODUCTION_TALLY_SLICE","Production migration 20260905040425 supplies the reconciled tally schema; verify equivalence rather than replaying this history.","data-update; security-definer; rls-or-policy; grant-change; cron-or-trigger","All names mentioned in Production schema","auth.uid; private.mvp_can_manage_team; private.mvp_tally_assert_source_ready; private.validate_mvp_tally_replacement; public.fixtures; public.mvp_result_checks; public.mvp_tally_presentations; public.mvp_tally_recipients; public.mvp_tally_sessions; public.mvp_votes; public.mvp_voting_sessions; public.revsports_players; public.team_memberships","Limit audience records to eligible players and hide other recipients from players."
"20260829150000","20260829150000_refine_player_mvp_tally_presentations.sql","Main only","No","B2 Player MVP","REPLACED_BY_PRODUCTION_TALLY_SLICE","Production migration 20260905040425 supplies the reconciled tally schema; verify equivalence rather than replaying this history.","data-delete; data-update; data-insert; security-definer; rls-or-policy; grant-change; cron-or-trigger","All names mentioned in Production schema","auth.uid; private.close_due_mvp_voting_sessions; private.enforce_mvp_voting_deadline; private.mvp_can_manage_team; private.mvp_tally_assert_source_ready; private.mvp_tally_asset_can_manage; private.mvp_tally_asset_team_id; private.mvp_tally_build_cards; private.mvp_tally_build_results; private.mvp_tally_session_ballot_count; private.mvp_tally_session_eligible_voter_count; private.mvp_tally_source_fingerprint; public.associations; public.clubs; public.fixture_fill_ins; public.fixtures; public.get_mvp_tally_builder_data; public.mvp_result_checks; public.mvp_session_status; public.mvp_tally_presentations; public.mvp_tally_recipients; public.mvp_tally_sessions; public.mvp_vote_audit; public.mvp_vote_submissions; public.mvp_votes; public.mvp_voting_sessions; public.profiles; public.revsports_players; public.save_mvp_tally_commentary; public.save_mvp_tally_draft; public.team_memberships; public.teams; storage.buckets; storage.extension; storage.foldername; storage.objects","Player MVP deadline closure and tally presentation refinements. This migration is additive and preserves existing published presentation snapshots. Reconcile Development immediately as well as scheduling future one-minute runs."
"20260829170000","20260829170000_dedupe_mvp_tally_audience.sql","Main only","No","B2 Player MVP","REPLACED_BY_PRODUCTION_TALLY_SLICE","Production migration 20260905040425 supplies the reconciled tally schema; verify equivalence rather than replaying this history.","security-definer","All names mentioned in Production schema","auth.uid; private.close_due_mvp_voting_sessions; private.mvp_can_manage_team; private.mvp_tally_session_ballot_count; private.mvp_tally_session_eligible_voter_count; public.associations; public.clubs; public.fixture_fill_ins; public.fixtures; public.get_mvp_tally_builder_data; public.mvp_result_checks; public.mvp_session_status; public.mvp_votes; public.mvp_voting_sessions; public.profiles; public.revsports_players; public.team_memberships; public.teams","Return each Player MVP tally recipient once even when historical membership rows overlap."
"20260830122500","20260830122500_allow_cleared_coach_position_assessments.sql","Main only","No","B3 Hockey operations","CURATE_AND_REHEARSE","Do not apply the historical file directly until live-schema equivalence, dependencies and data effects are proven.","none detected","All names mentioned in Production schema","public.coach_position_assessments",""
"20260904153312","20260904153312_make_primary_team_change_atomic.sql","Main only","No","B1 Shared database foundation","CURATE_AND_REHEARSE","Do not apply the historical file directly until live-schema equivalence, dependencies and data effects are proven.","data-update; data-insert; security-definer; grant-change","7/9 names mentioned in Production schema","auth.uid; public.approve_primary_team_change; public.clubs; public.confirm_primary_team_change; public.membership_status_enum; public.membership_type_enum; public.primary_change_requests; public.team_memberships; public.teams; public.user_roles","Keep the primary-team change workflow valid on both the live Dev schema and databases rebuilt from the older migrations. The original status check did not include the two-step approval states now used by the application."
"20260904155953","20260904155953_harden_primary_team_change_writes.sql","Main only","No","B1 Shared database foundation","CURATE_AND_REHEARSE","Do not apply the historical file directly until live-schema equivalence, dependencies and data effects are proven.","data-update; data-insert; security-definer; rls-or-policy; grant-change","7/10 names mentioned in Production schema","auth.uid; public.cancel_primary_team_change; public.clubs; public.decline_primary_team_change; public.membership_status_enum; public.membership_type_enum; public.primary_change_requests; public.request_primary_team_change; public.team_memberships; public.teams; public.user_roles","Primary-team requests must use the audited server transitions below. The former own-row policies allowed a browser to write ADMIN_APPROVED directly."
"20260904160251","20260904160251_scope_primary_team_change_reads.sql","Main only","No","B1 Access and identity","CURATE_AND_REHEARSE","Do not apply the historical file directly until live-schema equivalence, dependencies and data effects are proven.","security-definer; rls-or-policy; grant-change","4/5 names mentioned in Production schema","auth.uid; public.can_review_primary_team_change; public.clubs; public.primary_change_requests; public.teams; public.user_roles","Scoped administrators must be able to see the same requests that the approve/decline functions authorise them to action."
"20260905040425","20260905040425_add_manual_player_mvp_tally_presentations.sql","Production only","Yes","B2 Player MVP","PRESERVE_PRODUCTION_BASELINE","Already applied only in Production; never reapply or remove.","data-delete; data-update; data-insert; security-definer; rls-or-policy; grant-change; cron-or-trigger","All names mentioned in Production schema","auth.uid; private.mvp_can_manage_team; private.mvp_tally_assert_source_ready; private.mvp_tally_asset_can_manage; private.mvp_tally_asset_team_id; private.mvp_tally_build_cards; private.mvp_tally_build_results; private.mvp_tally_can_read; private.mvp_tally_publish_now; private.mvp_tally_session_ballot_count; private.mvp_tally_session_eligible_voter_count; private.mvp_tally_source_fingerprint; private.protect_published_mvp_tally; private.validate_mvp_tally_replacement; public.associations; public.clubs; public.fixture_fill_ins; public.fixtures; public.get_mvp_tally_builder_data; public.mvp_result_checks; public.mvp_session_status; public.mvp_tally_presentations; public.mvp_tally_recipients; public.mvp_tally_sessions; public.mvp_vote_submissions; public.mvp_votes; public.mvp_voting_sessions; public.notifications; public.preview_mvp_tally; public.profiles; public.publish_mvp_tally; public.revsports_players; public.save_mvp_tally_commentary; public.save_mvp_tally_draft; public.team_memberships; public.teams; public.withdraw_mvp_tally; storage.buckets; storage.extension; storage.foldername; storage.objects","Manual-only Player MVP tally presentation release slice. Production baseline: origin/prod 682b8eaba33f657a2c64dcce571a40e0b2b0ba00. This migration deliberately excludes scheduling, email delivery, Edge Functions,"
