grade,round,date,time,venue,home_team,away_team,home_score,away_score,umpire_1,umpire_2,team,club_name,player_name,jersey,role,attended,goals,green_cards,yellow_cards,red_cards,match_url,scraped_at
Under 11 Open,Round 2,Sat 02 May 2026,08:00,Prince of Wales Park - 1/2 Pitch North,Blaze Red,Bobcats Maroon,0,9,Quinn McClelland,,Blaze Red,Blaze U11,Amy M.,3,,True,,,,,https://www.revolutionise.com.au/hockeyballarat/game/2524200,2026-05-21 23:08:49
Under 11 Open,Round 2,Sat 02 May 2026,08:00,Prince of Wales Park - 1/2 Pitch North,Blaze Red,Bobcats Maroon,0,9,Quinn McClelland,,Blaze Red,Blaze U11,Audrey G.,7,,False,,,,,https://www.revolutionise.com.au/hockeyballarat/game/2524200,2026-05-21 23:08:49
Under 11 Open,Round 2,Sat 02 May 2026,08:00,Prince of Wales Park - 1/2 Pitch North,Blaze Red,Bobcats Maroon,0,9,Quinn McClelland,,Blaze Red,Blaze U11,Edith F.,1,,True,,,,,https://www.revolutionise.com.au/hockeyballarat/game/2524200,2026-05-21 23:08:49
Under 11 Open,Round 2,Sat 02 May 2026,08:00,Prince of Wales Park - 1/2 Pitch North,Blaze Red,Bobcats Maroon,0,9,Quinn McClelland,,Blaze Red,Blaze U11,Harley J.,,,True,,,,,https://www.revolutionise.com.au/hockeyballarat/game/2524200,2026-05-21 23:08:49
Under 11 Open,Round 2,Sat 02 May 2026,08:00,Prince of Wales Park - 1/2 Pitch North,Blaze Red,Bobcats Maroon,0,9,Quinn McClelland,,Blaze Red,Blaze U11,Toby G.,6,,True,,,,,https://www.revolutionise.com.au/hockeyballarat/game/2524200,2026-05-21 23:08:49
Under 11 Open,Round 2,Sat 02 May 2026,08:00,Prince of Wales Park - 1/2 Pitch North,Blaze Red,Bobcats Maroon,0,9,Quinn McClelland,,Blaze Red,Blaze U11,Zara M.,5,,True,,,,,https://www.revolutionise.com.au/hockeyballarat/game/2524200,2026-05-21 23:08:49
Under 11 Open,Round 2,Sat 02 May 2026,08:00,Prince of Wales Park - 1/2 Pitch North,Blaze Red,Bobcats Maroon,0,9,Quinn McClelland,,Blaze Red,Blaze U11,Audrey N.,,,False,,,,,https://www.revolutionise.com.au/hockeyballarat/game/2524200,2026-05-21 23:08:49
Under 11 Open,Round 2,Sat 02 May 2026,08:00,Prince of Wales Park - 1/2 Pitch North,Blaze Red,Bobcats Maroon,0,9,Quinn McClelland,,Bobcats Maroon,Bobcats,Angus k.,4,,True,1,,,,https://www.revolutionise.com.au/hockeyballarat/game/2524200,2026-05-21 23:08:49
Under 11 Open,Round 2,Sat 02 May 2026,08:00,Prince of Wales Park - 1/2 Pitch North,Blaze Red,Bobcats Maroon,0,9,Quinn McClelland,,Bobcats Maroon,Bobcats,Colton N.,,,True,1,,,,https://www.revolutionise.com.au/hockeyballarat/game/2524200,2026-05-21 23:08:49
Under 11 Open,Round 2,Sat 02 May 2026,08:00,Prince of Wales Park - 1/2 Pitch North,Blaze Red,Bobcats Maroon,0,9,Quinn McClelland,,Bobcats Maroon,Bobcats,Felix W.,7,,True,,,,,https://www.revolutionise.com.au/hockeyballarat/game/2524200,2026-05-21 23:08:49
Under 11 Open,Round 2,Sat 02 May 2026,08:00,Prince of Wales Park - 1/2 Pitch North,Blaze Red,Bobcats Maroon,0,9,Quinn McClelland,,Bobcats Maroon,Bobcats,Liam W.,1,,True,2,,,,https://www.revolutionise.com.au/hockeyballarat/game/2524200,2026-05-21 23:08:49
Under 11 Open,Round 2,Sat 02 May 2026,08:00,Prince of Wales Park - 1/2 Pitch North,Blaze Red,Bobcats Maroon,0,9,Quinn McClelland,,Bobcats Maroon,Bobcats,Magnus D.,,,True,1,,,,https://www.revolutionise.com.au/hockeyballarat/game/2524200,2026-05-21 23:08:49
Under 11 Open,Round 2,Sat 02 May 2026,08:00,Prince of Wales Park - 1/2 Pitch North,Blaze Red,Bobcats Maroon,0,9,Quinn McClelland,,Bobcats Maroon,Bobcats,Monty M.,3,,True,2,,,,https://www.revolutionise.com.au/hockeyballarat/game/2524200,2026-05-21 23:08:49
Under 11 Open,Round 2,Sat 02 May 2026,08:00,Prince of Wales Park - 1/2 Pitch North,Blaze Red,Bobcats Maroon,0,9,Quinn McClelland,,Bobcats Maroon,Bobcats,Sam B.,6,,True,2,,,,https://www.revolutionise.com.au/hockeyballarat/game/2524200,2026-05-21 23:08:49
Under 11 Open,Round 2,Sat 02 May 2026,08:00,Prince of Wales Park - 1/2 Pitch North,Blaze Red,Bobcats Maroon,0,9,Quinn McClelland,,Bobcats Maroon,Bobcats,Zephyr W.,,,True,,,,,https://www.revolutionise.com.au/hockeyballarat/game/2524200,2026-05-21 23:08:49
Under 11 Open,Round 2,Sat 02 May 2026,08:00,Prince of Wales Park - 1/2 Pitch South,Blaze Orange,Bobcats White,2,9,Harry Sturmfels,Sebastian Hogan,Blaze Orange,Blaze U11,Annie L.,,,True,,,,,https://www.revolutionise.com.au/hockeyballarat/game/2524201,2026-05-21 23:08:50
Under 11 Open,Round 2,Sat 02 May 2026,08:00,Prince of Wales Park - 1/2 Pitch South,Blaze Orange,Bobcats White,2,9,Harry Sturmfels,Sebastian Hogan,Blaze Orange,Blaze U11,Eli S.,3,,True,1,,,,https://www.revolutionise.com.au/hockeyballarat/game/2524201,2026-05-21 23:08:50
Under 11 Open,Round 2,Sat 02 May 2026,08:00,Prince of Wales Park - 1/2 Pitch South,Blaze Orange,Bobcats White,2,9,Harry Sturmfels,Sebastian Hogan,Blaze Orange,Blaze U11,Finlay W.,4,,True,,,,,https://www.revolutionise.com.au/hockeyballarat/game/2524201,2026-05-21 23:08:50
Under 11 Open,Round 2,Sat 02 May 2026,08:00,Prince of Wales Park - 1/2 Pitch South,Blaze Orange,Bobcats White,2,9,Harry Sturmfels,Sebastian Hogan,Blaze Orange,Blaze U11,Harper N.,6,,True,,,,,https://www.revolutionise.com.au/hockeyballarat/game/2524201,2026-05-21 23:08:50
Under 11 Open,Round 2,Sat 02 May 2026,08:00,Prince of Wales Park - 1/2 Pitch South,Blaze Orange,Bobcats White,2,9,Harry Sturmfels,Sebastian Hogan,Blaze Orange,Blaze U11,Matilda A.,8,,True,,,,,https://www.revolutionise.com.au/hockeyballarat/game/2524201,2026-05-21 23:08:50
Under 11 Open,Round 2,Sat 02 May 2026,08:00,Prince of Wales Park - 1/2 Pitch South,Blaze Orange,Bobcats White,2,9,Harry Sturmfels,Sebastian Hogan,Blaze Orange,Blaze U11,Oscar W.,5,,True,1,,,,https://www.revolutionise.com.au/hockeyballarat/game/2524201,2026-05-21 23:08:50
Under 11 Open,Round 2,Sat 02 May 2026,08:00,Prince of Wales Park - 1/2 Pitch South,Blaze Orange,Bobcats White,2,9,Harry Sturmfels,Sebastian Hogan,Blaze Orange,Blaze U11,Scarlett N.,,,True,,,,,https://www.revolutionise.com.au/hockeyballarat/game/2524201,2026-05-21 23:08:50
Under 11 Open,Round 2,Sat 02 May 2026,08:00,Prince of Wales Park - 1/2 Pitch South,Blaze Orange,Bobcats White,2,9,Harry Sturmfels,Sebastian Hogan,Blaze Orange,Blaze U11,Theo L.,2,,True,,,,,https://www.revolutionise.com.au/hockeyballarat/game/2524201,2026-05-21 23:08:50
Under 11 Open,Round 2,Sat 02 May 2026,08:00,Prince of Wales Park - 1/2 Pitch South,Blaze Orange,Bobcats White,2,9,Harry Sturmfels,Sebastian Hogan,Bobcats White,Bobcats,Ailish S.,4,,True,,,,,https://www.revolutionise.com.au/hockeyballarat/game/2524201,2026-05-21 23:08:50
Under 11 Open,Round 2,Sat 02 May 2026,08:00,Prince of Wales Park - 1/2 Pitch South,Blaze Orange,Bobcats White,2,9,Harry Sturmfels,Sebastian Hogan,Bobcats White,Bobcats,Arthur A.,1,,True,,,,,https://www.revolutionise.com.au/hockeyballarat/game/2524201,2026-05-21 23:08:50
Under 11 Open,Round 2,Sat 02 May 2026,08:00,Prince of Wales Park - 1/2 Pitch South,Blaze Orange,Bobcats White,2,9,Harry Sturmfels,Sebastian Hogan,Bobcats White,Bobcats,Connor B.,8,,True,3,,,,https://www.revolutionise.com.au/hockeyballarat/game/2524201,2026-05-21 23:08:50
Under 11 Open,Round 2,Sat 02 May 2026,08:00,Prince of Wales Park - 1/2 Pitch South,Blaze Orange,Bobcats White,2,9,Harry Sturmfels,Sebastian Hogan,Bobcats White,Bobcats,Frances D.,5,,True,,,,,https://www.revolutionise.com.au/hockeyballarat/game/2524201,2026-05-21 23:08:50
Under 11 Open,Round 2,Sat 02 May 2026,08:00,Prince of Wales Park - 1/2 Pitch South,Blaze Orange,Bobcats White,2,9,Harry Sturmfels,Sebastian Hogan,Bobcats White,Bobcats,Freddie H.,6,,True,3,,,,https://www.revolutionise.com.au/hockeyballarat/game/2524201,2026-05-21 23:08:50
Under 11 Open,Round 2,Sat 02 May 2026,08:00,Prince of Wales Park - 1/2 Pitch South,Blaze Orange,Bobcats White,2,9,Harry Sturmfels,Sebastian Hogan,Bobcats White,Bobcats,Freddie L.,7,,True,3,,,,https://www.revolutionise.com.au/hockeyballarat/game/2524201,2026-05-21 23:08:50
Under 11 Open,Round 2,Sat 02 May 2026,08:00,Prince of Wales Park - 1/2 Pitch South,Blaze Orange,Bobcats White,2,9,Harry Sturmfels,Sebastian Hogan,Bobcats White,Bobcats,Molly F.,3,,True,,,,,https://www.revolutionise.com.au/hockeyballarat/game/2524201,2026-05-21 23:08:50
Under 11 Open,Round 2,Sat 02 May 2026,08:00,Prince of Wales Park - 1/2 Pitch South,Blaze Orange,Bobcats White,2,9,Harry Sturmfels,Sebastian Hogan,Bobcats White,Bobcats,Saul K.,9,,False,,,,,https://www.revolutionise.com.au/hockeyballarat/game/2524201,2026-05-21 23:08:50
Under 11 Open,Round 2,Sat 02 May 2026,08:00,Prince of Wales Park - 1/2 Pitch South,Blaze Orange,Bobcats White,2,9,Harry Sturmfels,Sebastian Hogan,Bobcats White,Bobcats,Walter A.,2,,True,,,,,https://www.revolutionise.com.au/hockeyballarat/game/2524201,2026-05-21 23:08:50
Under 11 Open,Round 2,Sat 02 May 2026,08:30,"John Vernon Field, Ballarat Grammar",Blaze Pink,EGC Blue,3,3,Edmund Horner-Dawson,Jordan Shepherd,Blaze Pink,Blaze U11,Fred R.,,,True,1,,,,https://www.revolutionise.com.au/hockeyballarat/game/2524199,2026-05-21 23:08:51
Under 11 Open,Round 2,Sat 02 May 2026,08:30,"John Vernon Field, Ballarat Grammar",Blaze Pink,EGC Blue,3,3,Edmund Horner-Dawson,Jordan Shepherd,Blaze Pink,Blaze U11,Hamish S.,6,,True,1,,,,https://www.revolutionise.com.au/hockeyballarat/game/2524199,2026-05-21 23:08:51
Under 11 Open,Round 2,Sat 02 May 2026,08:30,"John Vernon Field, Ballarat Grammar",Blaze Pink,EGC Blue,3,3,Edmund Horner-Dawson,Jordan Shepherd,Blaze Pink,Blaze U11,Louis R.,5,,False,,,,,https://www.revolutionise.com.au/hockeyballarat/game/2524199,2026-05-21 23:08:51
Under 11 Open,Round 2,Sat 02 May 2026,08:30,"John Vernon Field, Ballarat Grammar",Blaze Pink,EGC Blue,3,3,Edmund Horner-Dawson,Jordan Shepherd,Blaze Pink,Blaze U11,Lucy S.,2,,True,,,,,https://www.revolutionise.com.au/hockeyballarat/game/2524199,2026-05-21 23:08:51
Under 11 Open,Round 2,Sat 02 May 2026,08:30,"John Vernon Field, Ballarat Grammar",Blaze Pink,EGC Blue,3,3,Edmund Horner-Dawson,Jordan Shepherd,Blaze Pink,Blaze U11,Maggie S.,3,,True,,,,,https://www.revolutionise.com.au/hockeyballarat/game/2524199,2026-05-21 23:08:51
Under 11 Open,Round 2,Sat 02 May 2026,08:30,"John Vernon Field, Ballarat Grammar",Blaze Pink,EGC Blue,3,3,Edmund Horner-Dawson,Jordan Shepherd,Blaze Pink,Blaze U11,Neve W.,7,,False,,,,,https://www.revolutionise.com.au/hockeyballarat/game/2524199,2026-05-21 23:08:51
Under 11 Open,Round 2,Sat 02 May 2026,08:30,"John Vernon Field, Ballarat Grammar",Blaze Pink,EGC Blue,3,3,Edmund Horner-Dawson,Jordan Shepherd,Blaze Pink,Blaze U11,Nina R.,4,,True,,,,,https://www.revolutionise.com.au/hockeyballarat/game/2524199,2026-05-21 23:08:51
Under 11 Open,Round 2,Sat 02 May 2026,08:30,"John Vernon Field, Ballarat Grammar",Blaze Pink,EGC Blue,3,3,Edmund Horner-Dawson,Jordan Shepherd,Blaze Pink,Blaze U11,Hamish M.,,,True,1,,,,https://www.revolutionise.com.au/hockeyballarat/game/2524199,2026-05-21 23:08:51
Under 11 Open,Round 2,Sat 02 May 2026,08:30,"John Vernon Field, Ballarat Grammar",Blaze Pink,EGC Blue,3,3,Edmund Horner-Dawson,Jordan Shepherd,EGC Blue,EGC,Alec H.,30,,True,1,,,,https://www.revolutionise.com.au/hockeyballarat/game/2524199,2026-05-21 23:08:51
Under 11 Open,Round 2,Sat 02 May 2026,08:30,"John Vernon Field, Ballarat Grammar",Blaze Pink,EGC Blue,3,3,Edmund Horner-Dawson,Jordan Shepherd,EGC Blue,EGC,Alfred P.,3,,True,1,,,,https://www.revolutionise.com.au/hockeyballarat/game/2524199,2026-05-21 23:08:51
Under 11 Open,Round 2,Sat 02 May 2026,08:30,"John Vernon Field, Ballarat Grammar",Blaze Pink,EGC Blue,3,3,Edmund Horner-Dawson,Jordan Shepherd,EGC Blue,EGC,Arthur S.,7,,True,,,,,https://www.revolutionise.com.au/hockeyballarat/game/2524199,2026-05-21 23:08:51
Under 11 Open,Round 2,Sat 02 May 2026,08:30,"John Vernon Field, Ballarat Grammar",Blaze Pink,EGC Blue,3,3,Edmund Horner-Dawson,Jordan Shepherd,EGC Blue,EGC,Elliot B.,15,,True,,,,,https://www.revolutionise.com.au/hockeyballarat/game/2524199,2026-05-21 23:08:51
Under 11 Open,Round 2,Sat 02 May 2026,08:30,"John Vernon Field, Ballarat Grammar",Blaze Pink,EGC Blue,3,3,Edmund Horner-Dawson,Jordan Shepherd,EGC Blue,EGC,Ginger R.,25,,True,,,,,https://www.revolutionise.com.au/hockeyballarat/game/2524199,2026-05-21 23:08:51
Under 11 Open,Round 2,Sat 02 May 2026,08:30,"John Vernon Field, Ballarat Grammar",Blaze Pink,EGC Blue,3,3,Edmund Horner-Dawson,Jordan Shepherd,EGC Blue,EGC,Hamish S.,50,,True,,,,,https://www.revolutionise.com.au/hockeyballarat/game/2524199,2026-05-21 23:08:51
Under 11 Open,Round 2,Sat 02 May 2026,08:30,"John Vernon Field, Ballarat Grammar",Blaze Pink,EGC Blue,3,3,Edmund Horner-Dawson,Jordan Shepherd,EGC Blue,EGC,Leo S.,34,,True,1,,,,https://www.revolutionise.com.au/hockeyballarat/game/2524199,2026-05-21 23:08:51
Under 11 Open,Round 2,Sat 02 May 2026,08:30,"John Vernon Field, Ballarat Grammar",Blaze Pink,EGC Blue,3,3,Edmund Horner-Dawson,Jordan Shepherd,EGC Blue,EGC,Ruhi K.,2,,True,,,,,https://www.revolutionise.com.au/hockeyballarat/game/2524199,2026-05-21 23:08:51
Under 11 Open,Round 2,Sat 02 May 2026,08:30,"John Vernon Field, Ballarat Grammar",Blaze Pink,EGC Blue,3,3,Edmund Horner-Dawson,Jordan Shepherd,EGC Blue,EGC,Sophia S.,49,,True,,,,,https://www.revolutionise.com.au/hockeyballarat/game/2524199,2026-05-21 23:08:51
Under 11 Open,Round 2,Sat 02 May 2026,08:30,"John Vernon Field, Ballarat Grammar",Blaze Pink,EGC Blue,3,3,Edmund Horner-Dawson,Jordan Shepherd,EGC Blue,EGC,Sullivan K.,6,,True,,,,,https://www.revolutionise.com.au/hockeyballarat/game/2524199,2026-05-21 23:08:51
Under 11 Open,Round 2,Sat 02 May 2026,08:30,"John Vernon Field, Ballarat Grammar",Blaze Pink,EGC Blue,3,3,Edmund Horner-Dawson,Jordan Shepherd,EGC Blue,EGC,Willow P.,66,,True,,,,,https://www.revolutionise.com.au/hockeyballarat/game/2524199,2026-05-21 23:08:51
Under 11 Open,Round 2,Sat 02 May 2026,08:30,"John Vernon Field, Ballarat Grammar",Blaze Yellow,Lucas HC U11,1,2,Harley Shepherd,Sebastian Pougnault,Blaze Yellow,Blaze U11,Albie H.,3,,True,,,,,https://www.revolutionise.com.au/hockeyballarat/game/2524202,2026-05-21 23:08:52
Under 11 Open,Round 2,Sat 02 May 2026,08:30,"John Vernon Field, Ballarat Grammar",Blaze Yellow,Lucas HC U11,1,2,Harley Shepherd,Sebastian Pougnault,Blaze Yellow,Blaze U11,Anneka W.,6,,True,,,,,https://www.revolutionise.com.au/hockeyballarat/game/2524202,2026-05-21 23:08:52
Under 11 Open,Round 2,Sat 02 May 2026,08:30,"John Vernon Field, Ballarat Grammar",Blaze Yellow,Lucas HC U11,1,2,Harley Shepherd,Sebastian Pougnault,Blaze Yellow,Blaze U11,Everleigh J.,1,,True,,,,,https://www.revolutionise.com.au/hockeyballarat/game/2524202,2026-05-21 23:08:52
Under 11 Open,Round 2,Sat 02 May 2026,08:30,"John Vernon Field, Ballarat Grammar",Blaze Yellow,Lucas HC U11,1,2,Harley Shepherd,Sebastian Pougnault,Blaze Yellow,Blaze U11,Henry M.,7,,True,,,,,https://www.revolutionise.com.au/hockeyballarat/game/2524202,2026-05-21 23:08:52
Under 11 Open,Round 2,Sat 02 May 2026,08:30,"John Vernon Field, Ballarat Grammar",Blaze Yellow,Lucas HC U11,1,2,Harley Shepherd,Sebastian Pougnault,Blaze Yellow,Blaze U11,Isabel S.,,,True,,,,,https://www.revolutionise.com.au/hockeyballarat/game/2524202,2026-05-21 23:08:52
Under 11 Open,Round 2,Sat 02 May 2026,08:30,"John Vernon Field, Ballarat Grammar",Blaze Yellow,Lucas HC U11,1,2,Harley Shepherd,Sebastian Pougnault,Blaze Yellow,Blaze U11,Xavier J.,2,,True,1,,,,https://www.revolutionise.com.au/hockeyballarat/game/2524202,2026-05-21 23:08:52
Under 11 Open,Round 2,Sat 02 May 2026,08:30,"John Vernon Field, Ballarat Grammar",Blaze Yellow,Lucas HC U11,1,2,Harley Shepherd,Sebastian Pougnault,Blaze Yellow,Blaze U11,Yuma H.,4,,True,,,,,https://www.revolutionise.com.au/hockeyballarat/game/2524202,2026-05-21 23:08:52
Under 11 Open,Round 2,Sat 02 May 2026,08:30,"John Vernon Field, Ballarat Grammar",Blaze Yellow,Lucas HC U11,1,2,Harley Shepherd,Sebastian Pougnault,Lucas HC U11,,Annabelle R.,103,,True,,,,,https://www.revolutionise.com.au/hockeyballarat/game/2524202,2026-05-21 23:08:52
Under 11 Open,Round 2,Sat 02 May 2026,08:30,"John Vernon Field, Ballarat Grammar",Blaze Yellow,Lucas HC U11,1,2,Harley Shepherd,Sebastian Pougnault,Lucas HC U11,,Evora D.,100,,True,,,,,https://www.revolutionise.com.au/hockeyballarat/game/2524202,2026-05-21 23:08:52
Under 11 Open,Round 2,Sat 02 May 2026,08:30,"John Vernon Field, Ballarat Grammar",Blaze Yellow,Lucas HC U11,1,2,Harley Shepherd,Sebastian Pougnault,Lucas HC U11,,Heidi S.,2,,True,1,,,,https://www.revolutionise.com.au/hockeyballarat/game/2524202,2026-05-21 23:08:52
Under 11 Open,Round 2,Sat 02 May 2026,08:30,"John Vernon Field, Ballarat Grammar",Blaze Yellow,Lucas HC U11,1,2,Harley Shepherd,Sebastian Pougnault,Lucas HC U11,,Jonathan H.,104,,True,1,,,,https://www.revolutionise.com.au/hockeyballarat/game/2524202,2026-05-21 23:08:52
Under 11 Open,Round 2,Sat 02 May 2026,08:30,"John Vernon Field, Ballarat Grammar",Blaze Yellow,Lucas HC U11,1,2,Harley Shepherd,Sebastian Pougnault,Lucas HC U11,,Jonte P.,102,,True,,,,,https://www.revolutionise.com.au/hockeyballarat/game/2524202,2026-05-21 23:08:52
Under 11 Open,Round 2,Sat 02 May 2026,08:30,"John Vernon Field, Ballarat Grammar",Blaze Yellow,Lucas HC U11,1,2,Harley Shepherd,Sebastian Pougnault,Lucas HC U11,,Kushil Reddy N.,69,,True,,,,,https://www.revolutionise.com.au/hockeyballarat/game/2524202,2026-05-21 23:08:52
Under 11 Open,Round 2,Sat 02 May 2026,08:30,"John Vernon Field, Ballarat Grammar",Blaze Yellow,Lucas HC U11,1,2,Harley Shepherd,Sebastian Pougnault,Lucas HC U11,,Noah G.,101,,True,,,,,https://www.revolutionise.com.au/hockeyballarat/game/2524202,2026-05-21 23:08:52
Under 11 Open,Round 2,Sat 02 May 2026,08:30,"John Vernon Field, Ballarat Grammar",Blaze Yellow,Lucas HC U11,1,2,Harley Shepherd,Sebastian Pougnault,Lucas HC U11,,Ruby H.,105,,True,,,,,https://www.revolutionise.com.au/hockeyballarat/game/2524202,2026-05-21 23:08:52
Under 11 Open,Round 2,Sat 02 May 2026,08:50,Prince of Wales Park,Blaze Green,EGC Gold,4,1,Heath McClelland,Lukas Heemann,Blaze Green,Blaze U11,Campbell R.,5,,True,2,,,,https://www.revolutionise.com.au/hockeyballarat/game/2524198,2026-05-21 23:08:54
Under 11 Open,Round 2,Sat 02 May 2026,08:50,Prince of Wales Park,Blaze Green,EGC Gold,4,1,Heath McClelland,Lukas Heemann,Blaze Green,Blaze U11,Imogen H.,4,,True,1,,,,https://www.revolutionise.com.au/hockeyballarat/game/2524198,2026-05-21 23:08:54
Under 11 Open,Round 2,Sat 02 May 2026,08:50,Prince of Wales Park,Blaze Green,EGC Gold,4,1,Heath McClelland,Lukas Heemann,Blaze Green,Blaze U11,Kayden H.,1,,True,,,,,https://www.revolutionise.com.au/hockeyballarat/game/2524198,2026-05-21 23:08:54
Under 11 Open,Round 2,Sat 02 May 2026,08:50,Prince of Wales Park,Blaze Green,EGC Gold,4,1,Heath McClelland,Lukas Heemann,Blaze Green,Blaze U11,Marley M.,3,,True,,,,,https://www.revolutionise.com.au/hockeyballarat/game/2524198,2026-05-21 23:08:54
Under 11 Open,Round 2,Sat 02 May 2026,08:50,Prince of Wales Park,Blaze Green,EGC Gold,4,1,Heath McClelland,Lukas Heemann,Blaze Green,Blaze U11,May R.,7,,False,,,,,https://www.revolutionise.com.au/hockeyballarat/game/2524198,2026-05-21 23:08:54
Under 11 Open,Round 2,Sat 02 May 2026,08:50,Prince of Wales Park,Blaze Green,EGC Gold,4,1,Heath McClelland,Lukas Heemann,Blaze Green,Blaze U11,Odie B.,,,False,,,,,https://www.revolutionise.com.au/hockeyballarat/game/2524198,2026-05-21 23:08:54
Under 11 Open,Round 2,Sat 02 May 2026,08:50,Prince of Wales Park,Blaze Green,EGC Gold,4,1,Heath McClelland,Lukas Heemann,Blaze Green,Blaze U11,Safia H.,2,,True,1,,,,https://www.revolutionise.com.au/hockeyballarat/game/2524198,2026-05-21 23:08:54
Under 11 Open,Round 2,Sat 02 May 2026,08:50,Prince of Wales Park,Blaze Green,EGC Gold,4,1,Heath McClelland,Lukas Heemann,Blaze Green,Blaze U11,Annie L.,,,True,,,,,https://www.revolutionise.com.au/hockeyballarat/game/2524198,2026-05-21 23:08:54
Under 11 Open,Round 2,Sat 02 May 2026,08:50,Prince of Wales Park,Blaze Green,EGC Gold,4,1,Heath McClelland,Lukas Heemann,Blaze Green,Blaze U11,Theo L.,,,True,,,,,https://www.revolutionise.com.au/hockeyballarat/game/2524198,2026-05-21 23:08:54
Under 11 Open,Round 2,Sat 02 May 2026,08:50,Prince of Wales Park,Blaze Green,EGC Gold,4,1,Heath McClelland,Lukas Heemann,EGC Gold,EGC,Aamber kaur G.,98,,False,,,,,https://www.revolutionise.com.au/hockeyballarat/game/2524198,2026-05-21 23:08:54
Under 11 Open,Round 2,Sat 02 May 2026,08:50,Prince of Wales Park,Blaze Green,EGC Gold,4,1,Heath McClelland,Lukas Heemann,EGC Gold,EGC,Ada H.,14,,True,1,,,,https://www.revolutionise.com.au/hockeyballarat/game/2524198,2026-05-21 23:08:54
Under 11 Open,Round 2,Sat 02 May 2026,08:50,Prince of Wales Park,Blaze Green,EGC Gold,4,1,Heath McClelland,Lukas Heemann,EGC Gold,EGC,Fergus P.,4,,True,,,,,https://www.revolutionise.com.au/hockeyballarat/game/2524198,2026-05-21 23:08:54
Under 11 Open,Round 2,Sat 02 May 2026,08:50,Prince of Wales Park,Blaze Green,EGC Gold,4,1,Heath McClelland,Lukas Heemann,EGC Gold,EGC,Fred W.,51,,True,,,,,https://www.revolutionise.com.au/hockeyballarat/game/2524198,2026-05-21 23:08:54
Under 11 Open,Round 2,Sat 02 May 2026,08:50,Prince of Wales Park,Blaze Green,EGC Gold,4,1,Heath McClelland,Lukas Heemann,EGC Gold,EGC,Hamish W.,12,,False,,,,,https://www.revolutionise.com.au/hockeyballarat/game/2524198,2026-05-21 23:08:54
Under 11 Open,Round 2,Sat 02 May 2026,08:50,Prince of Wales Park,Blaze Green,EGC Gold,4,1,Heath McClelland,Lukas Heemann,EGC Gold,EGC,Henry V.,10,,True,,,,,https://www.revolutionise.com.au/hockeyballarat/game/2524198,2026-05-21 23:08:54
Under 11 Open,Round 2,Sat 02 May 2026,08:50,Prince of Wales Park,Blaze Green,EGC Gold,4,1,Heath McClelland,Lukas Heemann,EGC Gold,EGC,Imogen C.,13,,True,,,,,https://www.revolutionise.com.au/hockeyballarat/game/2524198,2026-05-21 23:08:54
Under 11 Open,Round 2,Sat 02 May 2026,08:50,Prince of Wales Park,Blaze Green,EGC Gold,4,1,Heath McClelland,Lukas Heemann,EGC Gold,EGC,Indiana K.,1,Goalkeeper,True,,,,,https://www.revolutionise.com.au/hockeyballarat/game/2524198,2026-05-21 23:08:54
Under 11 Open,Round 2,Sat 02 May 2026,08:50,Prince of Wales Park,Blaze Green,EGC Gold,4,1,Heath McClelland,Lukas Heemann,EGC Gold,EGC,Lyndsay W.,11,,False,,,,,https://www.revolutionise.com.au/hockeyballarat/game/2524198,2026-05-21 23:08:54
Under 11 Open,Round 2,Sat 02 May 2026,08:50,Prince of Wales Park,Blaze Green,EGC Gold,4,1,Heath McClelland,Lukas Heemann,EGC Gold,EGC,Marta V.,56,,True,,,,,https://www.revolutionise.com.au/hockeyballarat/game/2524198,2026-05-21 23:08:54
Under 11 Open,Round 2,Sat 02 May 2026,08:50,Prince of Wales Park,Blaze Green,EGC Gold,4,1,Heath McClelland,Lukas Heemann,EGC Gold,EGC,Sonny D.,22,,True,,,,,https://www.revolutionise.com.au/hockeyballarat/game/2524198,2026-05-21 23:08:54
Under 14 Open,Round 2,Sat 02 May 2026,10:00,Prince of Wales Park,Blaze Orange,Bobcats U14,9,0,Ethan Oldaker,Mitchell Stevens,Blaze Orange,Blaze U14,Abbie B.,,,True,,,,,https://www.revolutionise.com.au/hockeyballarat/game/2524239,2026-05-21 23:08:57
Under 14 Open,Round 2,Sat 02 May 2026,10:00,Prince of Wales Park,Blaze Orange,Bobcats U14,9,0,Ethan Oldaker,Mitchell Stevens,Blaze Orange,Blaze U14,Amelia K.,,,True,,,,,https://www.revolutionise.com.au/hockeyballarat/game/2524239,2026-05-21 23:08:57
Under 14 Open,Round 2,Sat 02 May 2026,10:00,Prince of Wales Park,Blaze Orange,Bobcats U14,9,0,Ethan Oldaker,Mitchell Stevens,Blaze Orange,Blaze U14,Archie M.,,,True,,,,,https://www.revolutionise.com.au/hockeyballarat/game/2524239,2026-05-21 23:08:57
Under 14 Open,Round 2,Sat 02 May 2026,10:00,Prince of Wales Park,Blaze Orange,Bobcats U14,9,0,Ethan Oldaker,Mitchell Stevens,Blaze Orange,Blaze U14,Aria Q.,,,True,,,,,https://www.revolutionise.com.au/hockeyballarat/game/2524239,2026-05-21 23:08:57
Under 14 Open,Round 2,Sat 02 May 2026,10:00,Prince of Wales Park,Blaze Orange,Bobcats U14,9,0,Ethan Oldaker,Mitchell Stevens,Blaze Orange,Blaze U14,Brandon S.,,,True,,,,,https://www.revolutionise.com.au/hockeyballarat/game/2524239,2026-05-21 23:08:57
Under 14 Open,Round 2,Sat 02 May 2026,10:00,Prince of Wales Park,Blaze Orange,Bobcats U14,9,0,Ethan Oldaker,Mitchell Stevens,Blaze Orange,Blaze U14,Eli S.,,,True,,,,,https://www.revolutionise.com.au/hockeyballarat/game/2524239,2026-05-21 23:08:57
Under 14 Open,Round 2,Sat 02 May 2026,10:00,Prince of Wales Park,Blaze Orange,Bobcats U14,9,0,Ethan Oldaker,Mitchell Stevens,Blaze Orange,Blaze U14,Elizabeth B.,8,,True,,,,,https://www.revolutionise.com.au/hockeyballarat/game/2524239,2026-05-21 23:08:57
Under 14 Open,Round 2,Sat 02 May 2026,10:00,Prince of Wales Park,Blaze Orange,Bobcats U14,9,0,Ethan Oldaker,Mitchell Stevens,Blaze Orange,Blaze U14,Jackson M.,7,,True,2,,,,https://www.revolutionise.com.au/hockeyballarat/game/2524239,2026-05-21 23:08:57
Under 14 Open,Round 2,Sat 02 May 2026,10:00,Prince of Wales Park,Blaze Orange,Bobcats U14,9,0,Ethan Oldaker,Mitchell Stevens,Blaze Orange,Blaze U14,Lukas H.,,Goalkeeper,True,,,,,https://www.revolutionise.com.au/hockeyballarat/game/2524239,2026-05-21 23:08:57
Under 14 Open,Round 2,Sat 02 May 2026,10:00,Prince of Wales Park,Blaze Orange,Bobcats U14,9,0,Ethan Oldaker,Mitchell Stevens,Blaze Orange,Blaze U14,Michael E.,,,True,,,,,https://www.revolutionise.com.au/hockeyballarat/game/2524239,2026-05-21 23:08:57
Under 14 Open,Round 2,Sat 02 May 2026,10:00,Prince of Wales Park,Blaze Orange,Bobcats U14,9,0,Ethan Oldaker,Mitchell Stevens,Blaze Orange,Blaze U14,Roy R.,,,True,3,,,,https://www.revolutionise.com.au/hockeyballarat/game/2524239,2026-05-21 23:08:57
Under 14 Open,Round 2,Sat 02 May 2026,10:00,Prince of Wales Park,Blaze Orange,Bobcats U14,9,0,Ethan Oldaker,Mitchell Stevens,Blaze Orange,Blaze U14,Safia H.,,,True,,,,,https://www.revolutionise.com.au/hockeyballarat/game/2524239,2026-05-21 23:08:57
Under 14 Open,Round 2,Sat 02 May 2026,10:00,Prince of Wales Park,Blaze Orange,Bobcats U14,9,0,Ethan Oldaker,Mitchell Stevens,Blaze Orange,Blaze U14,Sebastian H.,,,True,4,,,,https://www.revolutionise.com.au/hockeyballarat/game/2524239,2026-05-21 23:08:57
Under 14 Open,Round 2,Sat 02 May 2026,10:00,Prince of Wales Park,Blaze Orange,Bobcats U14,9,0,Ethan Oldaker,Mitchell Stevens,Blaze Orange,Blaze U14,Theodore R.,,,False,,,,,https://www.revolutionise.com.au/hockeyballarat/game/2524239,2026-05-21 23:08:57
Under 14 Open,Round 2,Sat 02 May 2026,10:00,Prince of Wales Park,Blaze Orange,Bobcats U14,9,0,Ethan Oldaker,Mitchell Stevens,Blaze Orange,Blaze U14,Willow R.,,,True,,,,,https://www.revolutionise.com.au/hockeyballarat/game/2524239,2026-05-21 23:08:57
Under 14 Open,Round 2,Sat 02 May 2026,10:00,Prince of Wales Park,Blaze Orange,Bobcats U14,9,0,Ethan Oldaker,Mitchell Stevens,Bobcats U14,,Ada O.,138,,True,,,,,https://www.revolutionise.com.au/hockeyballarat/game/2524239,2026-05-21 23:08:57
Under 14 Open,Round 2,Sat 02 May 2026,10:00,Prince of Wales Park,Blaze Orange,Bobcats U14,9,0,Ethan Oldaker,Mitchell Stevens,Bobcats U14,,Aenid W.,,,True,,,,,https://www.revolutionise.com.au/hockeyballarat/game/2524239,2026-05-21 23:08:57
Under 14 Open,Round 2,Sat 02 May 2026,10:00,Prince of Wales Park,Blaze Orange,Bobcats U14,9,0,Ethan Oldaker,Mitchell Stevens,Bobcats U14,,Bridie D.,9,,True,,,,,https://www.revolutionise.com.au/hockeyballarat/game/2524239,2026-05-21 23:08:57
Under 14 Open,Round 2,Sat 02 May 2026,10:00,Prince of Wales Park,Blaze Orange,Bobcats U14,9,0,Ethan Oldaker,Mitchell Stevens,Bobcats U14,,Eliza Y.,155,,True,,,,,https://www.revolutionise.com.au/hockeyballarat/game/2524239,2026-05-21 23:08:57
Under 14 Open,Round 2,Sat 02 May 2026,10:00,Prince of Wales Park,Blaze Orange,Bobcats U14,9,0,Ethan Oldaker,Mitchell Stevens,Bobcats U14,,Henry J.,131,,True,,,,,https://www.revolutionise.com.au/hockeyballarat/game/2524239,2026-05-21 23:08:57
Under 14 Open,Round 2,Sat 02 May 2026,10:00,Prince of Wales Park,Blaze Orange,Bobcats U14,9,0,Ethan Oldaker,Mitchell Stevens,Bobcats U14,,James G.,42,,True,,,,,https://www.revolutionise.com.au/hockeyballarat/game/2524239,2026-05-21 23:08:57
Under 14 Open,Round 2,Sat 02 May 2026,10:00,Prince of Wales Park,Blaze Orange,Bobcats U14,9,0,Ethan Oldaker,Mitchell Stevens,Bobcats U14,,James W.,22,,True,,,,,https://www.revolutionise.com.au/hockeyballarat/game/2524239,2026-05-21 23:08:57
Under 14 Open,Round 2,Sat 02 May 2026,10:00,Prince of Wales Park,Blaze Orange,Bobcats U14,9,0,Ethan Oldaker,Mitchell Stevens,Bobcats U14,,Nate J.,156,,True,,,,,https://www.revolutionise.com.au/hockeyballarat/game/2524239,2026-05-21 23:08:57
Under 14 Open,Round 2,Sat 02 May 2026,10:00,Prince of Wales Park,Blaze Orange,Bobcats U14,9,0,Ethan Oldaker,Mitchell Stevens,Bobcats U14,,Oryst P.,10,,False,,,,,https://www.revolutionise.com.au/hockeyballarat/game/2524239,2026-05-21 23:08:57
Under 14 Open,Round 2,Sat 02 May 2026,10:00,Prince of Wales Park,Blaze Orange,Bobcats U14,9,0,Ethan Oldaker,Mitchell Stevens,Bobcats U14,,Pippa L.,91,,True,,,,,https://www.revolutionise.com.au/hockeyballarat/game/2524239,2026-05-21 23:08:57
Under 14 Open,Round 2,Sat 02 May 2026,10:00,Prince of Wales Park,Blaze Orange,Bobcats U14,9,0,Ethan Oldaker,Mitchell Stevens,Bobcats U14,,Ruaridh S.,129,,True,,,,,https://www.revolutionise.com.au/hockeyballarat/game/2524239,2026-05-21 23:08:57
Under 14 Open,Round 2,Sat 02 May 2026,10:00,Prince of Wales Park,Blaze Orange,Bobcats U14,9,0,Ethan Oldaker,Mitchell Stevens,Bobcats U14,,Zahra O.,1,Goalkeeper,True,,,,,https://www.revolutionise.com.au/hockeyballarat/game/2524239,2026-05-21 23:08:57
Under 14 Open,Round 2,Sat 02 May 2026,10:00,Prince of Wales Park,Blaze Orange,Bobcats U14,9,0,Ethan Oldaker,Mitchell Stevens,Bobcats U14,,Emily L.,,,True,,,,,https://www.revolutionise.com.au/hockeyballarat/game/2524239,2026-05-21 23:08:57
Under 14 Open,Round 2,Sat 02 May 2026,10:00,Prince of Wales Park,Blaze Orange,Bobcats U14,9,0,Ethan Oldaker,Mitchell Stevens,Bobcats U14,,Ondine S.,,,True,,,,,https://www.revolutionise.com.au/hockeyballarat/game/2524239,2026-05-21 23:08:57
Under 14 Open,Round 2,Sat 02 May 2026,10:00,Prince of Wales Park,Blaze Orange,Bobcats U14,9,0,Ethan Oldaker,Mitchell Stevens,Bobcats U14,,Seth K.,,,True,,,,,https://www.revolutionise.com.au/hockeyballarat/game/2524239,2026-05-21 23:08:57
Under 14 Open,Round 2,Sat 02 May 2026,10:00,"John Vernon Field, Ballarat Grammar",EGC,Lucas HC U14,2,3,Harley Shepherd,Lachlan Hargreaves,EGC,,Divjot k.,57,,True,,,,,https://www.revolutionise.com.au/hockeyballarat/game/2524238,2026-05-21 23:08:58
Under 14 Open,Round 2,Sat 02 May 2026,10:00,"John Vernon Field, Ballarat Grammar",EGC,Lucas HC U14,2,3,Harley Shepherd,Lachlan Hargreaves,EGC,,Edmund H.,95,,True,,,,,https://www.revolutionise.com.au/hockeyballarat/game/2524238,2026-05-21 23:08:58
Under 14 Open,Round 2,Sat 02 May 2026,10:00,"John Vernon Field, Ballarat Grammar",EGC,Lucas HC U14,2,3,Harley Shepherd,Lachlan Hargreaves,EGC,,Emily D.,47,,True,,,,,https://www.revolutionise.com.au/hockeyballarat/game/2524238,2026-05-21 23:08:58
Under 14 Open,Round 2,Sat 02 May 2026,10:00,"John Vernon Field, Ballarat Grammar",EGC,Lucas HC U14,2,3,Harley Shepherd,Lachlan Hargreaves,EGC,,Harriet L.,54,,True,,,,,https://www.revolutionise.com.au/hockeyballarat/game/2524238,2026-05-21 23:08:58
Under 14 Open,Round 2,Sat 02 May 2026,10:00,"John Vernon Field, Ballarat Grammar",EGC,Lucas HC U14,2,3,Harley Shepherd,Lachlan Hargreaves,EGC,,Harry P.,74,,True,,,,,https://www.revolutionise.com.au/hockeyballarat/game/2524238,2026-05-21 23:08:58
Under 14 Open,Round 2,Sat 02 May 2026,10:00,"John Vernon Field, Ballarat Grammar",EGC,Lucas HC U14,2,3,Harley Shepherd,Lachlan Hargreaves,EGC,,Jacob F.,88,,True,,,,,https://www.revolutionise.com.au/hockeyballarat/game/2524238,2026-05-21 23:08:58
Under 14 Open,Round 2,Sat 02 May 2026,10:00,"John Vernon Field, Ballarat Grammar",EGC,Lucas HC U14,2,3,Harley Shepherd,Lachlan Hargreaves,EGC,,James R.,100,,True,,,,,https://www.revolutionise.com.au/hockeyballarat/game/2524238,2026-05-21 23:08:58
Under 14 Open,Round 2,Sat 02 May 2026,10:00,"John Vernon Field, Ballarat Grammar",EGC,Lucas HC U14,2,3,Harley Shepherd,Lachlan Hargreaves,EGC,,Jimmy V.,85,,False,,,,,https://www.revolutionise.com.au/hockeyballarat/game/2524238,2026-05-21 23:08:58
Under 14 Open,Round 2,Sat 02 May 2026,10:00,"John Vernon Field, Ballarat Grammar",EGC,Lucas HC U14,2,3,Harley Shepherd,Lachlan Hargreaves,EGC,,Lewis R.,29,,True,,,,,https://www.revolutionise.com.au/hockeyballarat/game/2524238,2026-05-21 23:08:58
Under 14 Open,Round 2,Sat 02 May 2026,10:00,"John Vernon Field, Ballarat Grammar",EGC,Lucas HC U14,2,3,Harley Shepherd,Lachlan Hargreaves,EGC,,Mateo M.,62,,True,,,,,https://www.revolutionise.com.au/hockeyballarat/game/2524238,2026-05-21 23:08:58
Under 14 Open,Round 2,Sat 02 May 2026,10:00,"John Vernon Field, Ballarat Grammar",EGC,Lucas HC U14,2,3,Harley Shepherd,Lachlan Hargreaves,EGC,,Rohaan D.,99,,True,,,,,https://www.revolutionise.com.au/hockeyballarat/game/2524238,2026-05-21 23:08:58
Under 14 Open,Round 2,Sat 02 May 2026,10:00,"John Vernon Field, Ballarat Grammar",EGC,Lucas HC U14,2,3,Harley Shepherd,Lachlan Hargreaves,EGC,,Savenya A.,78,,True,,,,,https://www.revolutionise.com.au/hockeyballarat/game/2524238,2026-05-21 23:08:58
Under 14 Open,Round 2,Sat 02 May 2026,10:00,"John Vernon Field, Ballarat Grammar",EGC,Lucas HC U14,2,3,Harley Shepherd,Lachlan Hargreaves,EGC,,Sophia S.,49,,True,,,,,https://www.revolutionise.com.au/hockeyballarat/game/2524238,2026-05-21 23:08:58
Under 14 Open,Round 2,Sat 02 May 2026,10:00,"John Vernon Field, Ballarat Grammar",EGC,Lucas HC U14,2,3,Harley Shepherd,Lachlan Hargreaves,EGC,,Thomas C.,9,,True,,,,,https://www.revolutionise.com.au/hockeyballarat/game/2524238,2026-05-21 23:08:58
Under 14 Open,Round 2,Sat 02 May 2026,10:00,"John Vernon Field, Ballarat Grammar",EGC,Lucas HC U14,2,3,Harley Shepherd,Lachlan Hargreaves,EGC,,Wilbur C.,46,,True,2,,,,https://www.revolutionise.com.au/hockeyballarat/game/2524238,2026-05-21 23:08:58
Under 14 Open,Round 2,Sat 02 May 2026,10:00,"John Vernon Field, Ballarat Grammar",EGC,Lucas HC U14,2,3,Harley Shepherd,Lachlan Hargreaves,Lucas HC U14,,Caleb H.,104,,False,,,,,https://www.revolutionise.com.au/hockeyballarat/game/2524238,2026-05-21 23:08:58
Under 14 Open,Round 2,Sat 02 May 2026,10:00,"John Vernon Field, Ballarat Grammar",EGC,Lucas HC U14,2,3,Harley Shepherd,Lachlan Hargreaves,Lucas HC U14,,Goraav Reddy N.,64,,True,,,,,https://www.revolutionise.com.au/hockeyballarat/game/2524238,2026-05-21 23:08:58
Under 14 Open,Round 2,Sat 02 May 2026,10:00,"John Vernon Field, Ballarat Grammar",EGC,Lucas HC U14,2,3,Harley Shepherd,Lachlan Hargreaves,Lucas HC U14,,Heidi S.,2,,True,,,,,https://www.revolutionise.com.au/hockeyballarat/game/2524238,2026-05-21 23:08:58
Under 14 Open,Round 2,Sat 02 May 2026,10:00,"John Vernon Field, Ballarat Grammar",EGC,Lucas HC U14,2,3,Harley Shepherd,Lachlan Hargreaves,Lucas HC U14,,Jonte P.,13,,True,,,,,https://www.revolutionise.com.au/hockeyballarat/game/2524238,2026-05-21 23:08:58
Under 14 Open,Round 2,Sat 02 May 2026,10:00,"John Vernon Field, Ballarat Grammar",EGC,Lucas HC U14,2,3,Harley Shepherd,Lachlan Hargreaves,Lucas HC U14,,Jordan S.,16,,True,1,,,,https://www.revolutionise.com.au/hockeyballarat/game/2524238,2026-05-21 23:08:58
Under 14 Open,Round 2,Sat 02 May 2026,10:00,"John Vernon Field, Ballarat Grammar",EGC,Lucas HC U14,2,3,Harley Shepherd,Lachlan Hargreaves,Lucas HC U14,,Mack H.,103,,True,1,,,,https://www.revolutionise.com.au/hockeyballarat/game/2524238,2026-05-21 23:08:58
Under 14 Open,Round 2,Sat 02 May 2026,10:00,"John Vernon Field, Ballarat Grammar",EGC,Lucas HC U14,2,3,Harley Shepherd,Lachlan Hargreaves,Lucas HC U14,,Mietta G.,101,,True,,,,,https://www.revolutionise.com.au/hockeyballarat/game/2524238,2026-05-21 23:08:58
Under 14 Open,Round 2,Sat 02 May 2026,10:00,"John Vernon Field, Ballarat Grammar",EGC,Lucas HC U14,2,3,Harley Shepherd,Lachlan Hargreaves,Lucas HC U14,,Morgan E.,100,,True,,,,,https://www.revolutionise.com.au/hockeyballarat/game/2524238,2026-05-21 23:08:58
Under 14 Open,Round 2,Sat 02 May 2026,10:00,"John Vernon Field, Ballarat Grammar",EGC,Lucas HC U14,2,3,Harley Shepherd,Lachlan Hargreaves,Lucas HC U14,,Noah G.,102,,False,,,,,https://www.revolutionise.com.au/hockeyballarat/game/2524238,2026-05-21 23:08:58
Under 14 Open,Round 2,Sat 02 May 2026,10:00,"John Vernon Field, Ballarat Grammar",EGC,Lucas HC U14,2,3,Harley Shepherd,Lachlan Hargreaves,Lucas HC U14,,Oakley O.,105,,True,1,,,,https://www.revolutionise.com.au/hockeyballarat/game/2524238,2026-05-21 23:08:58
Under 14 Open,Round 2,Sat 02 May 2026,10:00,"John Vernon Field, Ballarat Grammar",EGC,Lucas HC U14,2,3,Harley Shepherd,Lachlan Hargreaves,Lucas HC U14,,Ryan P.,106,,True,,,,,https://www.revolutionise.com.au/hockeyballarat/game/2524238,2026-05-21 23:08:58
Under 14 Open,Round 2,Sat 02 May 2026,10:00,"John Vernon Field, Ballarat Grammar",EGC,Lucas HC U14,2,3,Harley Shepherd,Lachlan Hargreaves,Lucas HC U14,,Sebastian P.,23,,True,,,,,https://www.revolutionise.com.au/hockeyballarat/game/2524238,2026-05-21 23:08:58
Under 14 Open,Round 2,Sat 02 May 2026,10:00,"John Vernon Field, Ballarat Grammar",EGC,Lucas HC U14,2,3,Harley Shepherd,Lachlan Hargreaves,Lucas HC U14,,Xavier P.,72,,True,,,,,https://www.revolutionise.com.au/hockeyballarat/game/2524238,2026-05-21 23:08:58
Under 14 Open,Round 2,Sat 02 May 2026,10:00,"John Vernon Field, Ballarat Grammar",EGC,Lucas HC U14,2,3,Harley Shepherd,Lachlan Hargreaves,Lucas HC U14,,Toby D.,,,True,,,,,https://www.revolutionise.com.au/hockeyballarat/game/2524238,2026-05-21 23:08:58
Under 16 Open,Round 2,Sat 02 May 2026,11:15,"John Vernon Field, Ballarat Grammar",Lucas HC U16,EGC,4,2,Jeff Sly,,Lucas HC U16,,Caleb H.,106,,True,,,,,https://www.revolutionise.com.au/hockeyballarat/game/2524256,2026-05-21 23:09:01
Under 16 Open,Round 2,Sat 02 May 2026,11:15,"John Vernon Field, Ballarat Grammar",Lucas HC U16,EGC,4,2,Jeff Sly,,Lucas HC U16,,Goraav Reddy N.,64,,False,,,,,https://www.revolutionise.com.au/hockeyballarat/game/2524256,2026-05-21 23:09:01
Under 16 Open,Round 2,Sat 02 May 2026,11:15,"John Vernon Field, Ballarat Grammar",Lucas HC U16,EGC,4,2,Jeff Sly,,Lucas HC U16,,Harley S.,61,,True,,,,,https://www.revolutionise.com.au/hockeyballarat/game/2524256,2026-05-21 23:09:01
Under 16 Open,Round 2,Sat 02 May 2026,11:15,"John Vernon Field, Ballarat Grammar",Lucas HC U16,EGC,4,2,Jeff Sly,,Lucas HC U16,,Heidi S.,2,,False,,,,,https://www.revolutionise.com.au/hockeyballarat/game/2524256,2026-05-21 23:09:01
Under 16 Open,Round 2,Sat 02 May 2026,11:15,"John Vernon Field, Ballarat Grammar",Lucas HC U16,EGC,4,2,Jeff Sly,,Lucas HC U16,,Henry B.,100,,True,,,,,https://www.revolutionise.com.au/hockeyballarat/game/2524256,2026-05-21 23:09:01
Under 16 Open,Round 2,Sat 02 May 2026,11:15,"John Vernon Field, Ballarat Grammar",Lucas HC U16,EGC,4,2,Jeff Sly,,Lucas HC U16,,Hunter K.,113,,False,,,,,https://www.revolutionise.com.au/hockeyballarat/game/2524256,2026-05-21 23:09:01
Under 16 Open,Round 2,Sat 02 May 2026,11:15,"John Vernon Field, Ballarat Grammar",Lucas HC U16,EGC,4,2,Jeff Sly,,Lucas HC U16,,Jake R.,109,,False,,,,,https://www.revolutionise.com.au/hockeyballarat/game/2524256,2026-05-21 23:09:01
Under 16 Open,Round 2,Sat 02 May 2026,11:15,"John Vernon Field, Ballarat Grammar",Lucas HC U16,EGC,4,2,Jeff Sly,,Lucas HC U16,,Jordan S.,16,,True,1,,,,https://www.revolutionise.com.au/hockeyballarat/game/2524256,2026-05-21 23:09:01
Under 16 Open,Round 2,Sat 02 May 2026,11:15,"John Vernon Field, Ballarat Grammar",Lucas HC U16,EGC,4,2,Jeff Sly,,Lucas HC U16,,Lachlan H.,36,,True,1,,,,https://www.revolutionise.com.au/hockeyballarat/game/2524256,2026-05-21 23:09:01
Under 16 Open,Round 2,Sat 02 May 2026,11:15,"John Vernon Field, Ballarat Grammar",Lucas HC U16,EGC,4,2,Jeff Sly,,Lucas HC U16,,Lucas J.,114,,False,,,,,https://www.revolutionise.com.au/hockeyballarat/game/2524256,2026-05-21 23:09:01
Under 16 Open,Round 2,Sat 02 May 2026,11:15,"John Vernon Field, Ballarat Grammar",Lucas HC U16,EGC,4,2,Jeff Sly,,Lucas HC U16,,Mack H.,105,,True,,,,,https://www.revolutionise.com.au/hockeyballarat/game/2524256,2026-05-21 23:09:01
Under 16 Open,Round 2,Sat 02 May 2026,11:15,"John Vernon Field, Ballarat Grammar",Lucas HC U16,EGC,4,2,Jeff Sly,,Lucas HC U16,,Mietta G.,103,,False,,,,,https://www.revolutionise.com.au/hockeyballarat/game/2524256,2026-05-21 23:09:01
Under 16 Open,Round 2,Sat 02 May 2026,11:15,"John Vernon Field, Ballarat Grammar",Lucas HC U16,EGC,4,2,Jeff Sly,,Lucas HC U16,,Morgan E.,102,,True,,,,,https://www.revolutionise.com.au/hockeyballarat/game/2524256,2026-05-21 23:09:01
Under 16 Open,Round 2,Sat 02 May 2026,11:15,"John Vernon Field, Ballarat Grammar",Lucas HC U16,EGC,4,2,Jeff Sly,,Lucas HC U16,,Nicholas J.,107,,True,,,,,https://www.revolutionise.com.au/hockeyballarat/game/2524256,2026-05-21 23:09:01
Under 16 Open,Round 2,Sat 02 May 2026,11:15,"John Vernon Field, Ballarat Grammar",Lucas HC U16,EGC,4,2,Jeff Sly,,Lucas HC U16,,Noah B.,101,,False,,,,,https://www.revolutionise.com.au/hockeyballarat/game/2524256,2026-05-21 23:09:01
Under 16 Open,Round 2,Sat 02 May 2026,11:15,"John Vernon Field, Ballarat Grammar",Lucas HC U16,EGC,4,2,Jeff Sly,,Lucas HC U16,,Oakley O.,108,,False,,,,,https://www.revolutionise.com.au/hockeyballarat/game/2524256,2026-05-21 23:09:01
Under 16 Open,Round 2,Sat 02 May 2026,11:15,"John Vernon Field, Ballarat Grammar",Lucas HC U16,EGC,4,2,Jeff Sly,,Lucas HC U16,,Reuben P.,33,,True,,,,,https://www.revolutionise.com.au/hockeyballarat/game/2524256,2026-05-21 23:09:01
Under 16 Open,Round 2,Sat 02 May 2026,11:15,"John Vernon Field, Ballarat Grammar",Lucas HC U16,EGC,4,2,Jeff Sly,,Lucas HC U16,,Ryan G.,104,,False,,,,,https://www.revolutionise.com.au/hockeyballarat/game/2524256,2026-05-21 23:09:01
Under 16 Open,Round 2,Sat 02 May 2026,11:15,"John Vernon Field, Ballarat Grammar",Lucas HC U16,EGC,4,2,Jeff Sly,,Lucas HC U16,,Ryan P.,72,,True,,,,,https://www.revolutionise.com.au/hockeyballarat/game/2524256,2026-05-21 23:09:01
Under 16 Open,Round 2,Sat 02 May 2026,11:15,"John Vernon Field, Ballarat Grammar",Lucas HC U16,EGC,4,2,Jeff Sly,,Lucas HC U16,,Sebastian P.,23,,False,,,,,https://www.revolutionise.com.au/hockeyballarat/game/2524256,2026-05-21 23:09:01
Under 16 Open,Round 2,Sat 02 May 2026,11:15,"John Vernon Field, Ballarat Grammar",Lucas HC U16,EGC,4,2,Jeff Sly,,Lucas HC U16,,Xavier P.,111,,False,,,,,https://www.revolutionise.com.au/hockeyballarat/game/2524256,2026-05-21 23:09:01
Under 16 Open,Round 2,Sat 02 May 2026,11:15,"John Vernon Field, Ballarat Grammar",Lucas HC U16,EGC,4,2,Jeff Sly,,Lucas HC U16,,Zara S.,112,,False,,,,,https://www.revolutionise.com.au/hockeyballarat/game/2524256,2026-05-21 23:09:01
Under 16 Open,Round 2,Sat 02 May 2026,11:15,"John Vernon Field, Ballarat Grammar",Lucas HC U16,EGC,4,2,Jeff Sly,,Lucas HC U16,,Hunter K.,,,True,2,,,,https://www.revolutionise.com.au/hockeyballarat/game/2524256,2026-05-21 23:09:01
Under 16 Open,Round 2,Sat 02 May 2026,11:15,"John Vernon Field, Ballarat Grammar",Lucas HC U16,EGC,4,2,Jeff Sly,,Lucas HC U16,,Lucas J.,,,True,,,,,https://www.revolutionise.com.au/hockeyballarat/game/2524256,2026-05-21 23:09:01
Under 16 Open,Round 2,Sat 02 May 2026,11:15,"John Vernon Field, Ballarat Grammar",Lucas HC U16,EGC,4,2,Jeff Sly,,Lucas HC U16,,Zara S.,,,True,,,,,https://www.revolutionise.com.au/hockeyballarat/game/2524256,2026-05-21 23:09:01
Under 16 Open,Round 2,Sat 02 May 2026,11:15,"John Vernon Field, Ballarat Grammar",Lucas HC U16,EGC,4,2,Jeff Sly,,EGC,,Aarav K.,73,,True,,,,,https://www.revolutionise.com.au/hockeyballarat/game/2524256,2026-05-21 23:09:01
Under 16 Open,Round 2,Sat 02 May 2026,11:15,"John Vernon Field, Ballarat Grammar",Lucas HC U16,EGC,4,2,Jeff Sly,,EGC,,Benjamin B.,96,,True,1,,,,https://www.revolutionise.com.au/hockeyballarat/game/2524256,2026-05-21 23:09:01
Under 16 Open,Round 2,Sat 02 May 2026,11:15,"John Vernon Field, Ballarat Grammar",Lucas HC U16,EGC,4,2,Jeff Sly,,EGC,,Fergus L.,97,Goalkeeper,True,,,,,https://www.revolutionise.com.au/hockeyballarat/game/2524256,2026-05-21 23:09:01
Under 16 Open,Round 2,Sat 02 May 2026,11:15,"John Vernon Field, Ballarat Grammar",Lucas HC U16,EGC,4,2,Jeff Sly,,EGC,,Harriet L.,54,,True,,,,,https://www.revolutionise.com.au/hockeyballarat/game/2524256,2026-05-21 23:09:01
Under 16 Open,Round 2,Sat 02 May 2026,11:15,"John Vernon Field, Ballarat Grammar",Lucas HC U16,EGC,4,2,Jeff Sly,,EGC,,Harry P.,80,,False,,,,,https://www.revolutionise.com.au/hockeyballarat/game/2524256,2026-05-21 23:09:01
Under 16 Open,Round 2,Sat 02 May 2026,11:15,"John Vernon Field, Ballarat Grammar",Lucas HC U16,EGC,4,2,Jeff Sly,,EGC,,James H.,60,,True,,,,,https://www.revolutionise.com.au/hockeyballarat/game/2524256,2026-05-21 23:09:01
Under 16 Open,Round 2,Sat 02 May 2026,11:15,"John Vernon Field, Ballarat Grammar",Lucas HC U16,EGC,4,2,Jeff Sly,,EGC,,Lachlan M.,1,Goalkeeper,True,,,,,https://www.revolutionise.com.au/hockeyballarat/game/2524256,2026-05-21 23:09:01
Under 16 Open,Round 2,Sat 02 May 2026,11:15,"John Vernon Field, Ballarat Grammar",Lucas HC U16,EGC,4,2,Jeff Sly,,EGC,,Leo T.,81,,True,,,,,https://www.revolutionise.com.au/hockeyballarat/game/2524256,2026-05-21 23:09:01
Under 16 Open,Round 2,Sat 02 May 2026,11:15,"John Vernon Field, Ballarat Grammar",Lucas HC U16,EGC,4,2,Jeff Sly,,EGC,,Manav K.,93,,True,,,,,https://www.revolutionise.com.au/hockeyballarat/game/2524256,2026-05-21 23:09:01
Under 16 Open,Round 2,Sat 02 May 2026,11:15,"John Vernon Field, Ballarat Grammar",Lucas HC U16,EGC,4,2,Jeff Sly,,EGC,,Poppy L.,55,Captain,True,,,,,https://www.revolutionise.com.au/hockeyballarat/game/2524256,2026-05-21 23:09:01
Under 16 Open,Round 2,Sat 02 May 2026,11:15,"John Vernon Field, Ballarat Grammar",Lucas HC U16,EGC,4,2,Jeff Sly,,EGC,,Riley K.,82,,True,1,,,,https://www.revolutionise.com.au/hockeyballarat/game/2524256,2026-05-21 23:09:01
Under 16 Open,Round 2,Sat 02 May 2026,11:15,"John Vernon Field, Ballarat Grammar",Lucas HC U16,EGC,4,2,Jeff Sly,,EGC,,Sanuk A.,77,,False,,,,,https://www.revolutionise.com.au/hockeyballarat/game/2524256,2026-05-21 23:09:01
Under 16 Open,Round 2,Sat 02 May 2026,11:15,"John Vernon Field, Ballarat Grammar",Lucas HC U16,EGC,4,2,Jeff Sly,,EGC,,Sophia P.,72,,True,,,,,https://www.revolutionise.com.au/hockeyballarat/game/2524256,2026-05-21 23:09:01
Under 16 Open,Round 2,Sat 02 May 2026,11:15,"John Vernon Field, Ballarat Grammar",Lucas HC U16,EGC,4,2,Jeff Sly,,EGC,,Susan M.,92,,True,,,,,https://www.revolutionise.com.au/hockeyballarat/game/2524256,2026-05-21 23:09:01
Under 16 Open,Round 2,Sat 02 May 2026,11:15,"John Vernon Field, Ballarat Grammar",Lucas HC U16,EGC,4,2,Jeff Sly,,EGC,,Talika D.,31,,True,,,,,https://www.revolutionise.com.au/hockeyballarat/game/2524256,2026-05-21 23:09:01
Under 16 Open,Round 2,Sat 02 May 2026,11:15,"John Vernon Field, Ballarat Grammar",Lucas HC U16,EGC,4,2,Jeff Sly,,EGC,,Wilbur C.,46,,False,,,,,https://www.revolutionise.com.au/hockeyballarat/game/2524256,2026-05-21 23:09:01
Under 16 Open,Round 2,Sat 02 May 2026,11:15,"John Vernon Field, Ballarat Grammar",Lucas HC U16,EGC,4,2,Jeff Sly,,EGC,,William S.,75,,True,,,,,https://www.revolutionise.com.au/hockeyballarat/game/2524256,2026-05-21 23:09:01
Division 1 Men,Round 2,Sun 03 May 2026,09:00,Prince of Wales Park,SOBHC Ducks Men,Lucas HC Div 1 Men,0,5,Jeff Sly,Joshua Sly,SOBHC Ducks Men,,Adham H.,11,,True,,,,,https://www.revolutionise.com.au/hockeyballarat/game/2522120,2026-05-21 23:09:04
Division 1 Men,Round 2,Sun 03 May 2026,09:00,Prince of Wales Park,SOBHC Ducks Men,Lucas HC Div 1 Men,0,5,Jeff Sly,Joshua Sly,SOBHC Ducks Men,,Ashley G.,19,Captain,True,,,,,https://www.revolutionise.com.au/hockeyballarat/game/2522120,2026-05-21 23:09:04
Division 1 Men,Round 2,Sun 03 May 2026,09:00,Prince of Wales Park,SOBHC Ducks Men,Lucas HC Div 1 Men,0,5,Jeff Sly,Joshua Sly,SOBHC Ducks Men,,Ayden E.,1,Goalkeeper,False,,,,,https://www.revolutionise.com.au/hockeyballarat/game/2522120,2026-05-21 23:09:04
Division 1 Men,Round 2,Sun 03 May 2026,09:00,Prince of Wales Park,SOBHC Ducks Men,Lucas HC Div 1 Men,0,5,Jeff Sly,Joshua Sly,SOBHC Ducks Men,,Ben G.,70,,True,,,,,https://www.revolutionise.com.au/hockeyballarat/game/2522120,2026-05-21 23:09:04
Division 1 Men,Round 2,Sun 03 May 2026,09:00,Prince of Wales Park,SOBHC Ducks Men,Lucas HC Div 1 Men,0,5,Jeff Sly,Joshua Sly,SOBHC Ducks Men,,Benjamin W.,43,,False,,,,,https://www.revolutionise.com.au/hockeyballarat/game/2522120,2026-05-21 23:09:04
Division 1 Men,Round 2,Sun 03 May 2026,09:00,Prince of Wales Park,SOBHC Ducks Men,Lucas HC Div 1 Men,0,5,Jeff Sly,Joshua Sly,SOBHC Ducks Men,,Brennan D.,102,,False,,,,,https://www.revolutionise.com.au/hockeyballarat/game/2522120,2026-05-21 23:09:04
Division 1 Men,Round 2,Sun 03 May 2026,09:00,Prince of Wales Park,SOBHC Ducks Men,Lucas HC Div 1 Men,0,5,Jeff Sly,Joshua Sly,SOBHC Ducks Men,,David H.,96,,True,,,,,https://www.revolutionise.com.au/hockeyballarat/game/2522120,2026-05-21 23:09:04
Division 1 Men,Round 2,Sun 03 May 2026,09:00,Prince of Wales Park,SOBHC Ducks Men,Lucas HC Div 1 Men,0,5,Jeff Sly,Joshua Sly,SOBHC Ducks Men,,Douglas B.,17,,True,,,,,https://www.revolutionise.com.au/hockeyballarat/game/2522120,2026-05-21 23:09:04
Division 1 Men,Round 2,Sun 03 May 2026,09:00,Prince of Wales Park,SOBHC Ducks Men,Lucas HC Div 1 Men,0,5,Jeff Sly,Joshua Sly,SOBHC Ducks Men,,Hayden E.,23,,True,,,,,https://www.revolutionise.com.au/hockeyballarat/game/2522120,2026-05-21 23:09:04
Division 1 Men,Round 2,Sun 03 May 2026,09:00,Prince of Wales Park,SOBHC Ducks Men,Lucas HC Div 1 Men,0,5,Jeff Sly,Joshua Sly,SOBHC Ducks Men,,Hayden G.,101,,True,,,,,https://www.revolutionise.com.au/hockeyballarat/game/2522120,2026-05-21 23:09:04
Division 1 Men,Round 2,Sun 03 May 2026,09:00,Prince of Wales Park,SOBHC Ducks Men,Lucas HC Div 1 Men,0,5,Jeff Sly,Joshua Sly,SOBHC Ducks Men,,Hayden S.,4,,True,,,,,https://www.revolutionise.com.au/hockeyballarat/game/2522120,2026-05-21 23:09:04
Division 1 Men,Round 2,Sun 03 May 2026,09:00,Prince of Wales Park,SOBHC Ducks Men,Lucas HC Div 1 Men,0,5,Jeff Sly,Joshua Sly,SOBHC Ducks Men,,Jaedon F.,13,,True,,,,,https://www.revolutionise.com.au/hockeyballarat/game/2522120,2026-05-21 23:09:04
Division 1 Men,Round 2,Sun 03 May 2026,09:00,Prince of Wales Park,SOBHC Ducks Men,Lucas HC Div 1 Men,0,5,Jeff Sly,Joshua Sly,SOBHC Ducks Men,,John B.,69,,False,,,,,https://www.revolutionise.com.au/hockeyballarat/game/2522120,2026-05-21 23:09:04
Division 1 Men,Round 2,Sun 03 May 2026,09:00,Prince of Wales Park,SOBHC Ducks Men,Lucas HC Div 1 Men,0,5,Jeff Sly,Joshua Sly,SOBHC Ducks Men,,Lachlan M.,44,,True,,,,,https://www.revolutionise.com.au/hockeyballarat/game/2522120,2026-05-21 23:09:04
Division 1 Men,Round 2,Sun 03 May 2026,09:00,Prince of Wales Park,SOBHC Ducks Men,Lucas HC Div 1 Men,0,5,Jeff Sly,Joshua Sly,SOBHC Ducks Men,,Liam T.,103,,False,,,,,https://www.revolutionise.com.au/hockeyballarat/game/2522120,2026-05-21 23:09:04
Division 1 Men,Round 2,Sun 03 May 2026,09:00,Prince of Wales Park,SOBHC Ducks Men,Lucas HC Div 1 Men,0,5,Jeff Sly,Joshua Sly,SOBHC Ducks Men,,Nick M.,29,,True,,,,,https://www.revolutionise.com.au/hockeyballarat/game/2522120,2026-05-21 23:09:04
Division 1 Men,Round 2,Sun 03 May 2026,09:00,Prince of Wales Park,SOBHC Ducks Men,Lucas HC Div 1 Men,0,5,Jeff Sly,Joshua Sly,SOBHC Ducks Men,,Kade K.,,,True,,,,,https://www.revolutionise.com.au/hockeyballarat/game/2522120,2026-05-21 23:09:04
Division 1 Men,Round 2,Sun 03 May 2026,09:00,Prince of Wales Park,SOBHC Ducks Men,Lucas HC Div 1 Men,0,5,Jeff Sly,Joshua Sly,Lucas HC Div 1 Men,,Caleb H.,10,,True,,,,,https://www.revolutionise.com.au/hockeyballarat/game/2522120,2026-05-21 23:09:04
Division 1 Men,Round 2,Sun 03 May 2026,09:00,Prince of Wales Park,SOBHC Ducks Men,Lucas HC Div 1 Men,0,5,Jeff Sly,Joshua Sly,Lucas HC Div 1 Men,,Damon S.,35,,True,,,,,https://www.revolutionise.com.au/hockeyballarat/game/2522120,2026-05-21 23:09:04
Division 1 Men,Round 2,Sun 03 May 2026,09:00,Prince of Wales Park,SOBHC Ducks Men,Lucas HC Div 1 Men,0,5,Jeff Sly,Joshua Sly,Lucas HC Div 1 Men,,Gabe P.,71,,True,,,,,https://www.revolutionise.com.au/hockeyballarat/game/2522120,2026-05-21 23:09:04
Division 1 Men,Round 2,Sun 03 May 2026,09:00,Prince of Wales Park,SOBHC Ducks Men,Lucas HC Div 1 Men,0,5,Jeff Sly,Joshua Sly,Lucas HC Div 1 Men,,Glyn K.,13,,True,,,,,https://www.revolutionise.com.au/hockeyballarat/game/2522120,2026-05-21 23:09:04
Division 1 Men,Round 2,Sun 03 May 2026,09:00,Prince of Wales Park,SOBHC Ducks Men,Lucas HC Div 1 Men,0,5,Jeff Sly,Joshua Sly,Lucas HC Div 1 Men,,Harley S.,21,,False,,,,,https://www.revolutionise.com.au/hockeyballarat/game/2522120,2026-05-21 23:09:04
Division 1 Men,Round 2,Sun 03 May 2026,09:00,Prince of Wales Park,SOBHC Ducks Men,Lucas HC Div 1 Men,0,5,Jeff Sly,Joshua Sly,Lucas HC Div 1 Men,,Hayden S.,26,,True,1,,,,https://www.revolutionise.com.au/hockeyballarat/game/2522120,2026-05-21 23:09:04
Division 1 Men,Round 2,Sun 03 May 2026,09:00,Prince of Wales Park,SOBHC Ducks Men,Lucas HC Div 1 Men,0,5,Jeff Sly,Joshua Sly,Lucas HC Div 1 Men,,Henry B.,17,,True,,,,,https://www.revolutionise.com.au/hockeyballarat/game/2522120,2026-05-21 23:09:04
Division 1 Men,Round 2,Sun 03 May 2026,09:00,Prince of Wales Park,SOBHC Ducks Men,Lucas HC Div 1 Men,0,5,Jeff Sly,Joshua Sly,Lucas HC Div 1 Men,,Jake R.,19,,False,,,,,https://www.revolutionise.com.au/hockeyballarat/game/2522120,2026-05-21 23:09:04
Division 1 Men,Round 2,Sun 03 May 2026,09:00,Prince of Wales Park,SOBHC Ducks Men,Lucas HC Div 1 Men,0,5,Jeff Sly,Joshua Sly,Lucas HC Div 1 Men,,James V.,78,,False,,,,,https://www.revolutionise.com.au/hockeyballarat/game/2522120,2026-05-21 23:09:04
Division 1 Men,Round 2,Sun 03 May 2026,09:00,Prince of Wales Park,SOBHC Ducks Men,Lucas HC Div 1 Men,0,5,Jeff Sly,Joshua Sly,Lucas HC Div 1 Men,,Jason H.,16,,True,1,,,,https://www.revolutionise.com.au/hockeyballarat/game/2522120,2026-05-21 23:09:04
Division 1 Men,Round 2,Sun 03 May 2026,09:00,Prince of Wales Park,SOBHC Ducks Men,Lucas HC Div 1 Men,0,5,Jeff Sly,Joshua Sly,Lucas HC Div 1 Men,,Jordan S.,22,,False,,,,,https://www.revolutionise.com.au/hockeyballarat/game/2522120,2026-05-21 23:09:04
Division 1 Men,Round 2,Sun 03 May 2026,09:00,Prince of Wales Park,SOBHC Ducks Men,Lucas HC Div 1 Men,0,5,Jeff Sly,Joshua Sly,Lucas HC Div 1 Men,,Lachlan H.,36,,True,,,,,https://www.revolutionise.com.au/hockeyballarat/game/2522120,2026-05-21 23:09:04
Division 1 Men,Round 2,Sun 03 May 2026,09:00,Prince of Wales Park,SOBHC Ducks Men,Lucas HC Div 1 Men,0,5,Jeff Sly,Joshua Sly,Lucas HC Div 1 Men,,Lachlan N.,74,,False,,,,,https://www.revolutionise.com.au/hockeyballarat/game/2522120,2026-05-21 23:09:04
Division 1 Men,Round 2,Sun 03 May 2026,09:00,Prince of Wales Park,SOBHC Ducks Men,Lucas HC Div 1 Men,0,5,Jeff Sly,Joshua Sly,Lucas HC Div 1 Men,,Luke P.,1,,True,,,,,https://www.revolutionise.com.au/hockeyballarat/game/2522120,2026-05-21 23:09:04
Division 1 Men,Round 2,Sun 03 May 2026,09:00,Prince of Wales Park,SOBHC Ducks Men,Lucas HC Div 1 Men,0,5,Jeff Sly,Joshua Sly,Lucas HC Div 1 Men,,Mack H.,7,,False,,,,,https://www.revolutionise.com.au/hockeyballarat/game/2522120,2026-05-21 23:09:04
Division 1 Men,Round 2,Sun 03 May 2026,09:00,Prince of Wales Park,SOBHC Ducks Men,Lucas HC Div 1 Men,0,5,Jeff Sly,Joshua Sly,Lucas HC Div 1 Men,,Matthew K.,73,,False,,,,,https://www.revolutionise.com.au/hockeyballarat/game/2522120,2026-05-21 23:09:04
Division 1 Men,Round 2,Sun 03 May 2026,09:00,Prince of Wales Park,SOBHC Ducks Men,Lucas HC Div 1 Men,0,5,Jeff Sly,Joshua Sly,Lucas HC Div 1 Men,,Michael C.,77,,False,,,,,https://www.revolutionise.com.au/hockeyballarat/game/2522120,2026-05-21 23:09:04
Division 1 Men,Round 2,Sun 03 May 2026,09:00,Prince of Wales Park,SOBHC Ducks Men,Lucas HC Div 1 Men,0,5,Jeff Sly,Joshua Sly,Lucas HC Div 1 Men,,Nathan H.,8,,False,,,,,https://www.revolutionise.com.au/hockeyballarat/game/2522120,2026-05-21 23:09:04
Division 1 Men,Round 2,Sun 03 May 2026,09:00,Prince of Wales Park,SOBHC Ducks Men,Lucas HC Div 1 Men,0,5,Jeff Sly,Joshua Sly,Lucas HC Div 1 Men,,Nicholas H.,9,,False,,,,,https://www.revolutionise.com.au/hockeyballarat/game/2522120,2026-05-21 23:09:04
Division 1 Men,Round 2,Sun 03 May 2026,09:00,Prince of Wales Park,SOBHC Ducks Men,Lucas HC Div 1 Men,0,5,Jeff Sly,Joshua Sly,Lucas HC Div 1 Men,,Nicholas J.,12,,True,,,,,https://www.revolutionise.com.au/hockeyballarat/game/2522120,2026-05-21 23:09:04
Division 1 Men,Round 2,Sun 03 May 2026,09:00,Prince of Wales Park,SOBHC Ducks Men,Lucas HC Div 1 Men,0,5,Jeff Sly,Joshua Sly,Lucas HC Div 1 Men,,Noah B.,2,,False,,,,,https://www.revolutionise.com.au/hockeyballarat/game/2522120,2026-05-21 23:09:04
Division 1 Men,Round 2,Sun 03 May 2026,09:00,Prince of Wales Park,SOBHC Ducks Men,Lucas HC Div 1 Men,0,5,Jeff Sly,Joshua Sly,Lucas HC Div 1 Men,,Reuben P.,18,,False,,,,,https://www.revolutionise.com.au/hockeyballarat/game/2522120,2026-05-21 23:09:04
Division 1 Men,Round 2,Sun 03 May 2026,09:00,Prince of Wales Park,SOBHC Ducks Men,Lucas HC Div 1 Men,0,5,Jeff Sly,Joshua Sly,Lucas HC Div 1 Men,,Ryan G.,28,,False,,,,,https://www.revolutionise.com.au/hockeyballarat/game/2522120,2026-05-21 23:09:04
Division 1 Men,Round 2,Sun 03 May 2026,09:00,Prince of Wales Park,SOBHC Ducks Men,Lucas HC Div 1 Men,0,5,Jeff Sly,Joshua Sly,Lucas HC Div 1 Men,,Scott H.,11,,False,,,,,https://www.revolutionise.com.au/hockeyballarat/game/2522120,2026-05-21 23:09:04
Division 1 Men,Round 2,Sun 03 May 2026,09:00,Prince of Wales Park,SOBHC Ducks Men,Lucas HC Div 1 Men,0,5,Jeff Sly,Joshua Sly,Lucas HC Div 1 Men,,William M.,15,,False,,,,,https://www.revolutionise.com.au/hockeyballarat/game/2522120,2026-05-21 23:09:04
Division 1 Men,Round 2,Sun 03 May 2026,09:00,Prince of Wales Park,SOBHC Ducks Men,Lucas HC Div 1 Men,0,5,Jeff Sly,Joshua Sly,Lucas HC Div 1 Men,,Zoe K.,14,,False,,,,,https://www.revolutionise.com.au/hockeyballarat/game/2522120,2026-05-21 23:09:04
Division 1 Men,Round 2,Sun 03 May 2026,09:00,Prince of Wales Park,SOBHC Ducks Men,Lucas HC Div 1 Men,0,5,Jeff Sly,Joshua Sly,Lucas HC Div 1 Men,,Fraser C.,,,True,1,,,,https://www.revolutionise.com.au/hockeyballarat/game/2522120,2026-05-21 23:09:04
Division 1 Men,Round 2,Sun 03 May 2026,09:00,Prince of Wales Park,SOBHC Ducks Men,Lucas HC Div 1 Men,0,5,Jeff Sly,Joshua Sly,Lucas HC Div 1 Men,,James V.,,,True,1,,,,https://www.revolutionise.com.au/hockeyballarat/game/2522120,2026-05-21 23:09:04
Division 1 Men,Round 2,Sun 03 May 2026,09:00,Prince of Wales Park,SOBHC Ducks Men,Lucas HC Div 1 Men,0,5,Jeff Sly,Joshua Sly,Lucas HC Div 1 Men,,Thomas B.,,,True,2,,,,https://www.revolutionise.com.au/hockeyballarat/game/2522120,2026-05-21 23:09:04
Division 1 Men,Round 2,Sun 03 May 2026,17:00,Prince of Wales Park,Blaze Div 1 Men,EGC,2,2,Craig Stevens,Lee Drury,Blaze Div 1 Men,Blaze,Anthony P.,7,,True,,,,,https://www.revolutionise.com.au/hockeyballarat/game/2522119,2026-05-21 23:09:05
Division 1 Men,Round 2,Sun 03 May 2026,17:00,Prince of Wales Park,Blaze Div 1 Men,EGC,2,2,Craig Stevens,Lee Drury,Blaze Div 1 Men,Blaze,Bailey P.,,,True,,,,,https://www.revolutionise.com.au/hockeyballarat/game/2522119,2026-05-21 23:09:05
Division 1 Men,Round 2,Sun 03 May 2026,17:00,Prince of Wales Park,Blaze Div 1 Men,EGC,2,2,Craig Stevens,Lee Drury,Blaze Div 1 Men,Blaze,Bas G.,5,Goalkeeper,True,,,,,https://www.revolutionise.com.au/hockeyballarat/game/2522119,2026-05-21 23:09:05
Division 1 Men,Round 2,Sun 03 May 2026,17:00,Prince of Wales Park,Blaze Div 1 Men,EGC,2,2,Craig Stevens,Lee Drury,Blaze Div 1 Men,Blaze,Ben S.,8,,True,,,,,https://www.revolutionise.com.au/hockeyballarat/game/2522119,2026-05-21 23:09:05
Division 1 Men,Round 2,Sun 03 May 2026,17:00,Prince of Wales Park,Blaze Div 1 Men,EGC,2,2,Craig Stevens,Lee Drury,Blaze Div 1 Men,Blaze,Bryce R.,13,,True,,1,,,https://www.revolutionise.com.au/hockeyballarat/game/2522119,2026-05-21 23:09:05
Division 1 Men,Round 2,Sun 03 May 2026,17:00,Prince of Wales Park,Blaze Div 1 Men,EGC,2,2,Craig Stevens,Lee Drury,Blaze Div 1 Men,Blaze,George A.,9,,True,,,,,https://www.revolutionise.com.au/hockeyballarat/game/2522119,2026-05-21 23:09:05
Division 1 Men,Round 2,Sun 03 May 2026,17:00,Prince of Wales Park,Blaze Div 1 Men,EGC,2,2,Craig Stevens,Lee Drury,Blaze Div 1 Men,Blaze,Jayden I.,1,,True,,,,,https://www.revolutionise.com.au/hockeyballarat/game/2522119,2026-05-21 23:09:05
Division 1 Men,Round 2,Sun 03 May 2026,17:00,Prince of Wales Park,Blaze Div 1 Men,EGC,2,2,Craig Stevens,Lee Drury,Blaze Div 1 Men,Blaze,Liam J.,6,,True,,,,,https://www.revolutionise.com.au/hockeyballarat/game/2522119,2026-05-21 23:09:05
Division 1 Men,Round 2,Sun 03 May 2026,17:00,Prince of Wales Park,Blaze Div 1 Men,EGC,2,2,Craig Stevens,Lee Drury,Blaze Div 1 Men,Blaze,Maxim W.,14,,True,1,,,,https://www.revolutionise.com.au/hockeyballarat/game/2522119,2026-05-21 23:09:05
Division 1 Men,Round 2,Sun 03 May 2026,17:00,Prince of Wales Park,Blaze Div 1 Men,EGC,2,2,Craig Stevens,Lee Drury,Blaze Div 1 Men,Blaze,Michael S.,3,,True,,,,,https://www.revolutionise.com.au/hockeyballarat/game/2522119,2026-05-21 23:09:05
Division 1 Men,Round 2,Sun 03 May 2026,17:00,Prince of Wales Park,Blaze Div 1 Men,EGC,2,2,Craig Stevens,Lee Drury,Blaze Div 1 Men,Blaze,Mitchell S.,,,True,,,,,https://www.revolutionise.com.au/hockeyballarat/game/2522119,2026-05-21 23:09:05
Division 1 Men,Round 2,Sun 03 May 2026,17:00,Prince of Wales Park,Blaze Div 1 Men,EGC,2,2,Craig Stevens,Lee Drury,Blaze Div 1 Men,Blaze,Ned J.,15,,True,1,,,,https://www.revolutionise.com.au/hockeyballarat/game/2522119,2026-05-21 23:09:05
Division 1 Men,Round 2,Sun 03 May 2026,17:00,Prince of Wales Park,Blaze Div 1 Men,EGC,2,2,Craig Stevens,Lee Drury,Blaze Div 1 Men,Blaze,Nic H.,12,,True,,,,,https://www.revolutionise.com.au/hockeyballarat/game/2522119,2026-05-21 23:09:05
Division 1 Men,Round 2,Sun 03 May 2026,17:00,Prince of Wales Park,Blaze Div 1 Men,EGC,2,2,Craig Stevens,Lee Drury,Blaze Div 1 Men,Blaze,Ronan T.,10,,True,,,,,https://www.revolutionise.com.au/hockeyballarat/game/2522119,2026-05-21 23:09:05
Division 1 Men,Round 2,Sun 03 May 2026,17:00,Prince of Wales Park,Blaze Div 1 Men,EGC,2,2,Craig Stevens,Lee Drury,Blaze Div 1 Men,Blaze,Rory D.,4,,True,,,,,https://www.revolutionise.com.au/hockeyballarat/game/2522119,2026-05-21 23:09:05
Division 1 Men,Round 2,Sun 03 May 2026,17:00,Prince of Wales Park,Blaze Div 1 Men,EGC,2,2,Craig Stevens,Lee Drury,EGC,,Adrian P.,6,,True,,,,,https://www.revolutionise.com.au/hockeyballarat/game/2522119,2026-05-21 23:09:05
Division 1 Men,Round 2,Sun 03 May 2026,17:00,Prince of Wales Park,Blaze Div 1 Men,EGC,2,2,Craig Stevens,Lee Drury,EGC,,Alex S.,8,,False,,,,,https://www.revolutionise.com.au/hockeyballarat/game/2522119,2026-05-21 23:09:05
Division 1 Men,Round 2,Sun 03 May 2026,17:00,Prince of Wales Park,Blaze Div 1 Men,EGC,2,2,Craig Stevens,Lee Drury,EGC,,Ben S.,5,,True,,,,,https://www.revolutionise.com.au/hockeyballarat/game/2522119,2026-05-21 23:09:05
Division 1 Men,Round 2,Sun 03 May 2026,17:00,Prince of Wales Park,Blaze Div 1 Men,EGC,2,2,Craig Stevens,Lee Drury,EGC,,David S.,43,,True,,,,,https://www.revolutionise.com.au/hockeyballarat/game/2522119,2026-05-21 23:09:05
Division 1 Men,Round 2,Sun 03 May 2026,17:00,Prince of Wales Park,Blaze Div 1 Men,EGC,2,2,Craig Stevens,Lee Drury,EGC,,Declan Z.,22,,True,,,,,https://www.revolutionise.com.au/hockeyballarat/game/2522119,2026-05-21 23:09:05
Division 1 Men,Round 2,Sun 03 May 2026,17:00,Prince of Wales Park,Blaze Div 1 Men,EGC,2,2,Craig Stevens,Lee Drury,EGC,,Ed R.,4,,True,,,,,https://www.revolutionise.com.au/hockeyballarat/game/2522119,2026-05-21 23:09:05
Division 1 Men,Round 2,Sun 03 May 2026,17:00,Prince of Wales Park,Blaze Div 1 Men,EGC,2,2,Craig Stevens,Lee Drury,EGC,,Evan D.,11,,False,,,,,https://www.revolutionise.com.au/hockeyballarat/game/2522119,2026-05-21 23:09:05
Division 1 Men,Round 2,Sun 03 May 2026,17:00,Prince of Wales Park,Blaze Div 1 Men,EGC,2,2,Craig Stevens,Lee Drury,EGC,,Jack B.,34,,False,,,,,https://www.revolutionise.com.au/hockeyballarat/game/2522119,2026-05-21 23:09:05
Division 1 Men,Round 2,Sun 03 May 2026,17:00,Prince of Wales Park,Blaze Div 1 Men,EGC,2,2,Craig Stevens,Lee Drury,EGC,,Joshua S.,7,,True,,,,,https://www.revolutionise.com.au/hockeyballarat/game/2522119,2026-05-21 23:09:05
Division 1 Men,Round 2,Sun 03 May 2026,17:00,Prince of Wales Park,Blaze Div 1 Men,EGC,2,2,Craig Stevens,Lee Drury,EGC,,Kade K.,1,Goalkeeper,True,,,,,https://www.revolutionise.com.au/hockeyballarat/game/2522119,2026-05-21 23:09:05
Division 1 Men,Round 2,Sun 03 May 2026,17:00,Prince of Wales Park,Blaze Div 1 Men,EGC,2,2,Craig Stevens,Lee Drury,EGC,,Lachlan T.,63,,True,,,,,https://www.revolutionise.com.au/hockeyballarat/game/2522119,2026-05-21 23:09:05
Division 1 Men,Round 2,Sun 03 May 2026,17:00,Prince of Wales Park,Blaze Div 1 Men,EGC,2,2,Craig Stevens,Lee Drury,EGC,,Liam H.,16,,True,,,,,https://www.revolutionise.com.au/hockeyballarat/game/2522119,2026-05-21 23:09:05
Division 1 Men,Round 2,Sun 03 May 2026,17:00,Prince of Wales Park,Blaze Div 1 Men,EGC,2,2,Craig Stevens,Lee Drury,EGC,,Luke E.,44,,True,,,,,https://www.revolutionise.com.au/hockeyballarat/game/2522119,2026-05-21 23:09:05
Division 1 Men,Round 2,Sun 03 May 2026,17:00,Prince of Wales Park,Blaze Div 1 Men,EGC,2,2,Craig Stevens,Lee Drury,EGC,,Luke T.,20,Captain,True,,,,,https://www.revolutionise.com.au/hockeyballarat/game/2522119,2026-05-21 23:09:05
Division 1 Men,Round 2,Sun 03 May 2026,17:00,Prince of Wales Park,Blaze Div 1 Men,EGC,2,2,Craig Stevens,Lee Drury,EGC,,Ned S.,14,,True,,,,,https://www.revolutionise.com.au/hockeyballarat/game/2522119,2026-05-21 23:09:05
Division 1 Men,Round 2,Sun 03 May 2026,17:00,Prince of Wales Park,Blaze Div 1 Men,EGC,2,2,Craig Stevens,Lee Drury,EGC,,Ted B.,91,,True,,1,,,https://www.revolutionise.com.au/hockeyballarat/game/2522119,2026-05-21 23:09:05
Division 1 Men,Round 2,Sun 03 May 2026,17:00,Prince of Wales Park,Blaze Div 1 Men,EGC,2,2,Craig Stevens,Lee Drury,EGC,,Toby H.,58,,True,2,,,,https://www.revolutionise.com.au/hockeyballarat/game/2522119,2026-05-21 23:09:05
Division 1 Men,Round 2,Sun 03 May 2026,17:00,Prince of Wales Park,Blaze Div 1 Men,EGC,2,2,Craig Stevens,Lee Drury,EGC,,Will R.,9,,True,,,,,https://www.revolutionise.com.au/hockeyballarat/game/2522119,2026-05-21 23:09:05
Womens,Round 2,Sun 03 May 2026,10:30,Prince of Wales Park,Blaze Black,Bobcats Women,3,0,Aliyah Kochi,Ethan Oldaker,Blaze Black,Blaze Women,Alicia C.,10,,True,,,,,https://www.revolutionise.com.au/hockeyballarat/game/2524140,2026-05-21 23:09:08
Womens,Round 2,Sun 03 May 2026,10:30,Prince of Wales Park,Blaze Black,Bobcats Women,3,0,Aliyah Kochi,Ethan Oldaker,Blaze Black,Blaze Women,Arlen E.,82,,True,,,,,https://www.revolutionise.com.au/hockeyballarat/game/2524140,2026-05-21 23:09:08
Womens,Round 2,Sun 03 May 2026,10:30,Prince of Wales Park,Blaze Black,Bobcats Women,3,0,Aliyah Kochi,Ethan Oldaker,Blaze Black,Blaze Women,Chloe N.,83,,True,,,,,https://www.revolutionise.com.au/hockeyballarat/game/2524140,2026-05-21 23:09:08
Womens,Round 2,Sun 03 May 2026,10:30,Prince of Wales Park,Blaze Black,Bobcats Women,3,0,Aliyah Kochi,Ethan Oldaker,Blaze Black,Blaze Women,Claire H.,11,,False,,,,,https://www.revolutionise.com.au/hockeyballarat/game/2524140,2026-05-21 23:09:08
Womens,Round 2,Sun 03 May 2026,10:30,Prince of Wales Park,Blaze Black,Bobcats Women,3,0,Aliyah Kochi,Ethan Oldaker,Blaze Black,Blaze Women,Cora T.,84,,False,,,,,https://www.revolutionise.com.au/hockeyballarat/game/2524140,2026-05-21 23:09:08
Womens,Round 2,Sun 03 May 2026,10:30,Prince of Wales Park,Blaze Black,Bobcats Women,3,0,Aliyah Kochi,Ethan Oldaker,Blaze Black,Blaze Women,Cristin R.,3,,False,,,,,https://www.revolutionise.com.au/hockeyballarat/game/2524140,2026-05-21 23:09:08
Womens,Round 2,Sun 03 May 2026,10:30,Prince of Wales Park,Blaze Black,Bobcats Women,3,0,Aliyah Kochi,Ethan Oldaker,Blaze Black,Blaze Women,Kizanne D.,,,True,1,,,,https://www.revolutionise.com.au/hockeyballarat/game/2524140,2026-05-21 23:09:08
Womens,Round 2,Sun 03 May 2026,10:30,Prince of Wales Park,Blaze Black,Bobcats Women,3,0,Aliyah Kochi,Ethan Oldaker,Blaze Black,Blaze Women,Kym N.,6,,True,1,,,,https://www.revolutionise.com.au/hockeyballarat/game/2524140,2026-05-21 23:09:08
Womens,Round 2,Sun 03 May 2026,10:30,Prince of Wales Park,Blaze Black,Bobcats Women,3,0,Aliyah Kochi,Ethan Oldaker,Blaze Black,Blaze Women,Leanne M.,8,,True,1,,,,https://www.revolutionise.com.au/hockeyballarat/game/2524140,2026-05-21 23:09:08
Womens,Round 2,Sun 03 May 2026,10:30,Prince of Wales Park,Blaze Black,Bobcats Women,3,0,Aliyah Kochi,Ethan Oldaker,Blaze Black,Blaze Women,Lola W.,5,,True,,1,,,https://www.revolutionise.com.au/hockeyballarat/game/2524140,2026-05-21 23:09:08
Womens,Round 2,Sun 03 May 2026,10:30,Prince of Wales Park,Blaze Black,Bobcats Women,3,0,Aliyah Kochi,Ethan Oldaker,Blaze Black,Blaze Women,Natasha O.,1,Goalkeeper,True,,,,,https://www.revolutionise.com.au/hockeyballarat/game/2524140,2026-05-21 23:09:08
Womens,Round 2,Sun 03 May 2026,10:30,Prince of Wales Park,Blaze Black,Bobcats Women,3,0,Aliyah Kochi,Ethan Oldaker,Blaze Black,Blaze Women,Samantha D.,2,,False,,,,,https://www.revolutionise.com.au/hockeyballarat/game/2524140,2026-05-21 23:09:08
Womens,Round 2,Sun 03 May 2026,10:30,Prince of Wales Park,Blaze Black,Bobcats Women,3,0,Aliyah Kochi,Ethan Oldaker,Blaze Black,Blaze Women,Tayla M.,4,,True,,,,,https://www.revolutionise.com.au/hockeyballarat/game/2524140,2026-05-21 23:09:08
Womens,Round 2,Sun 03 May 2026,10:30,Prince of Wales Park,Blaze Black,Bobcats Women,3,0,Aliyah Kochi,Ethan Oldaker,Blaze Black,Blaze Women,Zoe M.,12,,True,,,,,https://www.revolutionise.com.au/hockeyballarat/game/2524140,2026-05-21 23:09:08
Womens,Round 2,Sun 03 May 2026,10:30,Prince of Wales Park,Blaze Black,Bobcats Women,3,0,Aliyah Kochi,Ethan Oldaker,Blaze Black,Blaze Women,Aria Q.,,,True,,,,,https://www.revolutionise.com.au/hockeyballarat/game/2524140,2026-05-21 23:09:08
Womens,Round 2,Sun 03 May 2026,10:30,Prince of Wales Park,Blaze Black,Bobcats Women,3,0,Aliyah Kochi,Ethan Oldaker,Blaze Black,Blaze Women,Isabelle S.,,,True,,1,,,https://www.revolutionise.com.au/hockeyballarat/game/2524140,2026-05-21 23:09:08
Womens,Round 2,Sun 03 May 2026,10:30,Prince of Wales Park,Blaze Black,Bobcats Women,3,0,Aliyah Kochi,Ethan Oldaker,Bobcats Women,Bobcats,Amelia B.,3,,True,,,,,https://www.revolutionise.com.au/hockeyballarat/game/2524140,2026-05-21 23:09:08
Womens,Round 2,Sun 03 May 2026,10:30,Prince of Wales Park,Blaze Black,Bobcats Women,3,0,Aliyah Kochi,Ethan Oldaker,Bobcats Women,Bobcats,Cecily F.,27,,False,,,,,https://www.revolutionise.com.au/hockeyballarat/game/2524140,2026-05-21 23:09:08
Womens,Round 2,Sun 03 May 2026,10:30,Prince of Wales Park,Blaze Black,Bobcats Women,3,0,Aliyah Kochi,Ethan Oldaker,Bobcats Women,Bobcats,Claire B.,1,,True,,,,,https://www.revolutionise.com.au/hockeyballarat/game/2524140,2026-05-21 23:09:08
Womens,Round 2,Sun 03 May 2026,10:30,Prince of Wales Park,Blaze Black,Bobcats Women,3,0,Aliyah Kochi,Ethan Oldaker,Bobcats Women,Bobcats,Connie L.,11,,True,,,,,https://www.revolutionise.com.au/hockeyballarat/game/2524140,2026-05-21 23:09:08
Womens,Round 2,Sun 03 May 2026,10:30,Prince of Wales Park,Blaze Black,Bobcats Women,3,0,Aliyah Kochi,Ethan Oldaker,Bobcats Women,Bobcats,Elise W.,88,,True,,,,,https://www.revolutionise.com.au/hockeyballarat/game/2524140,2026-05-21 23:09:08
Womens,Round 2,Sun 03 May 2026,10:30,Prince of Wales Park,Blaze Black,Bobcats Women,3,0,Aliyah Kochi,Ethan Oldaker,Bobcats Women,Bobcats,Elizabeth W.,89,,True,,,,,https://www.revolutionise.com.au/hockeyballarat/game/2524140,2026-05-21 23:09:08
Womens,Round 2,Sun 03 May 2026,10:30,Prince of Wales Park,Blaze Black,Bobcats Women,3,0,Aliyah Kochi,Ethan Oldaker,Bobcats Women,Bobcats,Emily L.,12,,False,,,,,https://www.revolutionise.com.au/hockeyballarat/game/2524140,2026-05-21 23:09:08
Womens,Round 2,Sun 03 May 2026,10:30,Prince of Wales Park,Blaze Black,Bobcats Women,3,0,Aliyah Kochi,Ethan Oldaker,Bobcats Women,Bobcats,Felicity W.,96,,True,,,,,https://www.revolutionise.com.au/hockeyballarat/game/2524140,2026-05-21 23:09:08
Womens,Round 2,Sun 03 May 2026,10:30,Prince of Wales Park,Blaze Black,Bobcats Women,3,0,Aliyah Kochi,Ethan Oldaker,Bobcats Women,Bobcats,Hannah H.,6,,False,,,,,https://www.revolutionise.com.au/hockeyballarat/game/2524140,2026-05-21 23:09:08
Womens,Round 2,Sun 03 May 2026,10:30,Prince of Wales Park,Blaze Black,Bobcats Women,3,0,Aliyah Kochi,Ethan Oldaker,Bobcats Women,Bobcats,Joanna P.,,,True,,,,,https://www.revolutionise.com.au/hockeyballarat/game/2524140,2026-05-21 23:09:08
Womens,Round 2,Sun 03 May 2026,10:30,Prince of Wales Park,Blaze Black,Bobcats Women,3,0,Aliyah Kochi,Ethan Oldaker,Bobcats Women,Bobcats,Julie T.,16,,True,,,,,https://www.revolutionise.com.au/hockeyballarat/game/2524140,2026-05-21 23:09:08
Womens,Round 2,Sun 03 May 2026,10:30,Prince of Wales Park,Blaze Black,Bobcats Women,3,0,Aliyah Kochi,Ethan Oldaker,Bobcats Women,Bobcats,Kate B.,32,,False,,,,,https://www.revolutionise.com.au/hockeyballarat/game/2524140,2026-05-21 23:09:08
Womens,Round 2,Sun 03 May 2026,10:30,Prince of Wales Park,Blaze Black,Bobcats Women,3,0,Aliyah Kochi,Ethan Oldaker,Bobcats Women,Bobcats,Kirsty T.,19,,False,,,,,https://www.revolutionise.com.au/hockeyballarat/game/2524140,2026-05-21 23:09:08
Womens,Round 2,Sun 03 May 2026,10:30,Prince of Wales Park,Blaze Black,Bobcats Women,3,0,Aliyah Kochi,Ethan Oldaker,Bobcats Women,Bobcats,Molly D.,7,,True,,,,,https://www.revolutionise.com.au/hockeyballarat/game/2524140,2026-05-21 23:09:08
Womens,Round 2,Sun 03 May 2026,10:30,Prince of Wales Park,Blaze Black,Bobcats Women,3,0,Aliyah Kochi,Ethan Oldaker,Bobcats Women,Bobcats,Pippa L.,13,,False,,,,,https://www.revolutionise.com.au/hockeyballarat/game/2524140,2026-05-21 23:09:08
Womens,Round 2,Sun 03 May 2026,10:30,Prince of Wales Park,Blaze Black,Bobcats Women,3,0,Aliyah Kochi,Ethan Oldaker,Bobcats Women,Bobcats,Rachel B.,2,,True,,,,,https://www.revolutionise.com.au/hockeyballarat/game/2524140,2026-05-21 23:09:08
Womens,Round 2,Sun 03 May 2026,10:30,Prince of Wales Park,Blaze Black,Bobcats Women,3,0,Aliyah Kochi,Ethan Oldaker,Bobcats Women,Bobcats,Rajinder U.,,,True,,,,,https://www.revolutionise.com.au/hockeyballarat/game/2524140,2026-05-21 23:09:08
Womens,Round 2,Sun 03 May 2026,10:30,Prince of Wales Park,Blaze Black,Bobcats Women,3,0,Aliyah Kochi,Ethan Oldaker,Bobcats Women,Bobcats,Rebekah C.,5,,False,,,,,https://www.revolutionise.com.au/hockeyballarat/game/2524140,2026-05-21 23:09:08
Womens,Round 2,Sun 03 May 2026,10:30,Prince of Wales Park,Blaze Black,Bobcats Women,3,0,Aliyah Kochi,Ethan Oldaker,Bobcats Women,Bobcats,Sabrina G.,9,,True,,,,,https://www.revolutionise.com.au/hockeyballarat/game/2524140,2026-05-21 23:09:08
Womens,Round 2,Sun 03 May 2026,10:30,Prince of Wales Park,Blaze Black,Bobcats Women,3,0,Aliyah Kochi,Ethan Oldaker,Bobcats Women,Bobcats,Shara B.,199,,True,,,,,https://www.revolutionise.com.au/hockeyballarat/game/2524140,2026-05-21 23:09:08
Womens,Round 2,Sun 03 May 2026,10:30,Prince of Wales Park,Blaze Black,Bobcats Women,3,0,Aliyah Kochi,Ethan Oldaker,Bobcats Women,Bobcats,Siphesihle M.,14,Goalkeeper,True,,,,,https://www.revolutionise.com.au/hockeyballarat/game/2524140,2026-05-21 23:09:08
Womens,Round 2,Sun 03 May 2026,10:30,Prince of Wales Park,Blaze Black,Bobcats Women,3,0,Aliyah Kochi,Ethan Oldaker,Bobcats Women,Bobcats,Victoria C.,63,,True,,,,,https://www.revolutionise.com.au/hockeyballarat/game/2524140,2026-05-21 23:09:08
Womens,Round 2,Sun 03 May 2026,13:45,Prince of Wales Park,Blaze Orange,SOBHC Ducks Women,1,0,Craig Stevens,Mitchell Ryan,Blaze Orange,Blaze Women,Aliyah K.,2,,True,,,,,https://www.revolutionise.com.au/hockeyballarat/game/2524141,2026-05-21 23:09:09
Womens,Round 2,Sun 03 May 2026,13:45,Prince of Wales Park,Blaze Orange,SOBHC Ducks Women,1,0,Craig Stevens,Mitchell Ryan,Blaze Orange,Blaze Women,Cristin R.,14,,True,,,,,https://www.revolutionise.com.au/hockeyballarat/game/2524141,2026-05-21 23:09:09
Womens,Round 2,Sun 03 May 2026,13:45,Prince of Wales Park,Blaze Orange,SOBHC Ducks Women,1,0,Craig Stevens,Mitchell Ryan,Blaze Orange,Blaze Women,Danielle L.,12,,False,,,,,https://www.revolutionise.com.au/hockeyballarat/game/2524141,2026-05-21 23:09:09
Womens,Round 2,Sun 03 May 2026,13:45,Prince of Wales Park,Blaze Orange,SOBHC Ducks Women,1,0,Craig Stevens,Mitchell Ryan,Blaze Orange,Blaze Women,Dione E.,11,,True,1,,,,https://www.revolutionise.com.au/hockeyballarat/game/2524141,2026-05-21 23:09:09
Womens,Round 2,Sun 03 May 2026,13:45,Prince of Wales Park,Blaze Orange,SOBHC Ducks Women,1,0,Craig Stevens,Mitchell Ryan,Blaze Orange,Blaze Women,Elizabeth M.,3,,True,,,,,https://www.revolutionise.com.au/hockeyballarat/game/2524141,2026-05-21 23:09:09
Womens,Round 2,Sun 03 May 2026,13:45,Prince of Wales Park,Blaze Orange,SOBHC Ducks Women,1,0,Craig Stevens,Mitchell Ryan,Blaze Orange,Blaze Women,Isabelle S.,10,,True,,,,,https://www.revolutionise.com.au/hockeyballarat/game/2524141,2026-05-21 23:09:09
Womens,Round 2,Sun 03 May 2026,13:45,Prince of Wales Park,Blaze Orange,SOBHC Ducks Women,1,0,Craig Stevens,Mitchell Ryan,Blaze Orange,Blaze Women,Jennifer F.,1,,True,,,,,https://www.revolutionise.com.au/hockeyballarat/game/2524141,2026-05-21 23:09:09
Womens,Round 2,Sun 03 May 2026,13:45,Prince of Wales Park,Blaze Orange,SOBHC Ducks Women,1,0,Craig Stevens,Mitchell Ryan,Blaze Orange,Blaze Women,Katy R.,5,,True,,,,,https://www.revolutionise.com.au/hockeyballarat/game/2524141,2026-05-21 23:09:09
Womens,Round 2,Sun 03 May 2026,13:45,Prince of Wales Park,Blaze Orange,SOBHC Ducks Women,1,0,Craig Stevens,Mitchell Ryan,Blaze Orange,Blaze Women,Leona L.,7,,True,,,,,https://www.revolutionise.com.au/hockeyballarat/game/2524141,2026-05-21 23:09:09
Womens,Round 2,Sun 03 May 2026,13:45,Prince of Wales Park,Blaze Orange,SOBHC Ducks Women,1,0,Craig Stevens,Mitchell Ryan,Blaze Orange,Blaze Women,Mary B.,6,,True,,,,,https://www.revolutionise.com.au/hockeyballarat/game/2524141,2026-05-21 23:09:09
Womens,Round 2,Sun 03 May 2026,13:45,Prince of Wales Park,Blaze Orange,SOBHC Ducks Women,1,0,Craig Stevens,Mitchell Ryan,Blaze Orange,Blaze Women,Meg M.,4,,True,,,,,https://www.revolutionise.com.au/hockeyballarat/game/2524141,2026-05-21 23:09:09
Womens,Round 2,Sun 03 May 2026,13:45,Prince of Wales Park,Blaze Orange,SOBHC Ducks Women,1,0,Craig Stevens,Mitchell Ryan,Blaze Orange,Blaze Women,Natasha L.,9,,True,,,,,https://www.revolutionise.com.au/hockeyballarat/game/2524141,2026-05-21 23:09:09
Womens,Round 2,Sun 03 May 2026,13:45,Prince of Wales Park,Blaze Orange,SOBHC Ducks Women,1,0,Craig Stevens,Mitchell Ryan,Blaze Orange,Blaze Women,Natasha O.,,,True,,,,,https://www.revolutionise.com.au/hockeyballarat/game/2524141,2026-05-21 23:09:09
Womens,Round 2,Sun 03 May 2026,13:45,Prince of Wales Park,Blaze Orange,SOBHC Ducks Women,1,0,Craig Stevens,Mitchell Ryan,Blaze Orange,Blaze Women,Samara D.,8,,False,,,,,https://www.revolutionise.com.au/hockeyballarat/game/2524141,2026-05-21 23:09:09
Womens,Round 2,Sun 03 May 2026,13:45,Prince of Wales Park,Blaze Orange,SOBHC Ducks Women,1,0,Craig Stevens,Mitchell Ryan,SOBHC Ducks Women,,Breanna J.,10,,True,,,,,https://www.revolutionise.com.au/hockeyballarat/game/2524141,2026-05-21 23:09:09
Womens,Round 2,Sun 03 May 2026,13:45,Prince of Wales Park,Blaze Orange,SOBHC Ducks Women,1,0,Craig Stevens,Mitchell Ryan,SOBHC Ducks Women,,Bridget d.,4,,True,,,,,https://www.revolutionise.com.au/hockeyballarat/game/2524141,2026-05-21 23:09:09
Womens,Round 2,Sun 03 May 2026,13:45,Prince of Wales Park,Blaze Orange,SOBHC Ducks Women,1,0,Craig Stevens,Mitchell Ryan,SOBHC Ducks Women,,Claire B.,2,,True,,,,,https://www.revolutionise.com.au/hockeyballarat/game/2524141,2026-05-21 23:09:09
Womens,Round 2,Sun 03 May 2026,13:45,Prince of Wales Park,Blaze Orange,SOBHC Ducks Women,1,0,Craig Stevens,Mitchell Ryan,SOBHC Ducks Women,,Demi S.,7,,False,,,,,https://www.revolutionise.com.au/hockeyballarat/game/2524141,2026-05-21 23:09:09
Womens,Round 2,Sun 03 May 2026,13:45,Prince of Wales Park,Blaze Orange,SOBHC Ducks Women,1,0,Craig Stevens,Mitchell Ryan,SOBHC Ducks Women,,Kate C.,3,,False,,,,,https://www.revolutionise.com.au/hockeyballarat/game/2524141,2026-05-21 23:09:09
Womens,Round 2,Sun 03 May 2026,13:45,Prince of Wales Park,Blaze Orange,SOBHC Ducks Women,1,0,Craig Stevens,Mitchell Ryan,SOBHC Ducks Women,,Kate M.,,,True,,,,,https://www.revolutionise.com.au/hockeyballarat/game/2524141,2026-05-21 23:09:09
Womens,Round 2,Sun 03 May 2026,13:45,Prince of Wales Park,Blaze Orange,SOBHC Ducks Women,1,0,Craig Stevens,Mitchell Ryan,SOBHC Ducks Women,,Kira B.,8,,True,,,,,https://www.revolutionise.com.au/hockeyballarat/game/2524141,2026-05-21 23:09:09
Womens,Round 2,Sun 03 May 2026,13:45,Prince of Wales Park,Blaze Orange,SOBHC Ducks Women,1,0,Craig Stevens,Mitchell Ryan,SOBHC Ducks Women,,Lyndal B.,9,,True,,,,,https://www.revolutionise.com.au/hockeyballarat/game/2524141,2026-05-21 23:09:09
Womens,Round 2,Sun 03 May 2026,13:45,Prince of Wales Park,Blaze Orange,SOBHC Ducks Women,1,0,Craig Stevens,Mitchell Ryan,SOBHC Ducks Women,,Rebecca L.,5,,True,,,,,https://www.revolutionise.com.au/hockeyballarat/game/2524141,2026-05-21 23:09:09
Womens,Round 2,Sun 03 May 2026,13:45,Prince of Wales Park,Blaze Orange,SOBHC Ducks Women,1,0,Craig Stevens,Mitchell Ryan,SOBHC Ducks Women,,Sarah A.,1,,True,,,,,https://www.revolutionise.com.au/hockeyballarat/game/2524141,2026-05-21 23:09:09
Womens,Round 2,Sun 03 May 2026,13:45,Prince of Wales Park,Blaze Orange,SOBHC Ducks Women,1,0,Craig Stevens,Mitchell Ryan,SOBHC Ducks Women,,Sarah M.,,,True,,,,,https://www.revolutionise.com.au/hockeyballarat/game/2524141,2026-05-21 23:09:09
Womens,Round 2,Sun 03 May 2026,13:45,Prince of Wales Park,Blaze Orange,SOBHC Ducks Women,1,0,Craig Stevens,Mitchell Ryan,SOBHC Ducks Women,,Joanna P.,,,True,,,,,https://www.revolutionise.com.au/hockeyballarat/game/2524141,2026-05-21 23:09:09
Womens,Round 2,Sun 03 May 2026,13:45,"John Vernon Field, Ballarat Grammar",EGC Gold,EGC Blue,1,12,Tucker Kooloos,,EGC Gold,EGC,Abbey P.,79,,False,,,,,https://www.revolutionise.com.au/hockeyballarat/game/2524142,2026-05-21 23:09:10
Womens,Round 2,Sun 03 May 2026,13:45,"John Vernon Field, Ballarat Grammar",EGC Gold,EGC Blue,1,12,Tucker Kooloos,,EGC Gold,EGC,Ashleigh B.,6,,True,,,,,https://www.revolutionise.com.au/hockeyballarat/game/2524142,2026-05-21 23:09:10
Womens,Round 2,Sun 03 May 2026,13:45,"John Vernon Field, Ballarat Grammar",EGC Gold,EGC Blue,1,12,Tucker Kooloos,,EGC Gold,EGC,Clarabel W.,33,,True,,,,,https://www.revolutionise.com.au/hockeyballarat/game/2524142,2026-05-21 23:09:10
Womens,Round 2,Sun 03 May 2026,13:45,"John Vernon Field, Ballarat Grammar",EGC Gold,EGC Blue,1,12,Tucker Kooloos,,EGC Gold,EGC,Ella M.,16,Captain,True,,,,,https://www.revolutionise.com.au/hockeyballarat/game/2524142,2026-05-21 23:09:10
Womens,Round 2,Sun 03 May 2026,13:45,"John Vernon Field, Ballarat Grammar",EGC Gold,EGC Blue,1,12,Tucker Kooloos,,EGC Gold,EGC,Emily M.,11,,True,,,,,https://www.revolutionise.com.au/hockeyballarat/game/2524142,2026-05-21 23:09:10
Womens,Round 2,Sun 03 May 2026,13:45,"John Vernon Field, Ballarat Grammar",EGC Gold,EGC Blue,1,12,Tucker Kooloos,,EGC Gold,EGC,Emma M.,2,,False,,,,,https://www.revolutionise.com.au/hockeyballarat/game/2524142,2026-05-21 23:09:10
Womens,Round 2,Sun 03 May 2026,13:45,"John Vernon Field, Ballarat Grammar",EGC Gold,EGC Blue,1,12,Tucker Kooloos,,EGC Gold,EGC,Helen R.,1,Goalkeeper,True,,,,,https://www.revolutionise.com.au/hockeyballarat/game/2524142,2026-05-21 23:09:10
Womens,Round 2,Sun 03 May 2026,13:45,"John Vernon Field, Ballarat Grammar",EGC Gold,EGC Blue,1,12,Tucker Kooloos,,EGC Gold,EGC,Lana W.,59,,True,,,,,https://www.revolutionise.com.au/hockeyballarat/game/2524142,2026-05-21 23:09:10
Womens,Round 2,Sun 03 May 2026,13:45,"John Vernon Field, Ballarat Grammar",EGC Gold,EGC Blue,1,12,Tucker Kooloos,,EGC Gold,EGC,Meletta D.,10,,True,,,,,https://www.revolutionise.com.au/hockeyballarat/game/2524142,2026-05-21 23:09:10
Womens,Round 2,Sun 03 May 2026,13:45,"John Vernon Field, Ballarat Grammar",EGC Gold,EGC Blue,1,12,Tucker Kooloos,,EGC Gold,EGC,Paige K.,76,,False,,,,,https://www.revolutionise.com.au/hockeyballarat/game/2524142,2026-05-21 23:09:10
Womens,Round 2,Sun 03 May 2026,13:45,"John Vernon Field, Ballarat Grammar",EGC Gold,EGC Blue,1,12,Tucker Kooloos,,EGC Gold,EGC,Poppy L.,55,,False,,,,,https://www.revolutionise.com.au/hockeyballarat/game/2524142,2026-05-21 23:09:10
Womens,Round 2,Sun 03 May 2026,13:45,"John Vernon Field, Ballarat Grammar",EGC Gold,EGC Blue,1,12,Tucker Kooloos,,EGC Gold,EGC,Sophia P.,72,,True,,,,,https://www.revolutionise.com.au/hockeyballarat/game/2524142,2026-05-21 23:09:10
Womens,Round 2,Sun 03 May 2026,13:45,"John Vernon Field, Ballarat Grammar",EGC Gold,EGC Blue,1,12,Tucker Kooloos,,EGC Gold,EGC,Sophie R.,63,,True,1,,,,https://www.revolutionise.com.au/hockeyballarat/game/2524142,2026-05-21 23:09:10
Womens,Round 2,Sun 03 May 2026,13:45,"John Vernon Field, Ballarat Grammar",EGC Gold,EGC Blue,1,12,Tucker Kooloos,,EGC Gold,EGC,Susan W.,24,,False,,,,,https://www.revolutionise.com.au/hockeyballarat/game/2524142,2026-05-21 23:09:10
Womens,Round 2,Sun 03 May 2026,13:45,"John Vernon Field, Ballarat Grammar",EGC Gold,EGC Blue,1,12,Tucker Kooloos,,EGC Gold,EGC,Vera S.,44,,False,,,,,https://www.revolutionise.com.au/hockeyballarat/game/2524142,2026-05-21 23:09:10
Womens,Round 2,Sun 03 May 2026,13:45,"John Vernon Field, Ballarat Grammar",EGC Gold,EGC Blue,1,12,Tucker Kooloos,,EGC Blue,EGC,Charli B.,,Goalkeeper,True,,,,,https://www.revolutionise.com.au/hockeyballarat/game/2524142,2026-05-21 23:09:10
Womens,Round 2,Sun 03 May 2026,13:45,"John Vernon Field, Ballarat Grammar",EGC Gold,EGC Blue,1,12,Tucker Kooloos,,EGC Blue,EGC,Clare D.,52,,True,1,,,,https://www.revolutionise.com.au/hockeyballarat/game/2524142,2026-05-21 23:09:10
Womens,Round 2,Sun 03 May 2026,13:45,"John Vernon Field, Ballarat Grammar",EGC Gold,EGC Blue,1,12,Tucker Kooloos,,EGC Blue,EGC,Ebonie S.,50,,True,4,,,,https://www.revolutionise.com.au/hockeyballarat/game/2524142,2026-05-21 23:09:10
Womens,Round 2,Sun 03 May 2026,13:45,"John Vernon Field, Ballarat Grammar",EGC Gold,EGC Blue,1,12,Tucker Kooloos,,EGC Blue,EGC,Jasmine M.,26,,True,,,,,https://www.revolutionise.com.au/hockeyballarat/game/2524142,2026-05-21 23:09:10
Womens,Round 2,Sun 03 May 2026,13:45,"John Vernon Field, Ballarat Grammar",EGC Gold,EGC Blue,1,12,Tucker Kooloos,,EGC Blue,EGC,Judith Y.,3,,False,,,,,https://www.revolutionise.com.au/hockeyballarat/game/2524142,2026-05-21 23:09:10
Womens,Round 2,Sun 03 May 2026,13:45,"John Vernon Field, Ballarat Grammar",EGC Gold,EGC Blue,1,12,Tucker Kooloos,,EGC Blue,EGC,Kahlua S.,30,,True,4,1,,,https://www.revolutionise.com.au/hockeyballarat/game/2524142,2026-05-21 23:09:10
Womens,Round 2,Sun 03 May 2026,13:45,"John Vernon Field, Ballarat Grammar",EGC Gold,EGC Blue,1,12,Tucker Kooloos,,EGC Blue,EGC,Kay D.,49,,True,,,,,https://www.revolutionise.com.au/hockeyballarat/game/2524142,2026-05-21 23:09:10
Womens,Round 2,Sun 03 May 2026,13:45,"John Vernon Field, Ballarat Grammar",EGC Gold,EGC Blue,1,12,Tucker Kooloos,,EGC Blue,EGC,Lauren M.,21,,True,1,,,,https://www.revolutionise.com.au/hockeyballarat/game/2524142,2026-05-21 23:09:10
Womens,Round 2,Sun 03 May 2026,13:45,"John Vernon Field, Ballarat Grammar",EGC Gold,EGC Blue,1,12,Tucker Kooloos,,EGC Blue,EGC,Mia B.,35,,True,,,,,https://www.revolutionise.com.au/hockeyballarat/game/2524142,2026-05-21 23:09:10
Womens,Round 2,Sun 03 May 2026,13:45,"John Vernon Field, Ballarat Grammar",EGC Gold,EGC Blue,1,12,Tucker Kooloos,,EGC Blue,EGC,Quinn B.,46,,True,2,,,,https://www.revolutionise.com.au/hockeyballarat/game/2524142,2026-05-21 23:09:10
Womens,Round 2,Sun 03 May 2026,13:45,"John Vernon Field, Ballarat Grammar",EGC Gold,EGC Blue,1,12,Tucker Kooloos,,EGC Blue,EGC,Susan M.,92,,True,,,,,https://www.revolutionise.com.au/hockeyballarat/game/2524142,2026-05-21 23:09:10
Division 2 Men,Round 2,Sun 03 May 2026,12:15,Prince of Wales Park,EGC Gold,EGC Blue,2,1,Ben Sturmfels,Mitchell Ryan,EGC Gold,EGC,Alex S.,8,,True,,,,,https://www.revolutionise.com.au/hockeyballarat/game/2524179,2026-05-21 23:09:13
Division 2 Men,Round 2,Sun 03 May 2026,12:15,Prince of Wales Park,EGC Gold,EGC Blue,2,1,Ben Sturmfels,Mitchell Ryan,EGC Gold,EGC,Cooper W.,10,,True,,,,,https://www.revolutionise.com.au/hockeyballarat/game/2524179,2026-05-21 23:09:13
Division 2 Men,Round 2,Sun 03 May 2026,12:15,Prince of Wales Park,EGC Gold,EGC Blue,2,1,Ben Sturmfels,Mitchell Ryan,EGC Gold,EGC,Jasmine M.,26,,False,,,,,https://www.revolutionise.com.au/hockeyballarat/game/2524179,2026-05-21 23:09:13
Division 2 Men,Round 2,Sun 03 May 2026,12:15,Prince of Wales Park,EGC Gold,EGC Blue,2,1,Ben Sturmfels,Mitchell Ryan,EGC Gold,EGC,Jo V.,1,Goalkeeper,True,,,,,https://www.revolutionise.com.au/hockeyballarat/game/2524179,2026-05-21 23:09:13
Division 2 Men,Round 2,Sun 03 May 2026,12:15,Prince of Wales Park,EGC Gold,EGC Blue,2,1,Ben Sturmfels,Mitchell Ryan,EGC Gold,EGC,Luke E.,44,,True,,,,,https://www.revolutionise.com.au/hockeyballarat/game/2524179,2026-05-21 23:09:13
Division 2 Men,Round 2,Sun 03 May 2026,12:15,Prince of Wales Park,EGC Gold,EGC Blue,2,1,Ben Sturmfels,Mitchell Ryan,EGC Gold,EGC,Matthew R.,41,,True,,,,,https://www.revolutionise.com.au/hockeyballarat/game/2524179,2026-05-21 23:09:13
Division 2 Men,Round 2,Sun 03 May 2026,12:15,Prince of Wales Park,EGC Gold,EGC Blue,2,1,Ben Sturmfels,Mitchell Ryan,EGC Gold,EGC,Patrick B.,67,,True,,,,,https://www.revolutionise.com.au/hockeyballarat/game/2524179,2026-05-21 23:09:13
Division 2 Men,Round 2,Sun 03 May 2026,12:15,Prince of Wales Park,EGC Gold,EGC Blue,2,1,Ben Sturmfels,Mitchell Ryan,EGC Gold,EGC,Peter R.,25,,True,,,,,https://www.revolutionise.com.au/hockeyballarat/game/2524179,2026-05-21 23:09:13
Division 2 Men,Round 2,Sun 03 May 2026,12:15,Prince of Wales Park,EGC Gold,EGC Blue,2,1,Ben Sturmfels,Mitchell Ryan,EGC Gold,EGC,Riley K.,82,,True,1,,,,https://www.revolutionise.com.au/hockeyballarat/game/2524179,2026-05-21 23:09:13
Division 2 Men,Round 2,Sun 03 May 2026,12:15,Prince of Wales Park,EGC Gold,EGC Blue,2,1,Ben Sturmfels,Mitchell Ryan,EGC Gold,EGC,Scott M.,40,,True,,,,,https://www.revolutionise.com.au/hockeyballarat/game/2524179,2026-05-21 23:09:13
Division 2 Men,Round 2,Sun 03 May 2026,12:15,Prince of Wales Park,EGC Gold,EGC Blue,2,1,Ben Sturmfels,Mitchell Ryan,EGC Gold,EGC,Thomas P.,37,,True,,,,,https://www.revolutionise.com.au/hockeyballarat/game/2524179,2026-05-21 23:09:13
Division 2 Men,Round 2,Sun 03 May 2026,12:15,Prince of Wales Park,EGC Gold,EGC Blue,2,1,Ben Sturmfels,Mitchell Ryan,EGC Gold,EGC,Tom M.,,,True,1,,,,https://www.revolutionise.com.au/hockeyballarat/game/2524179,2026-05-21 23:09:13
Division 2 Men,Round 2,Sun 03 May 2026,12:15,Prince of Wales Park,EGC Gold,EGC Blue,2,1,Ben Sturmfels,Mitchell Ryan,EGC Blue,EGC,Aarav K.,73,,False,,,,,https://www.revolutionise.com.au/hockeyballarat/game/2524179,2026-05-21 23:09:13
Division 2 Men,Round 2,Sun 03 May 2026,12:15,Prince of Wales Park,EGC Gold,EGC Blue,2,1,Ben Sturmfels,Mitchell Ryan,EGC Blue,EGC,Aaron L.,29,,True,,,,,https://www.revolutionise.com.au/hockeyballarat/game/2524179,2026-05-21 23:09:13
Division 2 Men,Round 2,Sun 03 May 2026,12:15,Prince of Wales Park,EGC Gold,EGC Blue,2,1,Ben Sturmfels,Mitchell Ryan,EGC Blue,EGC,Ben S.,45,,True,,,,,https://www.revolutionise.com.au/hockeyballarat/game/2524179,2026-05-21 23:09:13
Division 2 Men,Round 2,Sun 03 May 2026,12:15,Prince of Wales Park,EGC Gold,EGC Blue,2,1,Ben Sturmfels,Mitchell Ryan,EGC Blue,EGC,Daniel S.,64,,True,1,,,,https://www.revolutionise.com.au/hockeyballarat/game/2524179,2026-05-21 23:09:13
Division 2 Men,Round 2,Sun 03 May 2026,12:15,Prince of Wales Park,EGC Gold,EGC Blue,2,1,Ben Sturmfels,Mitchell Ryan,EGC Blue,EGC,Fionn Z.,7,,False,,,,,https://www.revolutionise.com.au/hockeyballarat/game/2524179,2026-05-21 23:09:13
Division 2 Men,Round 2,Sun 03 May 2026,12:15,Prince of Wales Park,EGC Gold,EGC Blue,2,1,Ben Sturmfels,Mitchell Ryan,EGC Blue,EGC,Jacob L.,1,Goalkeeper,True,,,,,https://www.revolutionise.com.au/hockeyballarat/game/2524179,2026-05-21 23:09:13
Division 2 Men,Round 2,Sun 03 May 2026,12:15,Prince of Wales Park,EGC Gold,EGC Blue,2,1,Ben Sturmfels,Mitchell Ryan,EGC Blue,EGC,Leo T.,81,,True,,,,,https://www.revolutionise.com.au/hockeyballarat/game/2524179,2026-05-21 23:09:13
Division 2 Men,Round 2,Sun 03 May 2026,12:15,Prince of Wales Park,EGC Gold,EGC Blue,2,1,Ben Sturmfels,Mitchell Ryan,EGC Blue,EGC,Manav K.,93,,True,,,,,https://www.revolutionise.com.au/hockeyballarat/game/2524179,2026-05-21 23:09:13
Division 2 Men,Round 2,Sun 03 May 2026,12:15,Prince of Wales Park,EGC Gold,EGC Blue,2,1,Ben Sturmfels,Mitchell Ryan,EGC Blue,EGC,Mitch D.,50,,True,,,,,https://www.revolutionise.com.au/hockeyballarat/game/2524179,2026-05-21 23:09:13
Division 2 Men,Round 2,Sun 03 May 2026,12:15,Prince of Wales Park,EGC Gold,EGC Blue,2,1,Ben Sturmfels,Mitchell Ryan,EGC Blue,EGC,Ned S.,14,,True,,,,,https://www.revolutionise.com.au/hockeyballarat/game/2524179,2026-05-21 23:09:13
Division 2 Men,Round 2,Sun 03 May 2026,12:15,Prince of Wales Park,EGC Gold,EGC Blue,2,1,Ben Sturmfels,Mitchell Ryan,EGC Blue,EGC,Riley K.,15,,True,,,,,https://www.revolutionise.com.au/hockeyballarat/game/2524179,2026-05-21 23:09:13
Division 2 Men,Round 2,Sun 03 May 2026,12:15,Prince of Wales Park,EGC Gold,EGC Blue,2,1,Ben Sturmfels,Mitchell Ryan,EGC Blue,EGC,Russell S.,61,,True,,,,,https://www.revolutionise.com.au/hockeyballarat/game/2524179,2026-05-21 23:09:13
Division 2 Men,Round 2,Sun 03 May 2026,12:15,Prince of Wales Park,EGC Gold,EGC Blue,2,1,Ben Sturmfels,Mitchell Ryan,EGC Blue,EGC,Stephen M.,22,,True,,,,,https://www.revolutionise.com.au/hockeyballarat/game/2524179,2026-05-21 23:09:13
Division 2 Men,Round 2,Sun 03 May 2026,12:15,Prince of Wales Park,EGC Gold,EGC Blue,2,1,Ben Sturmfels,Mitchell Ryan,EGC Blue,EGC,Andrew K.,,,True,,1,,,https://www.revolutionise.com.au/hockeyballarat/game/2524179,2026-05-21 23:09:13
Division 2 Men,Round 2,Sun 03 May 2026,12:15,"John Vernon Field, Ballarat Grammar",Lucas HC Div 2 Men,Grampians Hockey Club,5,3,,,Lucas HC Div 2 Men,,Andy M.,102,,False,,,,,https://www.revolutionise.com.au/hockeyballarat/game/2524180,2026-05-21 23:09:14
Division 2 Men,Round 2,Sun 03 May 2026,12:15,"John Vernon Field, Ballarat Grammar",Lucas HC Div 2 Men,Grampians Hockey Club,5,3,,,Lucas HC Div 2 Men,,Caleb H.,12,,True,2,1,,,https://www.revolutionise.com.au/hockeyballarat/game/2524180,2026-05-21 23:09:14
Division 2 Men,Round 2,Sun 03 May 2026,12:15,"John Vernon Field, Ballarat Grammar",Lucas HC Div 2 Men,Grampians Hockey Club,5,3,,,Lucas HC Div 2 Men,,Damon S.,35,,True,,,,,https://www.revolutionise.com.au/hockeyballarat/game/2524180,2026-05-21 23:09:14
Division 2 Men,Round 2,Sun 03 May 2026,12:15,"John Vernon Field, Ballarat Grammar",Lucas HC Div 2 Men,Grampians Hockey Club,5,3,,,Lucas HC Div 2 Men,,Gabe P.,19,,False,,,,,https://www.revolutionise.com.au/hockeyballarat/game/2524180,2026-05-21 23:09:14
Division 2 Men,Round 2,Sun 03 May 2026,12:15,"John Vernon Field, Ballarat Grammar",Lucas HC Div 2 Men,Grampians Hockey Club,5,3,,,Lucas HC Div 2 Men,,Glyn K.,13,,False,,,,,https://www.revolutionise.com.au/hockeyballarat/game/2524180,2026-05-21 23:09:14
Division 2 Men,Round 2,Sun 03 May 2026,12:15,"John Vernon Field, Ballarat Grammar",Lucas HC Div 2 Men,Grampians Hockey Club,5,3,,,Lucas HC Div 2 Men,,Harley S.,25,,True,,,,,https://www.revolutionise.com.au/hockeyballarat/game/2524180,2026-05-21 23:09:14
Division 2 Men,Round 2,Sun 03 May 2026,12:15,"John Vernon Field, Ballarat Grammar",Lucas HC Div 2 Men,Grampians Hockey Club,5,3,,,Lucas HC Div 2 Men,,Hayden S.,26,,True,,,,,https://www.revolutionise.com.au/hockeyballarat/game/2524180,2026-05-21 23:09:14
Division 2 Men,Round 2,Sun 03 May 2026,12:15,"John Vernon Field, Ballarat Grammar",Lucas HC Div 2 Men,Grampians Hockey Club,5,3,,,Lucas HC Div 2 Men,,Henry B.,17,,False,,,,,https://www.revolutionise.com.au/hockeyballarat/game/2524180,2026-05-21 23:09:14
Division 2 Men,Round 2,Sun 03 May 2026,12:15,"John Vernon Field, Ballarat Grammar",Lucas HC Div 2 Men,Grampians Hockey Club,5,3,,,Lucas HC Div 2 Men,,Isabelle H.,100,,False,,,,,https://www.revolutionise.com.au/hockeyballarat/game/2524180,2026-05-21 23:09:14
Division 2 Men,Round 2,Sun 03 May 2026,12:15,"John Vernon Field, Ballarat Grammar",Lucas HC Div 2 Men,Grampians Hockey Club,5,3,,,Lucas HC Div 2 Men,,Jake R.,23,,False,,,,,https://www.revolutionise.com.au/hockeyballarat/game/2524180,2026-05-21 23:09:14
Division 2 Men,Round 2,Sun 03 May 2026,12:15,"John Vernon Field, Ballarat Grammar",Lucas HC Div 2 Men,Grampians Hockey Club,5,3,,,Lucas HC Div 2 Men,,Jason H.,16,,False,,,,,https://www.revolutionise.com.au/hockeyballarat/game/2524180,2026-05-21 23:09:14
Division 2 Men,Round 2,Sun 03 May 2026,12:15,"John Vernon Field, Ballarat Grammar",Lucas HC Div 2 Men,Grampians Hockey Club,5,3,,,Lucas HC Div 2 Men,,Joanne S.,70,,True,2,,,,https://www.revolutionise.com.au/hockeyballarat/game/2524180,2026-05-21 23:09:14
Division 2 Men,Round 2,Sun 03 May 2026,12:15,"John Vernon Field, Ballarat Grammar",Lucas HC Div 2 Men,Grampians Hockey Club,5,3,,,Lucas HC Div 2 Men,,Jordan S.,27,,False,,,,,https://www.revolutionise.com.au/hockeyballarat/game/2524180,2026-05-21 23:09:14
Division 2 Men,Round 2,Sun 03 May 2026,12:15,"John Vernon Field, Ballarat Grammar",Lucas HC Div 2 Men,Grampians Hockey Club,5,3,,,Lucas HC Div 2 Men,,Lachlan H.,36,,False,,,,,https://www.revolutionise.com.au/hockeyballarat/game/2524180,2026-05-21 23:09:14
Division 2 Men,Round 2,Sun 03 May 2026,12:15,"John Vernon Field, Ballarat Grammar",Lucas HC Div 2 Men,Grampians Hockey Club,5,3,,,Lucas HC Div 2 Men,,Lachlan N.,38,,True,,,1,,https://www.revolutionise.com.au/hockeyballarat/game/2524180,2026-05-21 23:09:14
Division 2 Men,Round 2,Sun 03 May 2026,12:15,"John Vernon Field, Ballarat Grammar",Lucas HC Div 2 Men,Grampians Hockey Club,5,3,,,Lucas HC Div 2 Men,,Lucas J.,103,,False,,,,,https://www.revolutionise.com.au/hockeyballarat/game/2524180,2026-05-21 23:09:14
Division 2 Men,Round 2,Sun 03 May 2026,12:15,"John Vernon Field, Ballarat Grammar",Lucas HC Div 2 Men,Grampians Hockey Club,5,3,,,Lucas HC Div 2 Men,,Luke P.,21,,False,,,,,https://www.revolutionise.com.au/hockeyballarat/game/2524180,2026-05-21 23:09:14
Division 2 Men,Round 2,Sun 03 May 2026,12:15,"John Vernon Field, Ballarat Grammar",Lucas HC Div 2 Men,Grampians Hockey Club,5,3,,,Lucas HC Div 2 Men,,Mack H.,8,,True,1,,,,https://www.revolutionise.com.au/hockeyballarat/game/2524180,2026-05-21 23:09:14
Division 2 Men,Round 2,Sun 03 May 2026,12:15,"John Vernon Field, Ballarat Grammar",Lucas HC Div 2 Men,Grampians Hockey Club,5,3,,,Lucas HC Div 2 Men,,Matthew K.,6,,False,,,,,https://www.revolutionise.com.au/hockeyballarat/game/2524180,2026-05-21 23:09:14
Division 2 Men,Round 2,Sun 03 May 2026,12:15,"John Vernon Field, Ballarat Grammar",Lucas HC Div 2 Men,Grampians Hockey Club,5,3,,,Lucas HC Div 2 Men,,Michael C.,3,,False,,,,,https://www.revolutionise.com.au/hockeyballarat/game/2524180,2026-05-21 23:09:14
Division 2 Men,Round 2,Sun 03 May 2026,12:15,"John Vernon Field, Ballarat Grammar",Lucas HC Div 2 Men,Grampians Hockey Club,5,3,,,Lucas HC Div 2 Men,,Michael V.,104,,False,,,,,https://www.revolutionise.com.au/hockeyballarat/game/2524180,2026-05-21 23:09:14
Division 2 Men,Round 2,Sun 03 May 2026,12:15,"John Vernon Field, Ballarat Grammar",Lucas HC Div 2 Men,Grampians Hockey Club,5,3,,,Lucas HC Div 2 Men,,Morgan E.,4,,False,,,,,https://www.revolutionise.com.au/hockeyballarat/game/2524180,2026-05-21 23:09:14
Division 2 Men,Round 2,Sun 03 May 2026,12:15,"John Vernon Field, Ballarat Grammar",Lucas HC Div 2 Men,Grampians Hockey Club,5,3,,,Lucas HC Div 2 Men,,Nathan H.,9,,True,,,,,https://www.revolutionise.com.au/hockeyballarat/game/2524180,2026-05-21 23:09:14
Division 2 Men,Round 2,Sun 03 May 2026,12:15,"John Vernon Field, Ballarat Grammar",Lucas HC Div 2 Men,Grampians Hockey Club,5,3,,,Lucas HC Div 2 Men,,Nicholas H.,10,,True,,,,,https://www.revolutionise.com.au/hockeyballarat/game/2524180,2026-05-21 23:09:14
Division 2 Men,Round 2,Sun 03 May 2026,12:15,"John Vernon Field, Ballarat Grammar",Lucas HC Div 2 Men,Grampians Hockey Club,5,3,,,Lucas HC Div 2 Men,,Nicholas J.,15,,False,,,,,https://www.revolutionise.com.au/hockeyballarat/game/2524180,2026-05-21 23:09:14
Division 2 Men,Round 2,Sun 03 May 2026,12:15,"John Vernon Field, Ballarat Grammar",Lucas HC Div 2 Men,Grampians Hockey Club,5,3,,,Lucas HC Div 2 Men,,Noah B.,2,,False,,,,,https://www.revolutionise.com.au/hockeyballarat/game/2524180,2026-05-21 23:09:14
Division 2 Men,Round 2,Sun 03 May 2026,12:15,"John Vernon Field, Ballarat Grammar",Lucas HC Div 2 Men,Grampians Hockey Club,5,3,,,Lucas HC Div 2 Men,,Olivia H.,11,,False,,,,,https://www.revolutionise.com.au/hockeyballarat/game/2524180,2026-05-21 23:09:14
Division 2 Men,Round 2,Sun 03 May 2026,12:15,"John Vernon Field, Ballarat Grammar",Lucas HC Div 2 Men,Grampians Hockey Club,5,3,,,Lucas HC Div 2 Men,,Reuben P.,22,,True,,,,,https://www.revolutionise.com.au/hockeyballarat/game/2524180,2026-05-21 23:09:14
Division 2 Men,Round 2,Sun 03 May 2026,12:15,"John Vernon Field, Ballarat Grammar",Lucas HC Div 2 Men,Grampians Hockey Club,5,3,,,Lucas HC Div 2 Men,,Ryan G.,28,,False,,,,,https://www.revolutionise.com.au/hockeyballarat/game/2524180,2026-05-21 23:09:14
Division 2 Men,Round 2,Sun 03 May 2026,12:15,"John Vernon Field, Ballarat Grammar",Lucas HC Div 2 Men,Grampians Hockey Club,5,3,,,Lucas HC Div 2 Men,,Scott H.,14,,False,,,,,https://www.revolutionise.com.au/hockeyballarat/game/2524180,2026-05-21 23:09:14
Division 2 Men,Round 2,Sun 03 May 2026,12:15,"John Vernon Field, Ballarat Grammar",Lucas HC Div 2 Men,Grampians Hockey Club,5,3,,,Lucas HC Div 2 Men,,William M.,18,,False,,,,,https://www.revolutionise.com.au/hockeyballarat/game/2524180,2026-05-21 23:09:14
Division 2 Men,Round 2,Sun 03 May 2026,12:15,"John Vernon Field, Ballarat Grammar",Lucas HC Div 2 Men,Grampians Hockey Club,5,3,,,Lucas HC Div 2 Men,,Zoe K.,101,,False,,,,,https://www.revolutionise.com.au/hockeyballarat/game/2524180,2026-05-21 23:09:14
Division 2 Men,Round 2,Sun 03 May 2026,12:15,"John Vernon Field, Ballarat Grammar",Lucas HC Div 2 Men,Grampians Hockey Club,5,3,,,Lucas HC Div 2 Men,,Lucas J.,,,True,,,,,https://www.revolutionise.com.au/hockeyballarat/game/2524180,2026-05-21 23:09:14
Division 2 Men,Round 2,Sun 03 May 2026,12:15,"John Vernon Field, Ballarat Grammar",Lucas HC Div 2 Men,Grampians Hockey Club,5,3,,,Grampians Hockey Club,,Aaron M.,47,,True,,,,,https://www.revolutionise.com.au/hockeyballarat/game/2524180,2026-05-21 23:09:14
Division 2 Men,Round 2,Sun 03 May 2026,12:15,"John Vernon Field, Ballarat Grammar",Lucas HC Div 2 Men,Grampians Hockey Club,5,3,,,Grampians Hockey Club,,Bonnie A.,10,,True,,,,,https://www.revolutionise.com.au/hockeyballarat/game/2524180,2026-05-21 23:09:14
Division 2 Men,Round 2,Sun 03 May 2026,12:15,"John Vernon Field, Ballarat Grammar",Lucas HC Div 2 Men,Grampians Hockey Club,5,3,,,Grampians Hockey Club,,Chris P.,11,,True,,,,,https://www.revolutionise.com.au/hockeyballarat/game/2524180,2026-05-21 23:09:14
Division 2 Men,Round 2,Sun 03 May 2026,12:15,"John Vernon Field, Ballarat Grammar",Lucas HC Div 2 Men,Grampians Hockey Club,5,3,,,Grampians Hockey Club,,Fraser C.,6,,True,2,,,,https://www.revolutionise.com.au/hockeyballarat/game/2524180,2026-05-21 23:09:14
Division 2 Men,Round 2,Sun 03 May 2026,12:15,"John Vernon Field, Ballarat Grammar",Lucas HC Div 2 Men,Grampians Hockey Club,5,3,,,Grampians Hockey Club,,Garry B.,81,,True,,,,,https://www.revolutionise.com.au/hockeyballarat/game/2524180,2026-05-21 23:09:14
Division 2 Men,Round 2,Sun 03 May 2026,12:15,"John Vernon Field, Ballarat Grammar",Lucas HC Div 2 Men,Grampians Hockey Club,5,3,,,Grampians Hockey Club,,Glen C.,32,,True,,,,,https://www.revolutionise.com.au/hockeyballarat/game/2524180,2026-05-21 23:09:14
Division 2 Men,Round 2,Sun 03 May 2026,12:15,"John Vernon Field, Ballarat Grammar",Lucas HC Div 2 Men,Grampians Hockey Club,5,3,,,Grampians Hockey Club,,Hugh C.,,,False,,,,,https://www.revolutionise.com.au/hockeyballarat/game/2524180,2026-05-21 23:09:14
Division 2 Men,Round 2,Sun 03 May 2026,12:15,"John Vernon Field, Ballarat Grammar",Lucas HC Div 2 Men,Grampians Hockey Club,5,3,,,Grampians Hockey Club,,Jason H.,,,False,,,,,https://www.revolutionise.com.au/hockeyballarat/game/2524180,2026-05-21 23:09:14
Division 2 Men,Round 2,Sun 03 May 2026,12:15,"John Vernon Field, Ballarat Grammar",Lucas HC Div 2 Men,Grampians Hockey Club,5,3,,,Grampians Hockey Club,,Jordan C.,15,,False,,,,,https://www.revolutionise.com.au/hockeyballarat/game/2524180,2026-05-21 23:09:14
Division 2 Men,Round 2,Sun 03 May 2026,12:15,"John Vernon Field, Ballarat Grammar",Lucas HC Div 2 Men,Grampians Hockey Club,5,3,,,Grampians Hockey Club,,Lachlan S.,14,,False,,,,,https://www.revolutionise.com.au/hockeyballarat/game/2524180,2026-05-21 23:09:14
Division 2 Men,Round 2,Sun 03 May 2026,12:15,"John Vernon Field, Ballarat Grammar",Lucas HC Div 2 Men,Grampians Hockey Club,5,3,,,Grampians Hockey Club,,Liam C.,5,,False,,,,,https://www.revolutionise.com.au/hockeyballarat/game/2524180,2026-05-21 23:09:14
Division 2 Men,Round 2,Sun 03 May 2026,12:15,"John Vernon Field, Ballarat Grammar",Lucas HC Div 2 Men,Grampians Hockey Club,5,3,,,Grampians Hockey Club,,Luke R.,,Captain,True,1,,,,https://www.revolutionise.com.au/hockeyballarat/game/2524180,2026-05-21 23:09:14
Division 2 Men,Round 2,Sun 03 May 2026,12:15,"John Vernon Field, Ballarat Grammar",Lucas HC Div 2 Men,Grampians Hockey Club,5,3,,,Grampians Hockey Club,,Noah A.,34,,False,,,,,https://www.revolutionise.com.au/hockeyballarat/game/2524180,2026-05-21 23:09:14
Division 2 Men,Round 2,Sun 03 May 2026,12:15,"John Vernon Field, Ballarat Grammar",Lucas HC Div 2 Men,Grampians Hockey Club,5,3,,,Grampians Hockey Club,,Thomas B.,2,,True,,,,,https://www.revolutionise.com.au/hockeyballarat/game/2524180,2026-05-21 23:09:14
Division 2 Men,Round 2,Sun 03 May 2026,12:15,"John Vernon Field, Ballarat Grammar",Lucas HC Div 2 Men,Grampians Hockey Club,5,3,,,Grampians Hockey Club,,Traiyth L.,27,,False,,,,,https://www.revolutionise.com.au/hockeyballarat/game/2524180,2026-05-21 23:09:14
Division 2 Men,Round 2,Sun 03 May 2026,12:15,"John Vernon Field, Ballarat Grammar",Lucas HC Div 2 Men,Grampians Hockey Club,5,3,,,Grampians Hockey Club,,Annabelle H.,,,True,,,,,https://www.revolutionise.com.au/hockeyballarat/game/2524180,2026-05-21 23:09:14
Division 2 Men,Round 2,Sun 03 May 2026,15:30,Prince of Wales Park,Blaze Div 2 Men,Bobcats Div 2 Men,2,1,Craig Stevens,Nicholas Jolly,Blaze Div 2 Men,Blaze,Adam H.,11,,True,,,,,https://www.revolutionise.com.au/hockeyballarat/game/2524181,2026-05-21 23:09:15
Division 2 Men,Round 2,Sun 03 May 2026,15:30,Prince of Wales Park,Blaze Div 2 Men,Bobcats Div 2 Men,2,1,Craig Stevens,Nicholas Jolly,Blaze Div 2 Men,Blaze,Alicia C.,21,,True,1,,,,https://www.revolutionise.com.au/hockeyballarat/game/2524181,2026-05-21 23:09:15
Division 2 Men,Round 2,Sun 03 May 2026,15:30,Prince of Wales Park,Blaze Div 2 Men,Bobcats Div 2 Men,2,1,Craig Stevens,Nicholas Jolly,Blaze Div 2 Men,Blaze,Bailey P.,13,,False,,,,,https://www.revolutionise.com.au/hockeyballarat/game/2524181,2026-05-21 23:09:15
Division 2 Men,Round 2,Sun 03 May 2026,15:30,Prince of Wales Park,Blaze Div 2 Men,Bobcats Div 2 Men,2,1,Craig Stevens,Nicholas Jolly,Blaze Div 2 Men,Blaze,Calvin D.,117,,False,,,,,https://www.revolutionise.com.au/hockeyballarat/game/2524181,2026-05-21 23:09:15
Division 2 Men,Round 2,Sun 03 May 2026,15:30,Prince of Wales Park,Blaze Div 2 Men,Bobcats Div 2 Men,2,1,Craig Stevens,Nicholas Jolly,Blaze Div 2 Men,Blaze,Harry S.,115,,True,,,,,https://www.revolutionise.com.au/hockeyballarat/game/2524181,2026-05-21 23:09:15
Division 2 Men,Round 2,Sun 03 May 2026,15:30,Prince of Wales Park,Blaze Div 2 Men,Bobcats Div 2 Men,2,1,Craig Stevens,Nicholas Jolly,Blaze Div 2 Men,Blaze,Isabelle S.,4,,True,,,,,https://www.revolutionise.com.au/hockeyballarat/game/2524181,2026-05-21 23:09:15
Division 2 Men,Round 2,Sun 03 May 2026,15:30,Prince of Wales Park,Blaze Div 2 Men,Bobcats Div 2 Men,2,1,Craig Stevens,Nicholas Jolly,Blaze Div 2 Men,Blaze,Jayden I.,113,,False,,,,,https://www.revolutionise.com.au/hockeyballarat/game/2524181,2026-05-21 23:09:15
Division 2 Men,Round 2,Sun 03 May 2026,15:30,Prince of Wales Park,Blaze Div 2 Men,Bobcats Div 2 Men,2,1,Craig Stevens,Nicholas Jolly,Blaze Div 2 Men,Blaze,KARL C.,114,,True,,,,,https://www.revolutionise.com.au/hockeyballarat/game/2524181,2026-05-21 23:09:15
Division 2 Men,Round 2,Sun 03 May 2026,15:30,Prince of Wales Park,Blaze Div 2 Men,Bobcats Div 2 Men,2,1,Craig Stevens,Nicholas Jolly,Blaze Div 2 Men,Blaze,Lola W.,118,,False,,,,,https://www.revolutionise.com.au/hockeyballarat/game/2524181,2026-05-21 23:09:15
Division 2 Men,Round 2,Sun 03 May 2026,15:30,Prince of Wales Park,Blaze Div 2 Men,Bobcats Div 2 Men,2,1,Craig Stevens,Nicholas Jolly,Blaze Div 2 Men,Blaze,Mark S.,36,,False,,,,,https://www.revolutionise.com.au/hockeyballarat/game/2524181,2026-05-21 23:09:15
Division 2 Men,Round 2,Sun 03 May 2026,15:30,Prince of Wales Park,Blaze Div 2 Men,Bobcats Div 2 Men,2,1,Craig Stevens,Nicholas Jolly,Blaze Div 2 Men,Blaze,Mark T.,39,,True,,,,,https://www.revolutionise.com.au/hockeyballarat/game/2524181,2026-05-21 23:09:15
Division 2 Men,Round 2,Sun 03 May 2026,15:30,Prince of Wales Park,Blaze Div 2 Men,Bobcats Div 2 Men,2,1,Craig Stevens,Nicholas Jolly,Blaze Div 2 Men,Blaze,Michael S.,7,,False,,,,,https://www.revolutionise.com.au/hockeyballarat/game/2524181,2026-05-21 23:09:15
Division 2 Men,Round 2,Sun 03 May 2026,15:30,Prince of Wales Park,Blaze Div 2 Men,Bobcats Div 2 Men,2,1,Craig Stevens,Nicholas Jolly,Blaze Div 2 Men,Blaze,Mitchell S.,1,,True,1,,,,https://www.revolutionise.com.au/hockeyballarat/game/2524181,2026-05-21 23:09:15
Division 2 Men,Round 2,Sun 03 May 2026,15:30,Prince of Wales Park,Blaze Div 2 Men,Bobcats Div 2 Men,2,1,Craig Stevens,Nicholas Jolly,Blaze Div 2 Men,Blaze,Nicholas R.,,Goalkeeper,True,,,,,https://www.revolutionise.com.au/hockeyballarat/game/2524181,2026-05-21 23:09:15
Division 2 Men,Round 2,Sun 03 May 2026,15:30,Prince of Wales Park,Blaze Div 2 Men,Bobcats Div 2 Men,2,1,Craig Stevens,Nicholas Jolly,Blaze Div 2 Men,Blaze,Nick T.,111,,True,,,,,https://www.revolutionise.com.au/hockeyballarat/game/2524181,2026-05-21 23:09:15
Division 2 Men,Round 2,Sun 03 May 2026,15:30,Prince of Wales Park,Blaze Div 2 Men,Bobcats Div 2 Men,2,1,Craig Stevens,Nicholas Jolly,Blaze Div 2 Men,Blaze,Quinn M.,60,,True,,,,,https://www.revolutionise.com.au/hockeyballarat/game/2524181,2026-05-21 23:09:15
Division 2 Men,Round 2,Sun 03 May 2026,15:30,Prince of Wales Park,Blaze Div 2 Men,Bobcats Div 2 Men,2,1,Craig Stevens,Nicholas Jolly,Blaze Div 2 Men,Blaze,Richard P.,10,,True,,,,,https://www.revolutionise.com.au/hockeyballarat/game/2524181,2026-05-21 23:09:15
Division 2 Men,Round 2,Sun 03 May 2026,15:30,Prince of Wales Park,Blaze Div 2 Men,Bobcats Div 2 Men,2,1,Craig Stevens,Nicholas Jolly,Blaze Div 2 Men,Blaze,Scott B.,112,,True,,,,,https://www.revolutionise.com.au/hockeyballarat/game/2524181,2026-05-21 23:09:15
Division 2 Men,Round 2,Sun 03 May 2026,15:30,Prince of Wales Park,Blaze Div 2 Men,Bobcats Div 2 Men,2,1,Craig Stevens,Nicholas Jolly,Blaze Div 2 Men,Blaze,Mary B.,,,True,,,,,https://www.revolutionise.com.au/hockeyballarat/game/2524181,2026-05-21 23:09:15
Division 2 Men,Round 2,Sun 03 May 2026,15:30,Prince of Wales Park,Blaze Div 2 Men,Bobcats Div 2 Men,2,1,Craig Stevens,Nicholas Jolly,Blaze Div 2 Men,Blaze,Meg M.,,,True,,,,,https://www.revolutionise.com.au/hockeyballarat/game/2524181,2026-05-21 23:09:15
Division 2 Men,Round 2,Sun 03 May 2026,15:30,Prince of Wales Park,Blaze Div 2 Men,Bobcats Div 2 Men,2,1,Craig Stevens,Nicholas Jolly,Blaze Div 2 Men,Blaze,Nic H.,,,True,,,,,https://www.revolutionise.com.au/hockeyballarat/game/2524181,2026-05-21 23:09:15
Division 2 Men,Round 2,Sun 03 May 2026,15:30,Prince of Wales Park,Blaze Div 2 Men,Bobcats Div 2 Men,2,1,Craig Stevens,Nicholas Jolly,Bobcats Div 2 Men,,David T.,2,,True,,,,,https://www.revolutionise.com.au/hockeyballarat/game/2524181,2026-05-21 23:09:15
Division 2 Men,Round 2,Sun 03 May 2026,15:30,Prince of Wales Park,Blaze Div 2 Men,Bobcats Div 2 Men,2,1,Craig Stevens,Nicholas Jolly,Bobcats Div 2 Men,,Eathan D.,10,,True,,,,,https://www.revolutionise.com.au/hockeyballarat/game/2524181,2026-05-21 23:09:15
Division 2 Men,Round 2,Sun 03 May 2026,15:30,Prince of Wales Park,Blaze Div 2 Men,Bobcats Div 2 Men,2,1,Craig Stevens,Nicholas Jolly,Bobcats Div 2 Men,,James T.,1,Captain,False,,,,,https://www.revolutionise.com.au/hockeyballarat/game/2524181,2026-05-21 23:09:15
Division 2 Men,Round 2,Sun 03 May 2026,15:30,Prince of Wales Park,Blaze Div 2 Men,Bobcats Div 2 Men,2,1,Craig Stevens,Nicholas Jolly,Bobcats Div 2 Men,,Jarrod K.,11,,True,,,,,https://www.revolutionise.com.au/hockeyballarat/game/2524181,2026-05-21 23:09:15
Division 2 Men,Round 2,Sun 03 May 2026,15:30,Prince of Wales Park,Blaze Div 2 Men,Bobcats Div 2 Men,2,1,Craig Stevens,Nicholas Jolly,Bobcats Div 2 Men,,Lucas B.,9,,False,,,,,https://www.revolutionise.com.au/hockeyballarat/game/2524181,2026-05-21 23:09:15
Division 2 Men,Round 2,Sun 03 May 2026,15:30,Prince of Wales Park,Blaze Div 2 Men,Bobcats Div 2 Men,2,1,Craig Stevens,Nicholas Jolly,Bobcats Div 2 Men,,Max F.,,,True,,,,,https://www.revolutionise.com.au/hockeyballarat/game/2524181,2026-05-21 23:09:15
Division 2 Men,Round 2,Sun 03 May 2026,15:30,Prince of Wales Park,Blaze Div 2 Men,Bobcats Div 2 Men,2,1,Craig Stevens,Nicholas Jolly,Bobcats Div 2 Men,,Mitchell R.,5,,False,,,,,https://www.revolutionise.com.au/hockeyballarat/game/2524181,2026-05-21 23:09:15
Division 2 Men,Round 2,Sun 03 May 2026,15:30,Prince of Wales Park,Blaze Div 2 Men,Bobcats Div 2 Men,2,1,Craig Stevens,Nicholas Jolly,Bobcats Div 2 Men,,Nicholas J.,16,Goalkeeper,False,,,,,https://www.revolutionise.com.au/hockeyballarat/game/2524181,2026-05-21 23:09:15
Division 2 Men,Round 2,Sun 03 May 2026,15:30,Prince of Wales Park,Blaze Div 2 Men,Bobcats Div 2 Men,2,1,Craig Stevens,Nicholas Jolly,Bobcats Div 2 Men,,Nigel D.,8,,False,,,,,https://www.revolutionise.com.au/hockeyballarat/game/2524181,2026-05-21 23:09:15
Division 2 Men,Round 2,Sun 03 May 2026,15:30,Prince of Wales Park,Blaze Div 2 Men,Bobcats Div 2 Men,2,1,Craig Stevens,Nicholas Jolly,Bobcats Div 2 Men,,Reg B.,4,,True,,,,,https://www.revolutionise.com.au/hockeyballarat/game/2524181,2026-05-21 23:09:15
Division 2 Men,Round 2,Sun 03 May 2026,15:30,Prince of Wales Park,Blaze Div 2 Men,Bobcats Div 2 Men,2,1,Craig Stevens,Nicholas Jolly,Bobcats Div 2 Men,,Richard G.,7,,True,,,,,https://www.revolutionise.com.au/hockeyballarat/game/2524181,2026-05-21 23:09:15
Division 2 Men,Round 2,Sun 03 May 2026,15:30,Prince of Wales Park,Blaze Div 2 Men,Bobcats Div 2 Men,2,1,Craig Stevens,Nicholas Jolly,Bobcats Div 2 Men,,Stephen B.,14,,True,,,,,https://www.revolutionise.com.au/hockeyballarat/game/2524181,2026-05-21 23:09:15
Division 2 Men,Round 2,Sun 03 May 2026,15:30,Prince of Wales Park,Blaze Div 2 Men,Bobcats Div 2 Men,2,1,Craig Stevens,Nicholas Jolly,Bobcats Div 2 Men,,Timothy D.,12,,False,,,,,https://www.revolutionise.com.au/hockeyballarat/game/2524181,2026-05-21 23:09:15
Division 2 Men,Round 2,Sun 03 May 2026,15:30,Prince of Wales Park,Blaze Div 2 Men,Bobcats Div 2 Men,2,1,Craig Stevens,Nicholas Jolly,Bobcats Div 2 Men,,Timothy O.,13,,False,,,,,https://www.revolutionise.com.au/hockeyballarat/game/2524181,2026-05-21 23:09:15
Division 2 Men,Round 2,Sun 03 May 2026,15:30,Prince of Wales Park,Blaze Div 2 Men,Bobcats Div 2 Men,2,1,Craig Stevens,Nicholas Jolly,Bobcats Div 2 Men,,Tom F.,3,,True,,,,,https://www.revolutionise.com.au/hockeyballarat/game/2524181,2026-05-21 23:09:15
Division 2 Men,Round 2,Sun 03 May 2026,15:30,Prince of Wales Park,Blaze Div 2 Men,Bobcats Div 2 Men,2,1,Craig Stevens,Nicholas Jolly,Bobcats Div 2 Men,,Tom S.,15,,True,,,,,https://www.revolutionise.com.au/hockeyballarat/game/2524181,2026-05-21 23:09:15
Division 2 Men,Round 2,Sun 03 May 2026,15:30,Prince of Wales Park,Blaze Div 2 Men,Bobcats Div 2 Men,2,1,Craig Stevens,Nicholas Jolly,Bobcats Div 2 Men,,Digby S.,,,True,,,,,https://www.revolutionise.com.au/hockeyballarat/game/2524181,2026-05-21 23:09:15
Division 2 Men,Round 2,Sun 03 May 2026,15:30,Prince of Wales Park,Blaze Div 2 Men,Bobcats Div 2 Men,2,1,Craig Stevens,Nicholas Jolly,Bobcats Div 2 Men,,Eshaan U.,,,True,,,,,https://www.revolutionise.com.au/hockeyballarat/game/2524181,2026-05-21 23:09:15
Division 2 Men,Round 2,Sun 03 May 2026,15:30,Prince of Wales Park,Blaze Div 2 Men,Bobcats Div 2 Men,2,1,Craig Stevens,Nicholas Jolly,Bobcats Div 2 Men,,Gareth A.,,,True,1,,,,https://www.revolutionise.com.au/hockeyballarat/game/2524181,2026-05-21 23:09:15
Division 2 Men,Round 2,Sun 03 May 2026,15:30,Prince of Wales Park,Blaze Div 2 Men,Bobcats Div 2 Men,2,1,Craig Stevens,Nicholas Jolly,Bobcats Div 2 Men,,Joshua L.,,,True,,,,,https://www.revolutionise.com.au/hockeyballarat/game/2524181,2026-05-21 23:09:15
Division 2 Men,Round 2,Sun 03 May 2026,15:30,Prince of Wales Park,Blaze Div 2 Men,Bobcats Div 2 Men,2,1,Craig Stevens,Nicholas Jolly,Bobcats Div 2 Men,,Lauchlan W.,,,True,,,,,https://www.revolutionise.com.au/hockeyballarat/game/2524181,2026-05-21 23:09:15
Division 2 Men,Round 2,Sun 03 May 2026,15:30,Prince of Wales Park,Blaze Div 2 Men,Bobcats Div 2 Men,2,1,Craig Stevens,Nicholas Jolly,Bobcats Div 2 Men,,Max W.,,,True,,,,,https://www.revolutionise.com.au/hockeyballarat/game/2524181,2026-05-21 23:09:15
Division 2 Men,Round 2,Sun 03 May 2026,15:30,Prince of Wales Park,Blaze Div 2 Men,Bobcats Div 2 Men,2,1,Craig Stevens,Nicholas Jolly,Bobcats Div 2 Men,,Troy S.,,,True,,,,,https://www.revolutionise.com.au/hockeyballarat/game/2524181,2026-05-21 23:09:15
