grade,round,date,time,venue,home_team,away_team,home_score,away_score,umpire_1,umpire_2,team,player_name,jersey,role,attended,goals,green_cards,yellow_cards,red_cards,match_url,scraped_at
Under 11 Open,Round 2,Sat 02 May 2026,08:00,Prince of Wales Park - 1/2 Pitch North,Blaze U11 Blaze Red,Bobcats Bobcats Maroon,0,9,Quinn McClelland,,Blaze U11 Blaze Red,Amy M.,3,,True,,,,,https://www.revolutionise.com.au/hockeyballarat/game/2524200,2026-05-17 00:58:45
Under 11 Open,Round 2,Sat 02 May 2026,08:00,Prince of Wales Park - 1/2 Pitch North,Blaze U11 Blaze Red,Bobcats Bobcats Maroon,0,9,Quinn McClelland,,Blaze U11 Blaze Red,Audrey G.,7,,False,,,,,https://www.revolutionise.com.au/hockeyballarat/game/2524200,2026-05-17 00:58:45
Under 11 Open,Round 2,Sat 02 May 2026,08:00,Prince of Wales Park - 1/2 Pitch North,Blaze U11 Blaze Red,Bobcats Bobcats Maroon,0,9,Quinn McClelland,,Blaze U11 Blaze Red,Edith F.,1,,True,,,,,https://www.revolutionise.com.au/hockeyballarat/game/2524200,2026-05-17 00:58:45
Under 11 Open,Round 2,Sat 02 May 2026,08:00,Prince of Wales Park - 1/2 Pitch North,Blaze U11 Blaze Red,Bobcats Bobcats Maroon,0,9,Quinn McClelland,,Blaze U11 Blaze Red,Harley J.,,,True,,,,,https://www.revolutionise.com.au/hockeyballarat/game/2524200,2026-05-17 00:58:45
Under 11 Open,Round 2,Sat 02 May 2026,08:00,Prince of Wales Park - 1/2 Pitch North,Blaze U11 Blaze Red,Bobcats Bobcats Maroon,0,9,Quinn McClelland,,Blaze U11 Blaze Red,Toby G.,6,,True,,,,,https://www.revolutionise.com.au/hockeyballarat/game/2524200,2026-05-17 00:58:45
Under 11 Open,Round 2,Sat 02 May 2026,08:00,Prince of Wales Park - 1/2 Pitch North,Blaze U11 Blaze Red,Bobcats Bobcats Maroon,0,9,Quinn McClelland,,Blaze U11 Blaze Red,Zara M.,5,,True,,,,,https://www.revolutionise.com.au/hockeyballarat/game/2524200,2026-05-17 00:58:45
Under 11 Open,Round 2,Sat 02 May 2026,08:00,Prince of Wales Park - 1/2 Pitch North,Blaze U11 Blaze Red,Bobcats Bobcats Maroon,0,9,Quinn McClelland,,Blaze U11 Blaze Red,Audrey N.,,,False,,,,,https://www.revolutionise.com.au/hockeyballarat/game/2524200,2026-05-17 00:58:45
Under 11 Open,Round 2,Sat 02 May 2026,08:00,Prince of Wales Park - 1/2 Pitch North,Blaze U11 Blaze Red,Bobcats Bobcats Maroon,0,9,Quinn McClelland,,Bobcats Bobcats Maroon,Angus k.,4,,True,1,,,,https://www.revolutionise.com.au/hockeyballarat/game/2524200,2026-05-17 00:58:45
Under 11 Open,Round 2,Sat 02 May 2026,08:00,Prince of Wales Park - 1/2 Pitch North,Blaze U11 Blaze Red,Bobcats Bobcats Maroon,0,9,Quinn McClelland,,Bobcats Bobcats Maroon,Colton N.,,,True,1,,,,https://www.revolutionise.com.au/hockeyballarat/game/2524200,2026-05-17 00:58:45
Under 11 Open,Round 2,Sat 02 May 2026,08:00,Prince of Wales Park - 1/2 Pitch North,Blaze U11 Blaze Red,Bobcats Bobcats Maroon,0,9,Quinn McClelland,,Bobcats Bobcats Maroon,Felix W.,7,,True,,,,,https://www.revolutionise.com.au/hockeyballarat/game/2524200,2026-05-17 00:58:45
Under 11 Open,Round 2,Sat 02 May 2026,08:00,Prince of Wales Park - 1/2 Pitch North,Blaze U11 Blaze Red,Bobcats Bobcats Maroon,0,9,Quinn McClelland,,Bobcats Bobcats Maroon,Liam W.,1,,True,2,,,,https://www.revolutionise.com.au/hockeyballarat/game/2524200,2026-05-17 00:58:45
Under 11 Open,Round 2,Sat 02 May 2026,08:00,Prince of Wales Park - 1/2 Pitch North,Blaze U11 Blaze Red,Bobcats Bobcats Maroon,0,9,Quinn McClelland,,Bobcats Bobcats Maroon,Magnus D.,,,True,1,,,,https://www.revolutionise.com.au/hockeyballarat/game/2524200,2026-05-17 00:58:45
Under 11 Open,Round 2,Sat 02 May 2026,08:00,Prince of Wales Park - 1/2 Pitch North,Blaze U11 Blaze Red,Bobcats Bobcats Maroon,0,9,Quinn McClelland,,Bobcats Bobcats Maroon,Monty M.,3,,True,2,,,,https://www.revolutionise.com.au/hockeyballarat/game/2524200,2026-05-17 00:58:45
Under 11 Open,Round 2,Sat 02 May 2026,08:00,Prince of Wales Park - 1/2 Pitch North,Blaze U11 Blaze Red,Bobcats Bobcats Maroon,0,9,Quinn McClelland,,Bobcats Bobcats Maroon,Sam B.,6,,True,2,,,,https://www.revolutionise.com.au/hockeyballarat/game/2524200,2026-05-17 00:58:45
Under 11 Open,Round 2,Sat 02 May 2026,08:00,Prince of Wales Park - 1/2 Pitch North,Blaze U11 Blaze Red,Bobcats Bobcats Maroon,0,9,Quinn McClelland,,Bobcats Bobcats Maroon,Zephyr W.,,,True,,,,,https://www.revolutionise.com.au/hockeyballarat/game/2524200,2026-05-17 00:58:45
Under 11 Open,Round 2,Sat 02 May 2026,08:00,Prince of Wales Park - 1/2 Pitch South,Blaze U11 Blaze Orange,Bobcats Bobcats White,2,9,Harry Sturmfels,Sebastian Hogan,Blaze U11 Blaze Orange,Annie L.,,,True,,,,,https://www.revolutionise.com.au/hockeyballarat/game/2524201,2026-05-17 00:58:47
Under 11 Open,Round 2,Sat 02 May 2026,08:00,Prince of Wales Park - 1/2 Pitch South,Blaze U11 Blaze Orange,Bobcats Bobcats White,2,9,Harry Sturmfels,Sebastian Hogan,Blaze U11 Blaze Orange,Eli S.,3,,True,1,,,,https://www.revolutionise.com.au/hockeyballarat/game/2524201,2026-05-17 00:58:47
Under 11 Open,Round 2,Sat 02 May 2026,08:00,Prince of Wales Park - 1/2 Pitch South,Blaze U11 Blaze Orange,Bobcats Bobcats White,2,9,Harry Sturmfels,Sebastian Hogan,Blaze U11 Blaze Orange,Finlay W.,4,,True,,,,,https://www.revolutionise.com.au/hockeyballarat/game/2524201,2026-05-17 00:58:47
Under 11 Open,Round 2,Sat 02 May 2026,08:00,Prince of Wales Park - 1/2 Pitch South,Blaze U11 Blaze Orange,Bobcats Bobcats White,2,9,Harry Sturmfels,Sebastian Hogan,Blaze U11 Blaze Orange,Harper N.,6,,True,,,,,https://www.revolutionise.com.au/hockeyballarat/game/2524201,2026-05-17 00:58:47
Under 11 Open,Round 2,Sat 02 May 2026,08:00,Prince of Wales Park - 1/2 Pitch South,Blaze U11 Blaze Orange,Bobcats Bobcats White,2,9,Harry Sturmfels,Sebastian Hogan,Blaze U11 Blaze Orange,Matilda A.,8,,True,,,,,https://www.revolutionise.com.au/hockeyballarat/game/2524201,2026-05-17 00:58:47
Under 11 Open,Round 2,Sat 02 May 2026,08:00,Prince of Wales Park - 1/2 Pitch South,Blaze U11 Blaze Orange,Bobcats Bobcats White,2,9,Harry Sturmfels,Sebastian Hogan,Blaze U11 Blaze Orange,Oscar W.,5,,True,1,,,,https://www.revolutionise.com.au/hockeyballarat/game/2524201,2026-05-17 00:58:47
Under 11 Open,Round 2,Sat 02 May 2026,08:00,Prince of Wales Park - 1/2 Pitch South,Blaze U11 Blaze Orange,Bobcats Bobcats White,2,9,Harry Sturmfels,Sebastian Hogan,Blaze U11 Blaze Orange,Scarlett N.,,,True,,,,,https://www.revolutionise.com.au/hockeyballarat/game/2524201,2026-05-17 00:58:47
Under 11 Open,Round 2,Sat 02 May 2026,08:00,Prince of Wales Park - 1/2 Pitch South,Blaze U11 Blaze Orange,Bobcats Bobcats White,2,9,Harry Sturmfels,Sebastian Hogan,Blaze U11 Blaze Orange,Theo L.,2,,True,,,,,https://www.revolutionise.com.au/hockeyballarat/game/2524201,2026-05-17 00:58:47
Under 11 Open,Round 2,Sat 02 May 2026,08:00,Prince of Wales Park - 1/2 Pitch South,Blaze U11 Blaze Orange,Bobcats Bobcats White,2,9,Harry Sturmfels,Sebastian Hogan,Bobcats Bobcats White,Ailish S.,4,,True,,,,,https://www.revolutionise.com.au/hockeyballarat/game/2524201,2026-05-17 00:58:47
Under 11 Open,Round 2,Sat 02 May 2026,08:00,Prince of Wales Park - 1/2 Pitch South,Blaze U11 Blaze Orange,Bobcats Bobcats White,2,9,Harry Sturmfels,Sebastian Hogan,Bobcats Bobcats White,Arthur A.,1,,True,,,,,https://www.revolutionise.com.au/hockeyballarat/game/2524201,2026-05-17 00:58:47
Under 11 Open,Round 2,Sat 02 May 2026,08:00,Prince of Wales Park - 1/2 Pitch South,Blaze U11 Blaze Orange,Bobcats Bobcats White,2,9,Harry Sturmfels,Sebastian Hogan,Bobcats Bobcats White,Connor B.,8,,True,3,,,,https://www.revolutionise.com.au/hockeyballarat/game/2524201,2026-05-17 00:58:47
Under 11 Open,Round 2,Sat 02 May 2026,08:00,Prince of Wales Park - 1/2 Pitch South,Blaze U11 Blaze Orange,Bobcats Bobcats White,2,9,Harry Sturmfels,Sebastian Hogan,Bobcats Bobcats White,Frances D.,5,,True,,,,,https://www.revolutionise.com.au/hockeyballarat/game/2524201,2026-05-17 00:58:47
Under 11 Open,Round 2,Sat 02 May 2026,08:00,Prince of Wales Park - 1/2 Pitch South,Blaze U11 Blaze Orange,Bobcats Bobcats White,2,9,Harry Sturmfels,Sebastian Hogan,Bobcats Bobcats White,Freddie H.,6,,True,3,,,,https://www.revolutionise.com.au/hockeyballarat/game/2524201,2026-05-17 00:58:47
Under 11 Open,Round 2,Sat 02 May 2026,08:00,Prince of Wales Park - 1/2 Pitch South,Blaze U11 Blaze Orange,Bobcats Bobcats White,2,9,Harry Sturmfels,Sebastian Hogan,Bobcats Bobcats White,Freddie L.,7,,True,3,,,,https://www.revolutionise.com.au/hockeyballarat/game/2524201,2026-05-17 00:58:47
Under 11 Open,Round 2,Sat 02 May 2026,08:00,Prince of Wales Park - 1/2 Pitch South,Blaze U11 Blaze Orange,Bobcats Bobcats White,2,9,Harry Sturmfels,Sebastian Hogan,Bobcats Bobcats White,Molly F.,3,,True,,,,,https://www.revolutionise.com.au/hockeyballarat/game/2524201,2026-05-17 00:58:47
Under 11 Open,Round 2,Sat 02 May 2026,08:00,Prince of Wales Park - 1/2 Pitch South,Blaze U11 Blaze Orange,Bobcats Bobcats White,2,9,Harry Sturmfels,Sebastian Hogan,Bobcats Bobcats White,Saul K.,9,,False,,,,,https://www.revolutionise.com.au/hockeyballarat/game/2524201,2026-05-17 00:58:47
Under 11 Open,Round 2,Sat 02 May 2026,08:00,Prince of Wales Park - 1/2 Pitch South,Blaze U11 Blaze Orange,Bobcats Bobcats White,2,9,Harry Sturmfels,Sebastian Hogan,Bobcats Bobcats White,Walter A.,2,,True,,,,,https://www.revolutionise.com.au/hockeyballarat/game/2524201,2026-05-17 00:58:47
Under 11 Open,Round 2,Sat 02 May 2026,08:30,"John Vernon Field, Ballarat Grammar",Blaze U11 Blaze Pink,EGC EGC Blue,3,3,Edmund Horner-Dawson,Jordan Shepherd,Blaze U11 Blaze Pink,Fred R.,,,True,1,,,,https://www.revolutionise.com.au/hockeyballarat/game/2524199,2026-05-17 00:58:48
Under 11 Open,Round 2,Sat 02 May 2026,08:30,"John Vernon Field, Ballarat Grammar",Blaze U11 Blaze Pink,EGC EGC Blue,3,3,Edmund Horner-Dawson,Jordan Shepherd,Blaze U11 Blaze Pink,Hamish S.,6,,True,1,,,,https://www.revolutionise.com.au/hockeyballarat/game/2524199,2026-05-17 00:58:48
Under 11 Open,Round 2,Sat 02 May 2026,08:30,"John Vernon Field, Ballarat Grammar",Blaze U11 Blaze Pink,EGC EGC Blue,3,3,Edmund Horner-Dawson,Jordan Shepherd,Blaze U11 Blaze Pink,Louis R.,5,,False,,,,,https://www.revolutionise.com.au/hockeyballarat/game/2524199,2026-05-17 00:58:48
Under 11 Open,Round 2,Sat 02 May 2026,08:30,"John Vernon Field, Ballarat Grammar",Blaze U11 Blaze Pink,EGC EGC Blue,3,3,Edmund Horner-Dawson,Jordan Shepherd,Blaze U11 Blaze Pink,Lucy S.,2,,True,,,,,https://www.revolutionise.com.au/hockeyballarat/game/2524199,2026-05-17 00:58:48
Under 11 Open,Round 2,Sat 02 May 2026,08:30,"John Vernon Field, Ballarat Grammar",Blaze U11 Blaze Pink,EGC EGC Blue,3,3,Edmund Horner-Dawson,Jordan Shepherd,Blaze U11 Blaze Pink,Maggie S.,3,,True,,,,,https://www.revolutionise.com.au/hockeyballarat/game/2524199,2026-05-17 00:58:48
Under 11 Open,Round 2,Sat 02 May 2026,08:30,"John Vernon Field, Ballarat Grammar",Blaze U11 Blaze Pink,EGC EGC Blue,3,3,Edmund Horner-Dawson,Jordan Shepherd,Blaze U11 Blaze Pink,Neve W.,7,,False,,,,,https://www.revolutionise.com.au/hockeyballarat/game/2524199,2026-05-17 00:58:48
Under 11 Open,Round 2,Sat 02 May 2026,08:30,"John Vernon Field, Ballarat Grammar",Blaze U11 Blaze Pink,EGC EGC Blue,3,3,Edmund Horner-Dawson,Jordan Shepherd,Blaze U11 Blaze Pink,Nina R.,4,,True,,,,,https://www.revolutionise.com.au/hockeyballarat/game/2524199,2026-05-17 00:58:48
Under 11 Open,Round 2,Sat 02 May 2026,08:30,"John Vernon Field, Ballarat Grammar",Blaze U11 Blaze Pink,EGC EGC Blue,3,3,Edmund Horner-Dawson,Jordan Shepherd,Blaze U11 Blaze Pink,Hamish M.,,,True,1,,,,https://www.revolutionise.com.au/hockeyballarat/game/2524199,2026-05-17 00:58:48
Under 11 Open,Round 2,Sat 02 May 2026,08:30,"John Vernon Field, Ballarat Grammar",Blaze U11 Blaze Pink,EGC EGC Blue,3,3,Edmund Horner-Dawson,Jordan Shepherd,EGC EGC Blue,Alec H.,30,,True,1,,,,https://www.revolutionise.com.au/hockeyballarat/game/2524199,2026-05-17 00:58:48
Under 11 Open,Round 2,Sat 02 May 2026,08:30,"John Vernon Field, Ballarat Grammar",Blaze U11 Blaze Pink,EGC EGC Blue,3,3,Edmund Horner-Dawson,Jordan Shepherd,EGC EGC Blue,Alfred P.,3,,True,1,,,,https://www.revolutionise.com.au/hockeyballarat/game/2524199,2026-05-17 00:58:48
Under 11 Open,Round 2,Sat 02 May 2026,08:30,"John Vernon Field, Ballarat Grammar",Blaze U11 Blaze Pink,EGC EGC Blue,3,3,Edmund Horner-Dawson,Jordan Shepherd,EGC EGC Blue,Arthur S.,7,,True,,,,,https://www.revolutionise.com.au/hockeyballarat/game/2524199,2026-05-17 00:58:48
Under 11 Open,Round 2,Sat 02 May 2026,08:30,"John Vernon Field, Ballarat Grammar",Blaze U11 Blaze Pink,EGC EGC Blue,3,3,Edmund Horner-Dawson,Jordan Shepherd,EGC EGC Blue,Elliot B.,15,,True,,,,,https://www.revolutionise.com.au/hockeyballarat/game/2524199,2026-05-17 00:58:48
Under 11 Open,Round 2,Sat 02 May 2026,08:30,"John Vernon Field, Ballarat Grammar",Blaze U11 Blaze Pink,EGC EGC Blue,3,3,Edmund Horner-Dawson,Jordan Shepherd,EGC EGC Blue,Ginger R.,25,,True,,,,,https://www.revolutionise.com.au/hockeyballarat/game/2524199,2026-05-17 00:58:48
Under 11 Open,Round 2,Sat 02 May 2026,08:30,"John Vernon Field, Ballarat Grammar",Blaze U11 Blaze Pink,EGC EGC Blue,3,3,Edmund Horner-Dawson,Jordan Shepherd,EGC EGC Blue,Hamish S.,50,,True,,,,,https://www.revolutionise.com.au/hockeyballarat/game/2524199,2026-05-17 00:58:48
Under 11 Open,Round 2,Sat 02 May 2026,08:30,"John Vernon Field, Ballarat Grammar",Blaze U11 Blaze Pink,EGC EGC Blue,3,3,Edmund Horner-Dawson,Jordan Shepherd,EGC EGC Blue,Leo S.,34,,True,1,,,,https://www.revolutionise.com.au/hockeyballarat/game/2524199,2026-05-17 00:58:48
Under 11 Open,Round 2,Sat 02 May 2026,08:30,"John Vernon Field, Ballarat Grammar",Blaze U11 Blaze Pink,EGC EGC Blue,3,3,Edmund Horner-Dawson,Jordan Shepherd,EGC EGC Blue,Ruhi K.,2,,True,,,,,https://www.revolutionise.com.au/hockeyballarat/game/2524199,2026-05-17 00:58:48
Under 11 Open,Round 2,Sat 02 May 2026,08:30,"John Vernon Field, Ballarat Grammar",Blaze U11 Blaze Pink,EGC EGC Blue,3,3,Edmund Horner-Dawson,Jordan Shepherd,EGC EGC Blue,Sophia S.,49,,True,,,,,https://www.revolutionise.com.au/hockeyballarat/game/2524199,2026-05-17 00:58:48
Under 11 Open,Round 2,Sat 02 May 2026,08:30,"John Vernon Field, Ballarat Grammar",Blaze U11 Blaze Pink,EGC EGC Blue,3,3,Edmund Horner-Dawson,Jordan Shepherd,EGC EGC Blue,Sullivan K.,6,,True,,,,,https://www.revolutionise.com.au/hockeyballarat/game/2524199,2026-05-17 00:58:48
Under 11 Open,Round 2,Sat 02 May 2026,08:30,"John Vernon Field, Ballarat Grammar",Blaze U11 Blaze Pink,EGC EGC Blue,3,3,Edmund Horner-Dawson,Jordan Shepherd,EGC EGC Blue,Willow P.,66,,True,,,,,https://www.revolutionise.com.au/hockeyballarat/game/2524199,2026-05-17 00:58:48
Under 11 Open,Round 2,Sat 02 May 2026,08:30,"John Vernon Field, Ballarat Grammar",Blaze U11 Blaze Yellow,Lucas HC U11,1,2,Harley Shepherd,Sebastian Pougnault,Blaze U11 Blaze Yellow,Albie H.,3,,True,,,,,https://www.revolutionise.com.au/hockeyballarat/game/2524202,2026-05-17 00:58:50
Under 11 Open,Round 2,Sat 02 May 2026,08:30,"John Vernon Field, Ballarat Grammar",Blaze U11 Blaze Yellow,Lucas HC U11,1,2,Harley Shepherd,Sebastian Pougnault,Blaze U11 Blaze Yellow,Anneka W.,6,,True,,,,,https://www.revolutionise.com.au/hockeyballarat/game/2524202,2026-05-17 00:58:50
Under 11 Open,Round 2,Sat 02 May 2026,08:30,"John Vernon Field, Ballarat Grammar",Blaze U11 Blaze Yellow,Lucas HC U11,1,2,Harley Shepherd,Sebastian Pougnault,Blaze U11 Blaze Yellow,Everleigh J.,1,,True,,,,,https://www.revolutionise.com.au/hockeyballarat/game/2524202,2026-05-17 00:58:50
Under 11 Open,Round 2,Sat 02 May 2026,08:30,"John Vernon Field, Ballarat Grammar",Blaze U11 Blaze Yellow,Lucas HC U11,1,2,Harley Shepherd,Sebastian Pougnault,Blaze U11 Blaze Yellow,Henry M.,7,,True,,,,,https://www.revolutionise.com.au/hockeyballarat/game/2524202,2026-05-17 00:58:50
Under 11 Open,Round 2,Sat 02 May 2026,08:30,"John Vernon Field, Ballarat Grammar",Blaze U11 Blaze Yellow,Lucas HC U11,1,2,Harley Shepherd,Sebastian Pougnault,Blaze U11 Blaze Yellow,Isabel S.,,,True,,,,,https://www.revolutionise.com.au/hockeyballarat/game/2524202,2026-05-17 00:58:50
Under 11 Open,Round 2,Sat 02 May 2026,08:30,"John Vernon Field, Ballarat Grammar",Blaze U11 Blaze Yellow,Lucas HC U11,1,2,Harley Shepherd,Sebastian Pougnault,Blaze U11 Blaze Yellow,Xavier J.,2,,True,1,,,,https://www.revolutionise.com.au/hockeyballarat/game/2524202,2026-05-17 00:58:50
Under 11 Open,Round 2,Sat 02 May 2026,08:30,"John Vernon Field, Ballarat Grammar",Blaze U11 Blaze Yellow,Lucas HC U11,1,2,Harley Shepherd,Sebastian Pougnault,Blaze U11 Blaze Yellow,Yuma H.,4,,True,,,,,https://www.revolutionise.com.au/hockeyballarat/game/2524202,2026-05-17 00:58:50
Under 11 Open,Round 2,Sat 02 May 2026,08:30,"John Vernon Field, Ballarat Grammar",Blaze U11 Blaze Yellow,Lucas HC U11,1,2,Harley Shepherd,Sebastian Pougnault,Lucas HC U11,Annabelle R.,103,,True,,,,,https://www.revolutionise.com.au/hockeyballarat/game/2524202,2026-05-17 00:58:50
Under 11 Open,Round 2,Sat 02 May 2026,08:30,"John Vernon Field, Ballarat Grammar",Blaze U11 Blaze Yellow,Lucas HC U11,1,2,Harley Shepherd,Sebastian Pougnault,Lucas HC U11,Evora D.,100,,True,,,,,https://www.revolutionise.com.au/hockeyballarat/game/2524202,2026-05-17 00:58:50
Under 11 Open,Round 2,Sat 02 May 2026,08:30,"John Vernon Field, Ballarat Grammar",Blaze U11 Blaze Yellow,Lucas HC U11,1,2,Harley Shepherd,Sebastian Pougnault,Lucas HC U11,Heidi S.,2,,True,1,,,,https://www.revolutionise.com.au/hockeyballarat/game/2524202,2026-05-17 00:58:50
Under 11 Open,Round 2,Sat 02 May 2026,08:30,"John Vernon Field, Ballarat Grammar",Blaze U11 Blaze Yellow,Lucas HC U11,1,2,Harley Shepherd,Sebastian Pougnault,Lucas HC U11,Jonathan H.,104,,True,1,,,,https://www.revolutionise.com.au/hockeyballarat/game/2524202,2026-05-17 00:58:50
Under 11 Open,Round 2,Sat 02 May 2026,08:30,"John Vernon Field, Ballarat Grammar",Blaze U11 Blaze Yellow,Lucas HC U11,1,2,Harley Shepherd,Sebastian Pougnault,Lucas HC U11,Jonte P.,102,,True,,,,,https://www.revolutionise.com.au/hockeyballarat/game/2524202,2026-05-17 00:58:50
Under 11 Open,Round 2,Sat 02 May 2026,08:30,"John Vernon Field, Ballarat Grammar",Blaze U11 Blaze Yellow,Lucas HC U11,1,2,Harley Shepherd,Sebastian Pougnault,Lucas HC U11,Kushil Reddy N.,69,,True,,,,,https://www.revolutionise.com.au/hockeyballarat/game/2524202,2026-05-17 00:58:50
Under 11 Open,Round 2,Sat 02 May 2026,08:30,"John Vernon Field, Ballarat Grammar",Blaze U11 Blaze Yellow,Lucas HC U11,1,2,Harley Shepherd,Sebastian Pougnault,Lucas HC U11,Noah G.,101,,True,,,,,https://www.revolutionise.com.au/hockeyballarat/game/2524202,2026-05-17 00:58:50
Under 11 Open,Round 2,Sat 02 May 2026,08:30,"John Vernon Field, Ballarat Grammar",Blaze U11 Blaze Yellow,Lucas HC U11,1,2,Harley Shepherd,Sebastian Pougnault,Lucas HC U11,Ruby H.,105,,True,,,,,https://www.revolutionise.com.au/hockeyballarat/game/2524202,2026-05-17 00:58:50
Under 11 Open,Round 2,Sat 02 May 2026,08:50,Prince of Wales Park,Blaze U11 Blaze Green,EGC EGC Gold,4,1,Heath McClelland,Lukas Heemann,Blaze U11 Blaze Green,Campbell R.,5,,True,2,,,,https://www.revolutionise.com.au/hockeyballarat/game/2524198,2026-05-17 00:58:51
Under 11 Open,Round 2,Sat 02 May 2026,08:50,Prince of Wales Park,Blaze U11 Blaze Green,EGC EGC Gold,4,1,Heath McClelland,Lukas Heemann,Blaze U11 Blaze Green,Imogen H.,4,,True,1,,,,https://www.revolutionise.com.au/hockeyballarat/game/2524198,2026-05-17 00:58:51
Under 11 Open,Round 2,Sat 02 May 2026,08:50,Prince of Wales Park,Blaze U11 Blaze Green,EGC EGC Gold,4,1,Heath McClelland,Lukas Heemann,Blaze U11 Blaze Green,Kayden H.,1,,True,,,,,https://www.revolutionise.com.au/hockeyballarat/game/2524198,2026-05-17 00:58:51
Under 11 Open,Round 2,Sat 02 May 2026,08:50,Prince of Wales Park,Blaze U11 Blaze Green,EGC EGC Gold,4,1,Heath McClelland,Lukas Heemann,Blaze U11 Blaze Green,Marley M.,3,,True,,,,,https://www.revolutionise.com.au/hockeyballarat/game/2524198,2026-05-17 00:58:51
Under 11 Open,Round 2,Sat 02 May 2026,08:50,Prince of Wales Park,Blaze U11 Blaze Green,EGC EGC Gold,4,1,Heath McClelland,Lukas Heemann,Blaze U11 Blaze Green,May R.,7,,False,,,,,https://www.revolutionise.com.au/hockeyballarat/game/2524198,2026-05-17 00:58:51
Under 11 Open,Round 2,Sat 02 May 2026,08:50,Prince of Wales Park,Blaze U11 Blaze Green,EGC EGC Gold,4,1,Heath McClelland,Lukas Heemann,Blaze U11 Blaze Green,Odie B.,,,False,,,,,https://www.revolutionise.com.au/hockeyballarat/game/2524198,2026-05-17 00:58:51
Under 11 Open,Round 2,Sat 02 May 2026,08:50,Prince of Wales Park,Blaze U11 Blaze Green,EGC EGC Gold,4,1,Heath McClelland,Lukas Heemann,Blaze U11 Blaze Green,Safia H.,2,,True,1,,,,https://www.revolutionise.com.au/hockeyballarat/game/2524198,2026-05-17 00:58:51
Under 11 Open,Round 2,Sat 02 May 2026,08:50,Prince of Wales Park,Blaze U11 Blaze Green,EGC EGC Gold,4,1,Heath McClelland,Lukas Heemann,Blaze U11 Blaze Green,Annie L.,,,True,,,,,https://www.revolutionise.com.au/hockeyballarat/game/2524198,2026-05-17 00:58:51
Under 11 Open,Round 2,Sat 02 May 2026,08:50,Prince of Wales Park,Blaze U11 Blaze Green,EGC EGC Gold,4,1,Heath McClelland,Lukas Heemann,Blaze U11 Blaze Green,Theo L.,,,True,,,,,https://www.revolutionise.com.au/hockeyballarat/game/2524198,2026-05-17 00:58:51
Under 11 Open,Round 2,Sat 02 May 2026,08:50,Prince of Wales Park,Blaze U11 Blaze Green,EGC EGC Gold,4,1,Heath McClelland,Lukas Heemann,EGC EGC Gold,Aamber kaur G.,98,,False,,,,,https://www.revolutionise.com.au/hockeyballarat/game/2524198,2026-05-17 00:58:51
Under 11 Open,Round 2,Sat 02 May 2026,08:50,Prince of Wales Park,Blaze U11 Blaze Green,EGC EGC Gold,4,1,Heath McClelland,Lukas Heemann,EGC EGC Gold,Ada H.,14,,True,1,,,,https://www.revolutionise.com.au/hockeyballarat/game/2524198,2026-05-17 00:58:51
Under 11 Open,Round 2,Sat 02 May 2026,08:50,Prince of Wales Park,Blaze U11 Blaze Green,EGC EGC Gold,4,1,Heath McClelland,Lukas Heemann,EGC EGC Gold,Fergus P.,4,,True,,,,,https://www.revolutionise.com.au/hockeyballarat/game/2524198,2026-05-17 00:58:51
Under 11 Open,Round 2,Sat 02 May 2026,08:50,Prince of Wales Park,Blaze U11 Blaze Green,EGC EGC Gold,4,1,Heath McClelland,Lukas Heemann,EGC EGC Gold,Fred W.,51,,True,,,,,https://www.revolutionise.com.au/hockeyballarat/game/2524198,2026-05-17 00:58:51
Under 11 Open,Round 2,Sat 02 May 2026,08:50,Prince of Wales Park,Blaze U11 Blaze Green,EGC EGC Gold,4,1,Heath McClelland,Lukas Heemann,EGC EGC Gold,Hamish W.,12,,False,,,,,https://www.revolutionise.com.au/hockeyballarat/game/2524198,2026-05-17 00:58:51
Under 11 Open,Round 2,Sat 02 May 2026,08:50,Prince of Wales Park,Blaze U11 Blaze Green,EGC EGC Gold,4,1,Heath McClelland,Lukas Heemann,EGC EGC Gold,Henry V.,10,,True,,,,,https://www.revolutionise.com.au/hockeyballarat/game/2524198,2026-05-17 00:58:51
Under 11 Open,Round 2,Sat 02 May 2026,08:50,Prince of Wales Park,Blaze U11 Blaze Green,EGC EGC Gold,4,1,Heath McClelland,Lukas Heemann,EGC EGC Gold,Imogen C.,13,,True,,,,,https://www.revolutionise.com.au/hockeyballarat/game/2524198,2026-05-17 00:58:51
Under 11 Open,Round 2,Sat 02 May 2026,08:50,Prince of Wales Park,Blaze U11 Blaze Green,EGC EGC Gold,4,1,Heath McClelland,Lukas Heemann,EGC EGC Gold,Indiana K.,1,Goalkeeper,True,,,,,https://www.revolutionise.com.au/hockeyballarat/game/2524198,2026-05-17 00:58:51
Under 11 Open,Round 2,Sat 02 May 2026,08:50,Prince of Wales Park,Blaze U11 Blaze Green,EGC EGC Gold,4,1,Heath McClelland,Lukas Heemann,EGC EGC Gold,Lyndsay W.,11,,False,,,,,https://www.revolutionise.com.au/hockeyballarat/game/2524198,2026-05-17 00:58:51
Under 11 Open,Round 2,Sat 02 May 2026,08:50,Prince of Wales Park,Blaze U11 Blaze Green,EGC EGC Gold,4,1,Heath McClelland,Lukas Heemann,EGC EGC Gold,Marta V.,56,,True,,,,,https://www.revolutionise.com.au/hockeyballarat/game/2524198,2026-05-17 00:58:51
Under 11 Open,Round 2,Sat 02 May 2026,08:50,Prince of Wales Park,Blaze U11 Blaze Green,EGC EGC Gold,4,1,Heath McClelland,Lukas Heemann,EGC EGC Gold,Sonny D.,22,,True,,,,,https://www.revolutionise.com.au/hockeyballarat/game/2524198,2026-05-17 00:58:51
Under 11 Open,Round 3,Sat 09 May 2026,08:00,Prince of Wales Park - 1/2 Pitch North,Blaze U11 Blaze Black,Bobcats Bobcats White,1,11,Heath McClelland,Lewis Ryan,Blaze U11 Blaze Black,Archer R.,6,,True,,,,,https://www.revolutionise.com.au/hockeyballarat/game/2524206,2026-05-17 00:58:54
Under 11 Open,Round 3,Sat 09 May 2026,08:00,Prince of Wales Park - 1/2 Pitch North,Blaze U11 Blaze Black,Bobcats Bobcats White,1,11,Heath McClelland,Lewis Ryan,Blaze U11 Blaze Black,Charlie V.,3,,True,,,,,https://www.revolutionise.com.au/hockeyballarat/game/2524206,2026-05-17 00:58:54
Under 11 Open,Round 3,Sat 09 May 2026,08:00,Prince of Wales Park - 1/2 Pitch North,Blaze U11 Blaze Black,Bobcats Bobcats White,1,11,Heath McClelland,Lewis Ryan,Blaze U11 Blaze Black,Gus A.,2,,True,,,,,https://www.revolutionise.com.au/hockeyballarat/game/2524206,2026-05-17 00:58:54
Under 11 Open,Round 3,Sat 09 May 2026,08:00,Prince of Wales Park - 1/2 Pitch North,Blaze U11 Blaze Black,Bobcats Bobcats White,1,11,Heath McClelland,Lewis Ryan,Blaze U11 Blaze Black,Hamish M.,1,,True,1,,,,https://www.revolutionise.com.au/hockeyballarat/game/2524206,2026-05-17 00:58:54
Under 11 Open,Round 3,Sat 09 May 2026,08:00,Prince of Wales Park - 1/2 Pitch North,Blaze U11 Blaze Black,Bobcats Bobcats White,1,11,Heath McClelland,Lewis Ryan,Blaze U11 Blaze Black,Hazel E.,,,True,,,,,https://www.revolutionise.com.au/hockeyballarat/game/2524206,2026-05-17 00:58:54
Under 11 Open,Round 3,Sat 09 May 2026,08:00,Prince of Wales Park - 1/2 Pitch North,Blaze U11 Blaze Black,Bobcats Bobcats White,1,11,Heath McClelland,Lewis Ryan,Blaze U11 Blaze Black,Penny E.,7,,True,,,,,https://www.revolutionise.com.au/hockeyballarat/game/2524206,2026-05-17 00:58:54
Under 11 Open,Round 3,Sat 09 May 2026,08:00,Prince of Wales Park - 1/2 Pitch North,Blaze U11 Blaze Black,Bobcats Bobcats White,1,11,Heath McClelland,Lewis Ryan,Blaze U11 Blaze Black,Roman B.,4,,True,,,,,https://www.revolutionise.com.au/hockeyballarat/game/2524206,2026-05-17 00:58:54
Under 11 Open,Round 3,Sat 09 May 2026,08:00,Prince of Wales Park - 1/2 Pitch North,Blaze U11 Blaze Black,Bobcats Bobcats White,1,11,Heath McClelland,Lewis Ryan,Bobcats Bobcats White,Ailish S.,4,,True,1,,,,https://www.revolutionise.com.au/hockeyballarat/game/2524206,2026-05-17 00:58:54
Under 11 Open,Round 3,Sat 09 May 2026,08:00,Prince of Wales Park - 1/2 Pitch North,Blaze U11 Blaze Black,Bobcats Bobcats White,1,11,Heath McClelland,Lewis Ryan,Bobcats Bobcats White,Arthur A.,1,,True,1,,,,https://www.revolutionise.com.au/hockeyballarat/game/2524206,2026-05-17 00:58:54
Under 11 Open,Round 3,Sat 09 May 2026,08:00,Prince of Wales Park - 1/2 Pitch North,Blaze U11 Blaze Black,Bobcats Bobcats White,1,11,Heath McClelland,Lewis Ryan,Bobcats Bobcats White,Connor B.,8,,True,2,,,,https://www.revolutionise.com.au/hockeyballarat/game/2524206,2026-05-17 00:58:54
Under 11 Open,Round 3,Sat 09 May 2026,08:00,Prince of Wales Park - 1/2 Pitch North,Blaze U11 Blaze Black,Bobcats Bobcats White,1,11,Heath McClelland,Lewis Ryan,Bobcats Bobcats White,Frances D.,5,,False,,,,,https://www.revolutionise.com.au/hockeyballarat/game/2524206,2026-05-17 00:58:54
Under 11 Open,Round 3,Sat 09 May 2026,08:00,Prince of Wales Park - 1/2 Pitch North,Blaze U11 Blaze Black,Bobcats Bobcats White,1,11,Heath McClelland,Lewis Ryan,Bobcats Bobcats White,Freddie H.,6,,True,3,,,,https://www.revolutionise.com.au/hockeyballarat/game/2524206,2026-05-17 00:58:54
Under 11 Open,Round 3,Sat 09 May 2026,08:00,Prince of Wales Park - 1/2 Pitch North,Blaze U11 Blaze Black,Bobcats Bobcats White,1,11,Heath McClelland,Lewis Ryan,Bobcats Bobcats White,Freddie L.,7,,True,4,,,,https://www.revolutionise.com.au/hockeyballarat/game/2524206,2026-05-17 00:58:54
Under 11 Open,Round 3,Sat 09 May 2026,08:00,Prince of Wales Park - 1/2 Pitch North,Blaze U11 Blaze Black,Bobcats Bobcats White,1,11,Heath McClelland,Lewis Ryan,Bobcats Bobcats White,Molly F.,3,,False,,,,,https://www.revolutionise.com.au/hockeyballarat/game/2524206,2026-05-17 00:58:54
Under 11 Open,Round 3,Sat 09 May 2026,08:00,Prince of Wales Park - 1/2 Pitch North,Blaze U11 Blaze Black,Bobcats Bobcats White,1,11,Heath McClelland,Lewis Ryan,Bobcats Bobcats White,Saul K.,9,,True,,,,,https://www.revolutionise.com.au/hockeyballarat/game/2524206,2026-05-17 00:58:54
Under 11 Open,Round 3,Sat 09 May 2026,08:00,Prince of Wales Park - 1/2 Pitch North,Blaze U11 Blaze Black,Bobcats Bobcats White,1,11,Heath McClelland,Lewis Ryan,Bobcats Bobcats White,Walter A.,2,,True,,,,,https://www.revolutionise.com.au/hockeyballarat/game/2524206,2026-05-17 00:58:54
Under 11 Open,Round 3,Sat 09 May 2026,08:00,Prince of Wales Park - 1/2 Pitch South,Blaze U11 Blaze Pink,Blaze U11 Blaze Green,3,4,Harry Sturmfels,Sebastian Hogan,Blaze U11 Blaze Pink,Fred R.,,,True,,,,,https://www.revolutionise.com.au/hockeyballarat/game/2524207,2026-05-17 00:58:56
Under 11 Open,Round 3,Sat 09 May 2026,08:00,Prince of Wales Park - 1/2 Pitch South,Blaze U11 Blaze Pink,Blaze U11 Blaze Green,3,4,Harry Sturmfels,Sebastian Hogan,Blaze U11 Blaze Pink,Hamish S.,6,,True,2,,,,https://www.revolutionise.com.au/hockeyballarat/game/2524207,2026-05-17 00:58:56
Under 11 Open,Round 3,Sat 09 May 2026,08:00,Prince of Wales Park - 1/2 Pitch South,Blaze U11 Blaze Pink,Blaze U11 Blaze Green,3,4,Harry Sturmfels,Sebastian Hogan,Blaze U11 Blaze Pink,Louis R.,5,,True,1,,,,https://www.revolutionise.com.au/hockeyballarat/game/2524207,2026-05-17 00:58:56
Under 11 Open,Round 3,Sat 09 May 2026,08:00,Prince of Wales Park - 1/2 Pitch South,Blaze U11 Blaze Pink,Blaze U11 Blaze Green,3,4,Harry Sturmfels,Sebastian Hogan,Blaze U11 Blaze Pink,Lucy S.,2,,True,,,,,https://www.revolutionise.com.au/hockeyballarat/game/2524207,2026-05-17 00:58:56
Under 11 Open,Round 3,Sat 09 May 2026,08:00,Prince of Wales Park - 1/2 Pitch South,Blaze U11 Blaze Pink,Blaze U11 Blaze Green,3,4,Harry Sturmfels,Sebastian Hogan,Blaze U11 Blaze Pink,Maggie S.,3,,True,,,,,https://www.revolutionise.com.au/hockeyballarat/game/2524207,2026-05-17 00:58:56
Under 11 Open,Round 3,Sat 09 May 2026,08:00,Prince of Wales Park - 1/2 Pitch South,Blaze U11 Blaze Pink,Blaze U11 Blaze Green,3,4,Harry Sturmfels,Sebastian Hogan,Blaze U11 Blaze Pink,Neve W.,7,,True,,,,,https://www.revolutionise.com.au/hockeyballarat/game/2524207,2026-05-17 00:58:56
Under 11 Open,Round 3,Sat 09 May 2026,08:00,Prince of Wales Park - 1/2 Pitch South,Blaze U11 Blaze Pink,Blaze U11 Blaze Green,3,4,Harry Sturmfels,Sebastian Hogan,Blaze U11 Blaze Pink,Nina R.,4,,True,,,,,https://www.revolutionise.com.au/hockeyballarat/game/2524207,2026-05-17 00:58:56
Under 11 Open,Round 3,Sat 09 May 2026,08:00,Prince of Wales Park - 1/2 Pitch South,Blaze U11 Blaze Pink,Blaze U11 Blaze Green,3,4,Harry Sturmfels,Sebastian Hogan,Blaze U11 Blaze Green,Campbell R.,5,,True,2,,,,https://www.revolutionise.com.au/hockeyballarat/game/2524207,2026-05-17 00:58:56
Under 11 Open,Round 3,Sat 09 May 2026,08:00,Prince of Wales Park - 1/2 Pitch South,Blaze U11 Blaze Pink,Blaze U11 Blaze Green,3,4,Harry Sturmfels,Sebastian Hogan,Blaze U11 Blaze Green,Imogen H.,4,,True,,,,,https://www.revolutionise.com.au/hockeyballarat/game/2524207,2026-05-17 00:58:56
Under 11 Open,Round 3,Sat 09 May 2026,08:00,Prince of Wales Park - 1/2 Pitch South,Blaze U11 Blaze Pink,Blaze U11 Blaze Green,3,4,Harry Sturmfels,Sebastian Hogan,Blaze U11 Blaze Green,Kayden H.,1,,True,1,,,,https://www.revolutionise.com.au/hockeyballarat/game/2524207,2026-05-17 00:58:56
Under 11 Open,Round 3,Sat 09 May 2026,08:00,Prince of Wales Park - 1/2 Pitch South,Blaze U11 Blaze Pink,Blaze U11 Blaze Green,3,4,Harry Sturmfels,Sebastian Hogan,Blaze U11 Blaze Green,Marley M.,3,,True,,,,,https://www.revolutionise.com.au/hockeyballarat/game/2524207,2026-05-17 00:58:56
Under 11 Open,Round 3,Sat 09 May 2026,08:00,Prince of Wales Park - 1/2 Pitch South,Blaze U11 Blaze Pink,Blaze U11 Blaze Green,3,4,Harry Sturmfels,Sebastian Hogan,Blaze U11 Blaze Green,May R.,7,,True,,,,,https://www.revolutionise.com.au/hockeyballarat/game/2524207,2026-05-17 00:58:56
Under 11 Open,Round 3,Sat 09 May 2026,08:00,Prince of Wales Park - 1/2 Pitch South,Blaze U11 Blaze Pink,Blaze U11 Blaze Green,3,4,Harry Sturmfels,Sebastian Hogan,Blaze U11 Blaze Green,Odie B.,,,True,1,,,,https://www.revolutionise.com.au/hockeyballarat/game/2524207,2026-05-17 00:58:56
Under 11 Open,Round 3,Sat 09 May 2026,08:00,Prince of Wales Park - 1/2 Pitch South,Blaze U11 Blaze Pink,Blaze U11 Blaze Green,3,4,Harry Sturmfels,Sebastian Hogan,Blaze U11 Blaze Green,Safia H.,2,,True,,,,,https://www.revolutionise.com.au/hockeyballarat/game/2524207,2026-05-17 00:58:56
Under 11 Open,Round 3,Sat 09 May 2026,08:00,Prince of Wales Park - 1/2 Pitch South,Blaze U11 Blaze Pink,Blaze U11 Blaze Green,3,4,Harry Sturmfels,Sebastian Hogan,Blaze U11 Blaze Green,Sophie T.,,,True,,,,,https://www.revolutionise.com.au/hockeyballarat/game/2524207,2026-05-17 00:58:56
Under 11 Open,Round 3,Sat 09 May 2026,08:50,Prince of Wales Park,Blaze U11 Blaze Yellow,EGC EGC Gold,0,0,Lukas Heemann,William Stapleton,Blaze U11 Blaze Yellow,Albie H.,3,,True,,,,,https://www.revolutionise.com.au/hockeyballarat/game/2524204,2026-05-17 00:58:58
Under 11 Open,Round 3,Sat 09 May 2026,08:50,Prince of Wales Park,Blaze U11 Blaze Yellow,EGC EGC Gold,0,0,Lukas Heemann,William Stapleton,Blaze U11 Blaze Yellow,Anneka W.,6,,True,,,,,https://www.revolutionise.com.au/hockeyballarat/game/2524204,2026-05-17 00:58:58
Under 11 Open,Round 3,Sat 09 May 2026,08:50,Prince of Wales Park,Blaze U11 Blaze Yellow,EGC EGC Gold,0,0,Lukas Heemann,William Stapleton,Blaze U11 Blaze Yellow,Everleigh J.,1,,True,,,,,https://www.revolutionise.com.au/hockeyballarat/game/2524204,2026-05-17 00:58:58
Under 11 Open,Round 3,Sat 09 May 2026,08:50,Prince of Wales Park,Blaze U11 Blaze Yellow,EGC EGC Gold,0,0,Lukas Heemann,William Stapleton,Blaze U11 Blaze Yellow,Henry M.,7,,True,,,,,https://www.revolutionise.com.au/hockeyballarat/game/2524204,2026-05-17 00:58:58
Under 11 Open,Round 3,Sat 09 May 2026,08:50,Prince of Wales Park,Blaze U11 Blaze Yellow,EGC EGC Gold,0,0,Lukas Heemann,William Stapleton,Blaze U11 Blaze Yellow,Isabel S.,,,True,,,,,https://www.revolutionise.com.au/hockeyballarat/game/2524204,2026-05-17 00:58:58
Under 11 Open,Round 3,Sat 09 May 2026,08:50,Prince of Wales Park,Blaze U11 Blaze Yellow,EGC EGC Gold,0,0,Lukas Heemann,William Stapleton,Blaze U11 Blaze Yellow,Xavier J.,2,,True,,,,,https://www.revolutionise.com.au/hockeyballarat/game/2524204,2026-05-17 00:58:58
Under 11 Open,Round 3,Sat 09 May 2026,08:50,Prince of Wales Park,Blaze U11 Blaze Yellow,EGC EGC Gold,0,0,Lukas Heemann,William Stapleton,Blaze U11 Blaze Yellow,Yuma H.,4,,True,,,,,https://www.revolutionise.com.au/hockeyballarat/game/2524204,2026-05-17 00:58:58
Under 11 Open,Round 3,Sat 09 May 2026,08:50,Prince of Wales Park,Blaze U11 Blaze Yellow,EGC EGC Gold,0,0,Lukas Heemann,William Stapleton,EGC EGC Gold,Aamber kaur G.,98,,False,,,,,https://www.revolutionise.com.au/hockeyballarat/game/2524204,2026-05-17 00:58:58
Under 11 Open,Round 3,Sat 09 May 2026,08:50,Prince of Wales Park,Blaze U11 Blaze Yellow,EGC EGC Gold,0,0,Lukas Heemann,William Stapleton,EGC EGC Gold,Ada H.,14,,True,,,,,https://www.revolutionise.com.au/hockeyballarat/game/2524204,2026-05-17 00:58:58
Under 11 Open,Round 3,Sat 09 May 2026,08:50,Prince of Wales Park,Blaze U11 Blaze Yellow,EGC EGC Gold,0,0,Lukas Heemann,William Stapleton,EGC EGC Gold,Fergus P.,4,,True,,,,,https://www.revolutionise.com.au/hockeyballarat/game/2524204,2026-05-17 00:58:58
Under 11 Open,Round 3,Sat 09 May 2026,08:50,Prince of Wales Park,Blaze U11 Blaze Yellow,EGC EGC Gold,0,0,Lukas Heemann,William Stapleton,EGC EGC Gold,Fred W.,51,,True,,,,,https://www.revolutionise.com.au/hockeyballarat/game/2524204,2026-05-17 00:58:58
Under 11 Open,Round 3,Sat 09 May 2026,08:50,Prince of Wales Park,Blaze U11 Blaze Yellow,EGC EGC Gold,0,0,Lukas Heemann,William Stapleton,EGC EGC Gold,Hamish W.,12,,True,,,,,https://www.revolutionise.com.au/hockeyballarat/game/2524204,2026-05-17 00:58:58
Under 11 Open,Round 3,Sat 09 May 2026,08:50,Prince of Wales Park,Blaze U11 Blaze Yellow,EGC EGC Gold,0,0,Lukas Heemann,William Stapleton,EGC EGC Gold,Henry V.,10,,True,,,,,https://www.revolutionise.com.au/hockeyballarat/game/2524204,2026-05-17 00:58:58
Under 11 Open,Round 3,Sat 09 May 2026,08:50,Prince of Wales Park,Blaze U11 Blaze Yellow,EGC EGC Gold,0,0,Lukas Heemann,William Stapleton,EGC EGC Gold,Imogen C.,13,,True,,,,,https://www.revolutionise.com.au/hockeyballarat/game/2524204,2026-05-17 00:58:58
Under 11 Open,Round 3,Sat 09 May 2026,08:50,Prince of Wales Park,Blaze U11 Blaze Yellow,EGC EGC Gold,0,0,Lukas Heemann,William Stapleton,EGC EGC Gold,Indiana K.,1,Goalkeeper,True,,,,,https://www.revolutionise.com.au/hockeyballarat/game/2524204,2026-05-17 00:58:58
Under 11 Open,Round 3,Sat 09 May 2026,08:50,Prince of Wales Park,Blaze U11 Blaze Yellow,EGC EGC Gold,0,0,Lukas Heemann,William Stapleton,EGC EGC Gold,Lyndsay W.,11,,True,,,,,https://www.revolutionise.com.au/hockeyballarat/game/2524204,2026-05-17 00:58:58
Under 11 Open,Round 3,Sat 09 May 2026,08:50,Prince of Wales Park,Blaze U11 Blaze Yellow,EGC EGC Gold,0,0,Lukas Heemann,William Stapleton,EGC EGC Gold,Marta V.,56,,True,,,,,https://www.revolutionise.com.au/hockeyballarat/game/2524204,2026-05-17 00:58:58
Under 11 Open,Round 3,Sat 09 May 2026,08:50,Prince of Wales Park,Blaze U11 Blaze Yellow,EGC EGC Gold,0,0,Lukas Heemann,William Stapleton,EGC EGC Gold,Sonny D.,22,,True,,,,,https://www.revolutionise.com.au/hockeyballarat/game/2524204,2026-05-17 00:58:58
Under 11 Open,Round 3,Sat 09 May 2026,08:50,"John Vernon Field, Ballarat Grammar",Blaze U11 Blaze Red,EGC EGC Blue,0,5,Manav Kler,,Blaze U11 Blaze Red,Amy M.,3,,True,,,,,https://www.revolutionise.com.au/hockeyballarat/game/2524205,2026-05-17 00:58:59
Under 11 Open,Round 3,Sat 09 May 2026,08:50,"John Vernon Field, Ballarat Grammar",Blaze U11 Blaze Red,EGC EGC Blue,0,5,Manav Kler,,Blaze U11 Blaze Red,Audrey G.,7,,True,,,,,https://www.revolutionise.com.au/hockeyballarat/game/2524205,2026-05-17 00:58:59
Under 11 Open,Round 3,Sat 09 May 2026,08:50,"John Vernon Field, Ballarat Grammar",Blaze U11 Blaze Red,EGC EGC Blue,0,5,Manav Kler,,Blaze U11 Blaze Red,Edith F.,1,,True,,,,,https://www.revolutionise.com.au/hockeyballarat/game/2524205,2026-05-17 00:58:59
Under 11 Open,Round 3,Sat 09 May 2026,08:50,"John Vernon Field, Ballarat Grammar",Blaze U11 Blaze Red,EGC EGC Blue,0,5,Manav Kler,,Blaze U11 Blaze Red,Harley J.,,,True,,,,,https://www.revolutionise.com.au/hockeyballarat/game/2524205,2026-05-17 00:58:59
Under 11 Open,Round 3,Sat 09 May 2026,08:50,"John Vernon Field, Ballarat Grammar",Blaze U11 Blaze Red,EGC EGC Blue,0,5,Manav Kler,,Blaze U11 Blaze Red,Toby G.,6,,True,,,,,https://www.revolutionise.com.au/hockeyballarat/game/2524205,2026-05-17 00:58:59
Under 11 Open,Round 3,Sat 09 May 2026,08:50,"John Vernon Field, Ballarat Grammar",Blaze U11 Blaze Red,EGC EGC Blue,0,5,Manav Kler,,Blaze U11 Blaze Red,Zara M.,5,,True,,,,,https://www.revolutionise.com.au/hockeyballarat/game/2524205,2026-05-17 00:58:59
Under 11 Open,Round 3,Sat 09 May 2026,08:50,"John Vernon Field, Ballarat Grammar",Blaze U11 Blaze Red,EGC EGC Blue,0,5,Manav Kler,,EGC EGC Blue,Alec H.,30,,True,3,,,,https://www.revolutionise.com.au/hockeyballarat/game/2524205,2026-05-17 00:58:59
Under 11 Open,Round 3,Sat 09 May 2026,08:50,"John Vernon Field, Ballarat Grammar",Blaze U11 Blaze Red,EGC EGC Blue,0,5,Manav Kler,,EGC EGC Blue,Alfred P.,3,,True,,,,,https://www.revolutionise.com.au/hockeyballarat/game/2524205,2026-05-17 00:58:59
Under 11 Open,Round 3,Sat 09 May 2026,08:50,"John Vernon Field, Ballarat Grammar",Blaze U11 Blaze Red,EGC EGC Blue,0,5,Manav Kler,,EGC EGC Blue,Arthur S.,7,,True,,,,,https://www.revolutionise.com.au/hockeyballarat/game/2524205,2026-05-17 00:58:59
Under 11 Open,Round 3,Sat 09 May 2026,08:50,"John Vernon Field, Ballarat Grammar",Blaze U11 Blaze Red,EGC EGC Blue,0,5,Manav Kler,,EGC EGC Blue,Elliot B.,15,,True,,,,,https://www.revolutionise.com.au/hockeyballarat/game/2524205,2026-05-17 00:58:59
Under 11 Open,Round 3,Sat 09 May 2026,08:50,"John Vernon Field, Ballarat Grammar",Blaze U11 Blaze Red,EGC EGC Blue,0,5,Manav Kler,,EGC EGC Blue,Ginger R.,25,,True,,,,,https://www.revolutionise.com.au/hockeyballarat/game/2524205,2026-05-17 00:58:59
Under 11 Open,Round 3,Sat 09 May 2026,08:50,"John Vernon Field, Ballarat Grammar",Blaze U11 Blaze Red,EGC EGC Blue,0,5,Manav Kler,,EGC EGC Blue,Hamish S.,50,,True,1,,,,https://www.revolutionise.com.au/hockeyballarat/game/2524205,2026-05-17 00:58:59
Under 11 Open,Round 3,Sat 09 May 2026,08:50,"John Vernon Field, Ballarat Grammar",Blaze U11 Blaze Red,EGC EGC Blue,0,5,Manav Kler,,EGC EGC Blue,Leo S.,34,,True,1,,,,https://www.revolutionise.com.au/hockeyballarat/game/2524205,2026-05-17 00:58:59
Under 11 Open,Round 3,Sat 09 May 2026,08:50,"John Vernon Field, Ballarat Grammar",Blaze U11 Blaze Red,EGC EGC Blue,0,5,Manav Kler,,EGC EGC Blue,Ruhi K.,2,,True,,,,,https://www.revolutionise.com.au/hockeyballarat/game/2524205,2026-05-17 00:58:59
Under 11 Open,Round 3,Sat 09 May 2026,08:50,"John Vernon Field, Ballarat Grammar",Blaze U11 Blaze Red,EGC EGC Blue,0,5,Manav Kler,,EGC EGC Blue,Sophia S.,49,,True,,,,,https://www.revolutionise.com.au/hockeyballarat/game/2524205,2026-05-17 00:58:59
Under 11 Open,Round 3,Sat 09 May 2026,08:50,"John Vernon Field, Ballarat Grammar",Blaze U11 Blaze Red,EGC EGC Blue,0,5,Manav Kler,,EGC EGC Blue,Sullivan K.,6,,True,,,,,https://www.revolutionise.com.au/hockeyballarat/game/2524205,2026-05-17 00:58:59
Under 11 Open,Round 3,Sat 09 May 2026,08:50,"John Vernon Field, Ballarat Grammar",Blaze U11 Blaze Red,EGC EGC Blue,0,5,Manav Kler,,EGC EGC Blue,Willow P.,66,,True,,,,,https://www.revolutionise.com.au/hockeyballarat/game/2524205,2026-05-17 00:58:59
Under 11 Open,Round 3,Sat 09 May 2026,08:50,"John Vernon Field, Ballarat Grammar",Blaze U11 Blaze Orange,Lucas HC U11,1,2,Jordan Shepherd,Sebastian Hogan,Blaze U11 Blaze Orange,Annie L.,,,True,,,,,https://www.revolutionise.com.au/hockeyballarat/game/2524208,2026-05-17 00:59:01
Under 11 Open,Round 3,Sat 09 May 2026,08:50,"John Vernon Field, Ballarat Grammar",Blaze U11 Blaze Orange,Lucas HC U11,1,2,Jordan Shepherd,Sebastian Hogan,Blaze U11 Blaze Orange,Eli S.,3,,True,1,,,,https://www.revolutionise.com.au/hockeyballarat/game/2524208,2026-05-17 00:59:01
Under 11 Open,Round 3,Sat 09 May 2026,08:50,"John Vernon Field, Ballarat Grammar",Blaze U11 Blaze Orange,Lucas HC U11,1,2,Jordan Shepherd,Sebastian Hogan,Blaze U11 Blaze Orange,Finlay W.,4,,True,,,,,https://www.revolutionise.com.au/hockeyballarat/game/2524208,2026-05-17 00:59:01
Under 11 Open,Round 3,Sat 09 May 2026,08:50,"John Vernon Field, Ballarat Grammar",Blaze U11 Blaze Orange,Lucas HC U11,1,2,Jordan Shepherd,Sebastian Hogan,Blaze U11 Blaze Orange,Harper N.,6,,True,,,,,https://www.revolutionise.com.au/hockeyballarat/game/2524208,2026-05-17 00:59:01
Under 11 Open,Round 3,Sat 09 May 2026,08:50,"John Vernon Field, Ballarat Grammar",Blaze U11 Blaze Orange,Lucas HC U11,1,2,Jordan Shepherd,Sebastian Hogan,Blaze U11 Blaze Orange,Matilda A.,8,,True,,,,,https://www.revolutionise.com.au/hockeyballarat/game/2524208,2026-05-17 00:59:01
Under 11 Open,Round 3,Sat 09 May 2026,08:50,"John Vernon Field, Ballarat Grammar",Blaze U11 Blaze Orange,Lucas HC U11,1,2,Jordan Shepherd,Sebastian Hogan,Blaze U11 Blaze Orange,Oscar W.,5,,True,,,,,https://www.revolutionise.com.au/hockeyballarat/game/2524208,2026-05-17 00:59:01
Under 11 Open,Round 3,Sat 09 May 2026,08:50,"John Vernon Field, Ballarat Grammar",Blaze U11 Blaze Orange,Lucas HC U11,1,2,Jordan Shepherd,Sebastian Hogan,Blaze U11 Blaze Orange,Scarlett N.,,,True,,,,,https://www.revolutionise.com.au/hockeyballarat/game/2524208,2026-05-17 00:59:01
Under 11 Open,Round 3,Sat 09 May 2026,08:50,"John Vernon Field, Ballarat Grammar",Blaze U11 Blaze Orange,Lucas HC U11,1,2,Jordan Shepherd,Sebastian Hogan,Blaze U11 Blaze Orange,Theo L.,2,,True,,,,,https://www.revolutionise.com.au/hockeyballarat/game/2524208,2026-05-17 00:59:01
Under 11 Open,Round 3,Sat 09 May 2026,08:50,"John Vernon Field, Ballarat Grammar",Blaze U11 Blaze Orange,Lucas HC U11,1,2,Jordan Shepherd,Sebastian Hogan,Lucas HC U11,Annabelle R.,103,,True,,,,,https://www.revolutionise.com.au/hockeyballarat/game/2524208,2026-05-17 00:59:01
Under 11 Open,Round 3,Sat 09 May 2026,08:50,"John Vernon Field, Ballarat Grammar",Blaze U11 Blaze Orange,Lucas HC U11,1,2,Jordan Shepherd,Sebastian Hogan,Lucas HC U11,Evora D.,100,,True,,,,,https://www.revolutionise.com.au/hockeyballarat/game/2524208,2026-05-17 00:59:01
Under 11 Open,Round 3,Sat 09 May 2026,08:50,"John Vernon Field, Ballarat Grammar",Blaze U11 Blaze Orange,Lucas HC U11,1,2,Jordan Shepherd,Sebastian Hogan,Lucas HC U11,Heidi S.,2,,True,1,,,,https://www.revolutionise.com.au/hockeyballarat/game/2524208,2026-05-17 00:59:01
Under 11 Open,Round 3,Sat 09 May 2026,08:50,"John Vernon Field, Ballarat Grammar",Blaze U11 Blaze Orange,Lucas HC U11,1,2,Jordan Shepherd,Sebastian Hogan,Lucas HC U11,Jonathan H.,104,,True,1,,,,https://www.revolutionise.com.au/hockeyballarat/game/2524208,2026-05-17 00:59:01
Under 11 Open,Round 3,Sat 09 May 2026,08:50,"John Vernon Field, Ballarat Grammar",Blaze U11 Blaze Orange,Lucas HC U11,1,2,Jordan Shepherd,Sebastian Hogan,Lucas HC U11,Jonte P.,102,,True,,,,,https://www.revolutionise.com.au/hockeyballarat/game/2524208,2026-05-17 00:59:01
Under 11 Open,Round 3,Sat 09 May 2026,08:50,"John Vernon Field, Ballarat Grammar",Blaze U11 Blaze Orange,Lucas HC U11,1,2,Jordan Shepherd,Sebastian Hogan,Lucas HC U11,Kushil Reddy N.,69,,True,,,,,https://www.revolutionise.com.au/hockeyballarat/game/2524208,2026-05-17 00:59:01
Under 11 Open,Round 3,Sat 09 May 2026,08:50,"John Vernon Field, Ballarat Grammar",Blaze U11 Blaze Orange,Lucas HC U11,1,2,Jordan Shepherd,Sebastian Hogan,Lucas HC U11,Noah G.,101,,True,,,,,https://www.revolutionise.com.au/hockeyballarat/game/2524208,2026-05-17 00:59:01
Under 11 Open,Round 3,Sat 09 May 2026,08:50,"John Vernon Field, Ballarat Grammar",Blaze U11 Blaze Orange,Lucas HC U11,1,2,Jordan Shepherd,Sebastian Hogan,Lucas HC U11,Ruby H.,105,,True,,,,,https://www.revolutionise.com.au/hockeyballarat/game/2524208,2026-05-17 00:59:01
Under 11 Open,Round 4,Sat 23 May 2026,08:00,Prince of Wales Park - 1/2 Pitch South,Blaze U11 Blaze Red,Blaze U11 Blaze Green,,,,,Blaze U11 Blaze Red,Amy M.,3,,False,,,,,https://www.revolutionise.com.au/hockeyballarat/game/2524210,2026-05-17 00:59:04
Under 11 Open,Round 4,Sat 23 May 2026,08:00,Prince of Wales Park - 1/2 Pitch South,Blaze U11 Blaze Red,Blaze U11 Blaze Green,,,,,Blaze U11 Blaze Red,Audrey G.,7,,False,,,,,https://www.revolutionise.com.au/hockeyballarat/game/2524210,2026-05-17 00:59:04
Under 11 Open,Round 4,Sat 23 May 2026,08:00,Prince of Wales Park - 1/2 Pitch South,Blaze U11 Blaze Red,Blaze U11 Blaze Green,,,,,Blaze U11 Blaze Red,Edith F.,1,,False,,,,,https://www.revolutionise.com.au/hockeyballarat/game/2524210,2026-05-17 00:59:04
Under 11 Open,Round 4,Sat 23 May 2026,08:00,Prince of Wales Park - 1/2 Pitch South,Blaze U11 Blaze Red,Blaze U11 Blaze Green,,,,,Blaze U11 Blaze Red,Harley J.,,,False,,,,,https://www.revolutionise.com.au/hockeyballarat/game/2524210,2026-05-17 00:59:04
Under 11 Open,Round 4,Sat 23 May 2026,08:00,Prince of Wales Park - 1/2 Pitch South,Blaze U11 Blaze Red,Blaze U11 Blaze Green,,,,,Blaze U11 Blaze Red,Toby G.,6,,False,,,,,https://www.revolutionise.com.au/hockeyballarat/game/2524210,2026-05-17 00:59:04
Under 11 Open,Round 4,Sat 23 May 2026,08:00,Prince of Wales Park - 1/2 Pitch South,Blaze U11 Blaze Red,Blaze U11 Blaze Green,,,,,Blaze U11 Blaze Red,Zara M.,5,,False,,,,,https://www.revolutionise.com.au/hockeyballarat/game/2524210,2026-05-17 00:59:04
Under 11 Open,Round 4,Sat 23 May 2026,08:00,Prince of Wales Park - 1/2 Pitch South,Blaze U11 Blaze Red,Blaze U11 Blaze Green,,,,,Blaze U11 Blaze Green,Campbell R.,5,,False,,,,,https://www.revolutionise.com.au/hockeyballarat/game/2524210,2026-05-17 00:59:04
Under 11 Open,Round 4,Sat 23 May 2026,08:00,Prince of Wales Park - 1/2 Pitch South,Blaze U11 Blaze Red,Blaze U11 Blaze Green,,,,,Blaze U11 Blaze Green,Imogen H.,4,,False,,,,,https://www.revolutionise.com.au/hockeyballarat/game/2524210,2026-05-17 00:59:04
Under 11 Open,Round 4,Sat 23 May 2026,08:00,Prince of Wales Park - 1/2 Pitch South,Blaze U11 Blaze Red,Blaze U11 Blaze Green,,,,,Blaze U11 Blaze Green,Kayden H.,1,,False,,,,,https://www.revolutionise.com.au/hockeyballarat/game/2524210,2026-05-17 00:59:04
Under 11 Open,Round 4,Sat 23 May 2026,08:00,Prince of Wales Park - 1/2 Pitch South,Blaze U11 Blaze Red,Blaze U11 Blaze Green,,,,,Blaze U11 Blaze Green,Marley M.,3,,False,,,,,https://www.revolutionise.com.au/hockeyballarat/game/2524210,2026-05-17 00:59:04
Under 11 Open,Round 4,Sat 23 May 2026,08:00,Prince of Wales Park - 1/2 Pitch South,Blaze U11 Blaze Red,Blaze U11 Blaze Green,,,,,Blaze U11 Blaze Green,May R.,7,,False,,,,,https://www.revolutionise.com.au/hockeyballarat/game/2524210,2026-05-17 00:59:04
Under 11 Open,Round 4,Sat 23 May 2026,08:00,Prince of Wales Park - 1/2 Pitch South,Blaze U11 Blaze Red,Blaze U11 Blaze Green,,,,,Blaze U11 Blaze Green,Odie B.,,,False,,,,,https://www.revolutionise.com.au/hockeyballarat/game/2524210,2026-05-17 00:59:04
Under 11 Open,Round 4,Sat 23 May 2026,08:00,Prince of Wales Park - 1/2 Pitch South,Blaze U11 Blaze Red,Blaze U11 Blaze Green,,,,,Blaze U11 Blaze Green,Safia H.,2,,False,,,,,https://www.revolutionise.com.au/hockeyballarat/game/2524210,2026-05-17 00:59:04
Under 11 Open,Round 4,Sat 23 May 2026,08:00,Prince of Wales Park - 1/2 Pitch North,Blaze U11 Blaze Yellow,Blaze U11 Blaze Pink,,,,,Blaze U11 Blaze Yellow,Albie H.,3,,False,,,,,https://www.revolutionise.com.au/hockeyballarat/game/2524211,2026-05-17 00:59:05
Under 11 Open,Round 4,Sat 23 May 2026,08:00,Prince of Wales Park - 1/2 Pitch North,Blaze U11 Blaze Yellow,Blaze U11 Blaze Pink,,,,,Blaze U11 Blaze Yellow,Anneka W.,6,,False,,,,,https://www.revolutionise.com.au/hockeyballarat/game/2524211,2026-05-17 00:59:05
Under 11 Open,Round 4,Sat 23 May 2026,08:00,Prince of Wales Park - 1/2 Pitch North,Blaze U11 Blaze Yellow,Blaze U11 Blaze Pink,,,,,Blaze U11 Blaze Yellow,Everleigh J.,1,,False,,,,,https://www.revolutionise.com.au/hockeyballarat/game/2524211,2026-05-17 00:59:05
Under 11 Open,Round 4,Sat 23 May 2026,08:00,Prince of Wales Park - 1/2 Pitch North,Blaze U11 Blaze Yellow,Blaze U11 Blaze Pink,,,,,Blaze U11 Blaze Yellow,Henry M.,7,,False,,,,,https://www.revolutionise.com.au/hockeyballarat/game/2524211,2026-05-17 00:59:05
Under 11 Open,Round 4,Sat 23 May 2026,08:00,Prince of Wales Park - 1/2 Pitch North,Blaze U11 Blaze Yellow,Blaze U11 Blaze Pink,,,,,Blaze U11 Blaze Yellow,Isabel S.,,,False,,,,,https://www.revolutionise.com.au/hockeyballarat/game/2524211,2026-05-17 00:59:05
Under 11 Open,Round 4,Sat 23 May 2026,08:00,Prince of Wales Park - 1/2 Pitch North,Blaze U11 Blaze Yellow,Blaze U11 Blaze Pink,,,,,Blaze U11 Blaze Yellow,Xavier J.,2,,False,,,,,https://www.revolutionise.com.au/hockeyballarat/game/2524211,2026-05-17 00:59:05
Under 11 Open,Round 4,Sat 23 May 2026,08:00,Prince of Wales Park - 1/2 Pitch North,Blaze U11 Blaze Yellow,Blaze U11 Blaze Pink,,,,,Blaze U11 Blaze Yellow,Yuma H.,4,,False,,,,,https://www.revolutionise.com.au/hockeyballarat/game/2524211,2026-05-17 00:59:05
Under 11 Open,Round 4,Sat 23 May 2026,08:00,Prince of Wales Park - 1/2 Pitch North,Blaze U11 Blaze Yellow,Blaze U11 Blaze Pink,,,,,Blaze U11 Blaze Pink,Fred R.,,,False,,,,,https://www.revolutionise.com.au/hockeyballarat/game/2524211,2026-05-17 00:59:05
Under 11 Open,Round 4,Sat 23 May 2026,08:00,Prince of Wales Park - 1/2 Pitch North,Blaze U11 Blaze Yellow,Blaze U11 Blaze Pink,,,,,Blaze U11 Blaze Pink,Hamish S.,6,,False,,,,,https://www.revolutionise.com.au/hockeyballarat/game/2524211,2026-05-17 00:59:05
Under 11 Open,Round 4,Sat 23 May 2026,08:00,Prince of Wales Park - 1/2 Pitch North,Blaze U11 Blaze Yellow,Blaze U11 Blaze Pink,,,,,Blaze U11 Blaze Pink,Louis R.,5,,False,,,,,https://www.revolutionise.com.au/hockeyballarat/game/2524211,2026-05-17 00:59:05
Under 11 Open,Round 4,Sat 23 May 2026,08:00,Prince of Wales Park - 1/2 Pitch North,Blaze U11 Blaze Yellow,Blaze U11 Blaze Pink,,,,,Blaze U11 Blaze Pink,Lucy S.,2,,False,,,,,https://www.revolutionise.com.au/hockeyballarat/game/2524211,2026-05-17 00:59:05
Under 11 Open,Round 4,Sat 23 May 2026,08:00,Prince of Wales Park - 1/2 Pitch North,Blaze U11 Blaze Yellow,Blaze U11 Blaze Pink,,,,,Blaze U11 Blaze Pink,Maggie S.,3,,False,,,,,https://www.revolutionise.com.au/hockeyballarat/game/2524211,2026-05-17 00:59:05
Under 11 Open,Round 4,Sat 23 May 2026,08:00,Prince of Wales Park - 1/2 Pitch North,Blaze U11 Blaze Yellow,Blaze U11 Blaze Pink,,,,,Blaze U11 Blaze Pink,Neve W.,7,,False,,,,,https://www.revolutionise.com.au/hockeyballarat/game/2524211,2026-05-17 00:59:05
Under 11 Open,Round 4,Sat 23 May 2026,08:00,Prince of Wales Park - 1/2 Pitch North,Blaze U11 Blaze Yellow,Blaze U11 Blaze Pink,,,,,Blaze U11 Blaze Pink,Nina R.,4,,False,,,,,https://www.revolutionise.com.au/hockeyballarat/game/2524211,2026-05-17 00:59:05
Under 11 Open,Round 4,Sat 23 May 2026,08:50,Prince of Wales Park,Blaze U11 Blaze Orange,EGC EGC Gold,,,,,Blaze U11 Blaze Orange,Annie L.,,,False,,,,,https://www.revolutionise.com.au/hockeyballarat/game/2524214,2026-05-17 00:59:07
Under 11 Open,Round 4,Sat 23 May 2026,08:50,Prince of Wales Park,Blaze U11 Blaze Orange,EGC EGC Gold,,,,,Blaze U11 Blaze Orange,Eli S.,3,,False,,,,,https://www.revolutionise.com.au/hockeyballarat/game/2524214,2026-05-17 00:59:07
Under 11 Open,Round 4,Sat 23 May 2026,08:50,Prince of Wales Park,Blaze U11 Blaze Orange,EGC EGC Gold,,,,,Blaze U11 Blaze Orange,Finlay W.,4,,False,,,,,https://www.revolutionise.com.au/hockeyballarat/game/2524214,2026-05-17 00:59:07
Under 11 Open,Round 4,Sat 23 May 2026,08:50,Prince of Wales Park,Blaze U11 Blaze Orange,EGC EGC Gold,,,,,Blaze U11 Blaze Orange,Harper N.,6,,False,,,,,https://www.revolutionise.com.au/hockeyballarat/game/2524214,2026-05-17 00:59:07
Under 11 Open,Round 4,Sat 23 May 2026,08:50,Prince of Wales Park,Blaze U11 Blaze Orange,EGC EGC Gold,,,,,Blaze U11 Blaze Orange,Matilda A.,8,,False,,,,,https://www.revolutionise.com.au/hockeyballarat/game/2524214,2026-05-17 00:59:07
Under 11 Open,Round 4,Sat 23 May 2026,08:50,Prince of Wales Park,Blaze U11 Blaze Orange,EGC EGC Gold,,,,,Blaze U11 Blaze Orange,Oscar W.,5,,False,,,,,https://www.revolutionise.com.au/hockeyballarat/game/2524214,2026-05-17 00:59:07
Under 11 Open,Round 4,Sat 23 May 2026,08:50,Prince of Wales Park,Blaze U11 Blaze Orange,EGC EGC Gold,,,,,Blaze U11 Blaze Orange,Scarlett N.,,,False,,,,,https://www.revolutionise.com.au/hockeyballarat/game/2524214,2026-05-17 00:59:07
Under 11 Open,Round 4,Sat 23 May 2026,08:50,Prince of Wales Park,Blaze U11 Blaze Orange,EGC EGC Gold,,,,,Blaze U11 Blaze Orange,Theo L.,2,,False,,,,,https://www.revolutionise.com.au/hockeyballarat/game/2524214,2026-05-17 00:59:07
Under 11 Open,Round 4,Sat 23 May 2026,08:50,Prince of Wales Park,Blaze U11 Blaze Orange,EGC EGC Gold,,,,,EGC EGC Gold,Aamber kaur G.,98,,False,,,,,https://www.revolutionise.com.au/hockeyballarat/game/2524214,2026-05-17 00:59:07
Under 11 Open,Round 4,Sat 23 May 2026,08:50,Prince of Wales Park,Blaze U11 Blaze Orange,EGC EGC Gold,,,,,EGC EGC Gold,Ada H.,14,,False,,,,,https://www.revolutionise.com.au/hockeyballarat/game/2524214,2026-05-17 00:59:07
Under 11 Open,Round 4,Sat 23 May 2026,08:50,Prince of Wales Park,Blaze U11 Blaze Orange,EGC EGC Gold,,,,,EGC EGC Gold,Fergus P.,4,,False,,,,,https://www.revolutionise.com.au/hockeyballarat/game/2524214,2026-05-17 00:59:07
Under 11 Open,Round 4,Sat 23 May 2026,08:50,Prince of Wales Park,Blaze U11 Blaze Orange,EGC EGC Gold,,,,,EGC EGC Gold,Fred W.,51,,False,,,,,https://www.revolutionise.com.au/hockeyballarat/game/2524214,2026-05-17 00:59:07
Under 11 Open,Round 4,Sat 23 May 2026,08:50,Prince of Wales Park,Blaze U11 Blaze Orange,EGC EGC Gold,,,,,EGC EGC Gold,Hamish W.,12,,False,,,,,https://www.revolutionise.com.au/hockeyballarat/game/2524214,2026-05-17 00:59:07
Under 11 Open,Round 4,Sat 23 May 2026,08:50,Prince of Wales Park,Blaze U11 Blaze Orange,EGC EGC Gold,,,,,EGC EGC Gold,Henry V.,10,,False,,,,,https://www.revolutionise.com.au/hockeyballarat/game/2524214,2026-05-17 00:59:07
Under 11 Open,Round 4,Sat 23 May 2026,08:50,Prince of Wales Park,Blaze U11 Blaze Orange,EGC EGC Gold,,,,,EGC EGC Gold,Imogen C.,13,,False,,,,,https://www.revolutionise.com.au/hockeyballarat/game/2524214,2026-05-17 00:59:07
Under 11 Open,Round 4,Sat 23 May 2026,08:50,Prince of Wales Park,Blaze U11 Blaze Orange,EGC EGC Gold,,,,,EGC EGC Gold,Indiana K.,1,Goalkeeper,False,,,,,https://www.revolutionise.com.au/hockeyballarat/game/2524214,2026-05-17 00:59:07
Under 11 Open,Round 4,Sat 23 May 2026,08:50,Prince of Wales Park,Blaze U11 Blaze Orange,EGC EGC Gold,,,,,EGC EGC Gold,Lyndsay W.,11,,False,,,,,https://www.revolutionise.com.au/hockeyballarat/game/2524214,2026-05-17 00:59:07
Under 11 Open,Round 4,Sat 23 May 2026,08:50,Prince of Wales Park,Blaze U11 Blaze Orange,EGC EGC Gold,,,,,EGC EGC Gold,Marta V.,56,,False,,,,,https://www.revolutionise.com.au/hockeyballarat/game/2524214,2026-05-17 00:59:07
Under 11 Open,Round 4,Sat 23 May 2026,08:50,Prince of Wales Park,Blaze U11 Blaze Orange,EGC EGC Gold,,,,,EGC EGC Gold,Sonny D.,22,,False,,,,,https://www.revolutionise.com.au/hockeyballarat/game/2524214,2026-05-17 00:59:07
Under 11 Open,Round 4,Sat 23 May 2026,08:50,"John Vernon Field, Ballarat Grammar",Bobcats Bobcats White,Lucas HC U11,,,,,Bobcats Bobcats White,Ailish S.,4,,False,,,,,https://www.revolutionise.com.au/hockeyballarat/game/2524213,2026-05-17 00:59:09
Under 11 Open,Round 4,Sat 23 May 2026,08:50,"John Vernon Field, Ballarat Grammar",Bobcats Bobcats White,Lucas HC U11,,,,,Bobcats Bobcats White,Arthur A.,1,,False,,,,,https://www.revolutionise.com.au/hockeyballarat/game/2524213,2026-05-17 00:59:09
Under 11 Open,Round 4,Sat 23 May 2026,08:50,"John Vernon Field, Ballarat Grammar",Bobcats Bobcats White,Lucas HC U11,,,,,Bobcats Bobcats White,Connor B.,8,,False,,,,,https://www.revolutionise.com.au/hockeyballarat/game/2524213,2026-05-17 00:59:09
Under 11 Open,Round 4,Sat 23 May 2026,08:50,"John Vernon Field, Ballarat Grammar",Bobcats Bobcats White,Lucas HC U11,,,,,Bobcats Bobcats White,Frances D.,5,,False,,,,,https://www.revolutionise.com.au/hockeyballarat/game/2524213,2026-05-17 00:59:09
Under 11 Open,Round 4,Sat 23 May 2026,08:50,"John Vernon Field, Ballarat Grammar",Bobcats Bobcats White,Lucas HC U11,,,,,Bobcats Bobcats White,Freddie H.,6,,False,,,,,https://www.revolutionise.com.au/hockeyballarat/game/2524213,2026-05-17 00:59:09
Under 11 Open,Round 4,Sat 23 May 2026,08:50,"John Vernon Field, Ballarat Grammar",Bobcats Bobcats White,Lucas HC U11,,,,,Bobcats Bobcats White,Freddie L.,7,,False,,,,,https://www.revolutionise.com.au/hockeyballarat/game/2524213,2026-05-17 00:59:09
Under 11 Open,Round 4,Sat 23 May 2026,08:50,"John Vernon Field, Ballarat Grammar",Bobcats Bobcats White,Lucas HC U11,,,,,Bobcats Bobcats White,Molly F.,3,,False,,,,,https://www.revolutionise.com.au/hockeyballarat/game/2524213,2026-05-17 00:59:09
Under 11 Open,Round 4,Sat 23 May 2026,08:50,"John Vernon Field, Ballarat Grammar",Bobcats Bobcats White,Lucas HC U11,,,,,Bobcats Bobcats White,Saul K.,9,,False,,,,,https://www.revolutionise.com.au/hockeyballarat/game/2524213,2026-05-17 00:59:09
Under 11 Open,Round 4,Sat 23 May 2026,08:50,"John Vernon Field, Ballarat Grammar",Bobcats Bobcats White,Lucas HC U11,,,,,Bobcats Bobcats White,Walter A.,2,,False,,,,,https://www.revolutionise.com.au/hockeyballarat/game/2524213,2026-05-17 00:59:09
Under 11 Open,Round 4,Sat 23 May 2026,08:50,"John Vernon Field, Ballarat Grammar",Bobcats Bobcats White,Lucas HC U11,,,,,Lucas HC U11,Annabelle R.,103,,False,,,,,https://www.revolutionise.com.au/hockeyballarat/game/2524213,2026-05-17 00:59:09
Under 11 Open,Round 4,Sat 23 May 2026,08:50,"John Vernon Field, Ballarat Grammar",Bobcats Bobcats White,Lucas HC U11,,,,,Lucas HC U11,Evora D.,100,,False,,,,,https://www.revolutionise.com.au/hockeyballarat/game/2524213,2026-05-17 00:59:09
Under 11 Open,Round 4,Sat 23 May 2026,08:50,"John Vernon Field, Ballarat Grammar",Bobcats Bobcats White,Lucas HC U11,,,,,Lucas HC U11,Heidi S.,2,,False,,,,,https://www.revolutionise.com.au/hockeyballarat/game/2524213,2026-05-17 00:59:09
Under 11 Open,Round 4,Sat 23 May 2026,08:50,"John Vernon Field, Ballarat Grammar",Bobcats Bobcats White,Lucas HC U11,,,,,Lucas HC U11,Jonathan H.,104,,False,,,,,https://www.revolutionise.com.au/hockeyballarat/game/2524213,2026-05-17 00:59:09
Under 11 Open,Round 4,Sat 23 May 2026,08:50,"John Vernon Field, Ballarat Grammar",Bobcats Bobcats White,Lucas HC U11,,,,,Lucas HC U11,Jonte P.,102,,False,,,,,https://www.revolutionise.com.au/hockeyballarat/game/2524213,2026-05-17 00:59:09
Under 11 Open,Round 4,Sat 23 May 2026,08:50,"John Vernon Field, Ballarat Grammar",Bobcats Bobcats White,Lucas HC U11,,,,,Lucas HC U11,Kushil Reddy N.,69,,False,,,,,https://www.revolutionise.com.au/hockeyballarat/game/2524213,2026-05-17 00:59:09
Under 11 Open,Round 4,Sat 23 May 2026,08:50,"John Vernon Field, Ballarat Grammar",Bobcats Bobcats White,Lucas HC U11,,,,,Lucas HC U11,Noah G.,101,,False,,,,,https://www.revolutionise.com.au/hockeyballarat/game/2524213,2026-05-17 00:59:09
Under 11 Open,Round 4,Sat 23 May 2026,08:50,"John Vernon Field, Ballarat Grammar",Bobcats Bobcats White,Lucas HC U11,,,,,Lucas HC U11,Ruby H.,105,,False,,,,,https://www.revolutionise.com.au/hockeyballarat/game/2524213,2026-05-17 00:59:09
Under 11 Open,Round 4,Sat 23 May 2026,08:50,"John Vernon Field, Ballarat Grammar",Blaze U11 Blaze Black,Bobcats Bobcats Maroon,,,,,Blaze U11 Blaze Black,Archer R.,6,,False,,,,,https://www.revolutionise.com.au/hockeyballarat/game/2524212,2026-05-17 00:59:10
Under 11 Open,Round 4,Sat 23 May 2026,08:50,"John Vernon Field, Ballarat Grammar",Blaze U11 Blaze Black,Bobcats Bobcats Maroon,,,,,Blaze U11 Blaze Black,Charlie V.,3,,False,,,,,https://www.revolutionise.com.au/hockeyballarat/game/2524212,2026-05-17 00:59:10
Under 11 Open,Round 4,Sat 23 May 2026,08:50,"John Vernon Field, Ballarat Grammar",Blaze U11 Blaze Black,Bobcats Bobcats Maroon,,,,,Blaze U11 Blaze Black,Gus A.,2,,False,,,,,https://www.revolutionise.com.au/hockeyballarat/game/2524212,2026-05-17 00:59:10
Under 11 Open,Round 4,Sat 23 May 2026,08:50,"John Vernon Field, Ballarat Grammar",Blaze U11 Blaze Black,Bobcats Bobcats Maroon,,,,,Blaze U11 Blaze Black,Hamish M.,1,,False,,,,,https://www.revolutionise.com.au/hockeyballarat/game/2524212,2026-05-17 00:59:10
Under 11 Open,Round 4,Sat 23 May 2026,08:50,"John Vernon Field, Ballarat Grammar",Blaze U11 Blaze Black,Bobcats Bobcats Maroon,,,,,Blaze U11 Blaze Black,Hazel E.,,,False,,,,,https://www.revolutionise.com.au/hockeyballarat/game/2524212,2026-05-17 00:59:10
Under 11 Open,Round 4,Sat 23 May 2026,08:50,"John Vernon Field, Ballarat Grammar",Blaze U11 Blaze Black,Bobcats Bobcats Maroon,,,,,Blaze U11 Blaze Black,Penny E.,7,,False,,,,,https://www.revolutionise.com.au/hockeyballarat/game/2524212,2026-05-17 00:59:10
Under 11 Open,Round 4,Sat 23 May 2026,08:50,"John Vernon Field, Ballarat Grammar",Blaze U11 Blaze Black,Bobcats Bobcats Maroon,,,,,Blaze U11 Blaze Black,Roman B.,4,,False,,,,,https://www.revolutionise.com.au/hockeyballarat/game/2524212,2026-05-17 00:59:10
Under 11 Open,Round 4,Sat 23 May 2026,08:50,"John Vernon Field, Ballarat Grammar",Blaze U11 Blaze Black,Bobcats Bobcats Maroon,,,,,Bobcats Bobcats Maroon,Angus k.,4,,False,,,,,https://www.revolutionise.com.au/hockeyballarat/game/2524212,2026-05-17 00:59:10
Under 11 Open,Round 4,Sat 23 May 2026,08:50,"John Vernon Field, Ballarat Grammar",Blaze U11 Blaze Black,Bobcats Bobcats Maroon,,,,,Bobcats Bobcats Maroon,Colton N.,,,False,,,,,https://www.revolutionise.com.au/hockeyballarat/game/2524212,2026-05-17 00:59:10
Under 11 Open,Round 4,Sat 23 May 2026,08:50,"John Vernon Field, Ballarat Grammar",Blaze U11 Blaze Black,Bobcats Bobcats Maroon,,,,,Bobcats Bobcats Maroon,Felix W.,7,,False,,,,,https://www.revolutionise.com.au/hockeyballarat/game/2524212,2026-05-17 00:59:10
Under 11 Open,Round 4,Sat 23 May 2026,08:50,"John Vernon Field, Ballarat Grammar",Blaze U11 Blaze Black,Bobcats Bobcats Maroon,,,,,Bobcats Bobcats Maroon,Liam W.,1,,False,,,,,https://www.revolutionise.com.au/hockeyballarat/game/2524212,2026-05-17 00:59:10
Under 11 Open,Round 4,Sat 23 May 2026,08:50,"John Vernon Field, Ballarat Grammar",Blaze U11 Blaze Black,Bobcats Bobcats Maroon,,,,,Bobcats Bobcats Maroon,Magnus D.,,,False,,,,,https://www.revolutionise.com.au/hockeyballarat/game/2524212,2026-05-17 00:59:10
Under 11 Open,Round 4,Sat 23 May 2026,08:50,"John Vernon Field, Ballarat Grammar",Blaze U11 Blaze Black,Bobcats Bobcats Maroon,,,,,Bobcats Bobcats Maroon,Monty M.,3,,False,,,,,https://www.revolutionise.com.au/hockeyballarat/game/2524212,2026-05-17 00:59:10
Under 11 Open,Round 4,Sat 23 May 2026,08:50,"John Vernon Field, Ballarat Grammar",Blaze U11 Blaze Black,Bobcats Bobcats Maroon,,,,,Bobcats Bobcats Maroon,Sam B.,6,,False,,,,,https://www.revolutionise.com.au/hockeyballarat/game/2524212,2026-05-17 00:59:10
Under 11 Open,Round 4,Sat 23 May 2026,08:50,"John Vernon Field, Ballarat Grammar",Blaze U11 Blaze Black,Bobcats Bobcats Maroon,,,,,Bobcats Bobcats Maroon,Zephyr W.,,,False,,,,,https://www.revolutionise.com.au/hockeyballarat/game/2524212,2026-05-17 00:59:10
Under 11 Open,Round 5,Sat 30 May 2026,08:00,Prince of Wales Park - 1/2 Pitch South,Bobcats Bobcats White,EGC EGC Gold,,,,,Bobcats Bobcats White,Ailish S.,4,,False,,,,,https://www.revolutionise.com.au/hockeyballarat/game/2524216,2026-05-17 00:59:13
Under 11 Open,Round 5,Sat 30 May 2026,08:00,Prince of Wales Park - 1/2 Pitch South,Bobcats Bobcats White,EGC EGC Gold,,,,,Bobcats Bobcats White,Arthur A.,1,,False,,,,,https://www.revolutionise.com.au/hockeyballarat/game/2524216,2026-05-17 00:59:13
Under 11 Open,Round 5,Sat 30 May 2026,08:00,Prince of Wales Park - 1/2 Pitch South,Bobcats Bobcats White,EGC EGC Gold,,,,,Bobcats Bobcats White,Connor B.,8,,False,,,,,https://www.revolutionise.com.au/hockeyballarat/game/2524216,2026-05-17 00:59:13
Under 11 Open,Round 5,Sat 30 May 2026,08:00,Prince of Wales Park - 1/2 Pitch South,Bobcats Bobcats White,EGC EGC Gold,,,,,Bobcats Bobcats White,Frances D.,5,,False,,,,,https://www.revolutionise.com.au/hockeyballarat/game/2524216,2026-05-17 00:59:13
Under 11 Open,Round 5,Sat 30 May 2026,08:00,Prince of Wales Park - 1/2 Pitch South,Bobcats Bobcats White,EGC EGC Gold,,,,,Bobcats Bobcats White,Freddie H.,6,,False,,,,,https://www.revolutionise.com.au/hockeyballarat/game/2524216,2026-05-17 00:59:13
Under 11 Open,Round 5,Sat 30 May 2026,08:00,Prince of Wales Park - 1/2 Pitch South,Bobcats Bobcats White,EGC EGC Gold,,,,,Bobcats Bobcats White,Freddie L.,7,,False,,,,,https://www.revolutionise.com.au/hockeyballarat/game/2524216,2026-05-17 00:59:13
Under 11 Open,Round 5,Sat 30 May 2026,08:00,Prince of Wales Park - 1/2 Pitch South,Bobcats Bobcats White,EGC EGC Gold,,,,,Bobcats Bobcats White,Molly F.,3,,False,,,,,https://www.revolutionise.com.au/hockeyballarat/game/2524216,2026-05-17 00:59:13
Under 11 Open,Round 5,Sat 30 May 2026,08:00,Prince of Wales Park - 1/2 Pitch South,Bobcats Bobcats White,EGC EGC Gold,,,,,Bobcats Bobcats White,Saul K.,9,,False,,,,,https://www.revolutionise.com.au/hockeyballarat/game/2524216,2026-05-17 00:59:13
Under 11 Open,Round 5,Sat 30 May 2026,08:00,Prince of Wales Park - 1/2 Pitch South,Bobcats Bobcats White,EGC EGC Gold,,,,,Bobcats Bobcats White,Walter A.,2,,False,,,,,https://www.revolutionise.com.au/hockeyballarat/game/2524216,2026-05-17 00:59:13
Under 11 Open,Round 5,Sat 30 May 2026,08:00,Prince of Wales Park - 1/2 Pitch South,Bobcats Bobcats White,EGC EGC Gold,,,,,EGC EGC Gold,Aamber kaur G.,98,,False,,,,,https://www.revolutionise.com.au/hockeyballarat/game/2524216,2026-05-17 00:59:13
Under 11 Open,Round 5,Sat 30 May 2026,08:00,Prince of Wales Park - 1/2 Pitch South,Bobcats Bobcats White,EGC EGC Gold,,,,,EGC EGC Gold,Ada H.,14,,False,,,,,https://www.revolutionise.com.au/hockeyballarat/game/2524216,2026-05-17 00:59:13
Under 11 Open,Round 5,Sat 30 May 2026,08:00,Prince of Wales Park - 1/2 Pitch South,Bobcats Bobcats White,EGC EGC Gold,,,,,EGC EGC Gold,Fergus P.,4,,False,,,,,https://www.revolutionise.com.au/hockeyballarat/game/2524216,2026-05-17 00:59:13
Under 11 Open,Round 5,Sat 30 May 2026,08:00,Prince of Wales Park - 1/2 Pitch South,Bobcats Bobcats White,EGC EGC Gold,,,,,EGC EGC Gold,Fred W.,51,,False,,,,,https://www.revolutionise.com.au/hockeyballarat/game/2524216,2026-05-17 00:59:13
Under 11 Open,Round 5,Sat 30 May 2026,08:00,Prince of Wales Park - 1/2 Pitch South,Bobcats Bobcats White,EGC EGC Gold,,,,,EGC EGC Gold,Hamish W.,12,,False,,,,,https://www.revolutionise.com.au/hockeyballarat/game/2524216,2026-05-17 00:59:13
Under 11 Open,Round 5,Sat 30 May 2026,08:00,Prince of Wales Park - 1/2 Pitch South,Bobcats Bobcats White,EGC EGC Gold,,,,,EGC EGC Gold,Henry V.,10,,False,,,,,https://www.revolutionise.com.au/hockeyballarat/game/2524216,2026-05-17 00:59:13
Under 11 Open,Round 5,Sat 30 May 2026,08:00,Prince of Wales Park - 1/2 Pitch South,Bobcats Bobcats White,EGC EGC Gold,,,,,EGC EGC Gold,Imogen C.,13,,False,,,,,https://www.revolutionise.com.au/hockeyballarat/game/2524216,2026-05-17 00:59:13
Under 11 Open,Round 5,Sat 30 May 2026,08:00,Prince of Wales Park - 1/2 Pitch South,Bobcats Bobcats White,EGC EGC Gold,,,,,EGC EGC Gold,Indiana K.,1,Goalkeeper,False,,,,,https://www.revolutionise.com.au/hockeyballarat/game/2524216,2026-05-17 00:59:13
Under 11 Open,Round 5,Sat 30 May 2026,08:00,Prince of Wales Park - 1/2 Pitch South,Bobcats Bobcats White,EGC EGC Gold,,,,,EGC EGC Gold,Lyndsay W.,11,,False,,,,,https://www.revolutionise.com.au/hockeyballarat/game/2524216,2026-05-17 00:59:13
Under 11 Open,Round 5,Sat 30 May 2026,08:00,Prince of Wales Park - 1/2 Pitch South,Bobcats Bobcats White,EGC EGC Gold,,,,,EGC EGC Gold,Marta V.,56,,False,,,,,https://www.revolutionise.com.au/hockeyballarat/game/2524216,2026-05-17 00:59:13
Under 11 Open,Round 5,Sat 30 May 2026,08:00,Prince of Wales Park - 1/2 Pitch South,Bobcats Bobcats White,EGC EGC Gold,,,,,EGC EGC Gold,Sonny D.,22,,False,,,,,https://www.revolutionise.com.au/hockeyballarat/game/2524216,2026-05-17 00:59:13
Under 11 Open,Round 5,Sat 30 May 2026,08:00,Prince of Wales Park - 1/2 Pitch North,Blaze U11 Blaze Orange,Blaze U11 Blaze Pink,,,,,Blaze U11 Blaze Orange,Annie L.,,,False,,,,,https://www.revolutionise.com.au/hockeyballarat/game/2524217,2026-05-17 00:59:15
Under 11 Open,Round 5,Sat 30 May 2026,08:00,Prince of Wales Park - 1/2 Pitch North,Blaze U11 Blaze Orange,Blaze U11 Blaze Pink,,,,,Blaze U11 Blaze Orange,Eli S.,3,,False,,,,,https://www.revolutionise.com.au/hockeyballarat/game/2524217,2026-05-17 00:59:15
Under 11 Open,Round 5,Sat 30 May 2026,08:00,Prince of Wales Park - 1/2 Pitch North,Blaze U11 Blaze Orange,Blaze U11 Blaze Pink,,,,,Blaze U11 Blaze Orange,Finlay W.,4,,False,,,,,https://www.revolutionise.com.au/hockeyballarat/game/2524217,2026-05-17 00:59:15
Under 11 Open,Round 5,Sat 30 May 2026,08:00,Prince of Wales Park - 1/2 Pitch North,Blaze U11 Blaze Orange,Blaze U11 Blaze Pink,,,,,Blaze U11 Blaze Orange,Harper N.,6,,False,,,,,https://www.revolutionise.com.au/hockeyballarat/game/2524217,2026-05-17 00:59:15
Under 11 Open,Round 5,Sat 30 May 2026,08:00,Prince of Wales Park - 1/2 Pitch North,Blaze U11 Blaze Orange,Blaze U11 Blaze Pink,,,,,Blaze U11 Blaze Orange,Matilda A.,8,,False,,,,,https://www.revolutionise.com.au/hockeyballarat/game/2524217,2026-05-17 00:59:15
Under 11 Open,Round 5,Sat 30 May 2026,08:00,Prince of Wales Park - 1/2 Pitch North,Blaze U11 Blaze Orange,Blaze U11 Blaze Pink,,,,,Blaze U11 Blaze Orange,Oscar W.,5,,False,,,,,https://www.revolutionise.com.au/hockeyballarat/game/2524217,2026-05-17 00:59:15
Under 11 Open,Round 5,Sat 30 May 2026,08:00,Prince of Wales Park - 1/2 Pitch North,Blaze U11 Blaze Orange,Blaze U11 Blaze Pink,,,,,Blaze U11 Blaze Orange,Scarlett N.,,,False,,,,,https://www.revolutionise.com.au/hockeyballarat/game/2524217,2026-05-17 00:59:15
Under 11 Open,Round 5,Sat 30 May 2026,08:00,Prince of Wales Park - 1/2 Pitch North,Blaze U11 Blaze Orange,Blaze U11 Blaze Pink,,,,,Blaze U11 Blaze Orange,Theo L.,2,,False,,,,,https://www.revolutionise.com.au/hockeyballarat/game/2524217,2026-05-17 00:59:15
Under 11 Open,Round 5,Sat 30 May 2026,08:00,Prince of Wales Park - 1/2 Pitch North,Blaze U11 Blaze Orange,Blaze U11 Blaze Pink,,,,,Blaze U11 Blaze Pink,Fred R.,,,False,,,,,https://www.revolutionise.com.au/hockeyballarat/game/2524217,2026-05-17 00:59:15
Under 11 Open,Round 5,Sat 30 May 2026,08:00,Prince of Wales Park - 1/2 Pitch North,Blaze U11 Blaze Orange,Blaze U11 Blaze Pink,,,,,Blaze U11 Blaze Pink,Hamish S.,6,,False,,,,,https://www.revolutionise.com.au/hockeyballarat/game/2524217,2026-05-17 00:59:15
Under 11 Open,Round 5,Sat 30 May 2026,08:00,Prince of Wales Park - 1/2 Pitch North,Blaze U11 Blaze Orange,Blaze U11 Blaze Pink,,,,,Blaze U11 Blaze Pink,Louis R.,5,,False,,,,,https://www.revolutionise.com.au/hockeyballarat/game/2524217,2026-05-17 00:59:15
Under 11 Open,Round 5,Sat 30 May 2026,08:00,Prince of Wales Park - 1/2 Pitch North,Blaze U11 Blaze Orange,Blaze U11 Blaze Pink,,,,,Blaze U11 Blaze Pink,Lucy S.,2,,False,,,,,https://www.revolutionise.com.au/hockeyballarat/game/2524217,2026-05-17 00:59:15
Under 11 Open,Round 5,Sat 30 May 2026,08:00,Prince of Wales Park - 1/2 Pitch North,Blaze U11 Blaze Orange,Blaze U11 Blaze Pink,,,,,Blaze U11 Blaze Pink,Maggie S.,3,,False,,,,,https://www.revolutionise.com.au/hockeyballarat/game/2524217,2026-05-17 00:59:15
Under 11 Open,Round 5,Sat 30 May 2026,08:00,Prince of Wales Park - 1/2 Pitch North,Blaze U11 Blaze Orange,Blaze U11 Blaze Pink,,,,,Blaze U11 Blaze Pink,Neve W.,7,,False,,,,,https://www.revolutionise.com.au/hockeyballarat/game/2524217,2026-05-17 00:59:15
Under 11 Open,Round 5,Sat 30 May 2026,08:00,Prince of Wales Park - 1/2 Pitch North,Blaze U11 Blaze Orange,Blaze U11 Blaze Pink,,,,,Blaze U11 Blaze Pink,Nina R.,4,,False,,,,,https://www.revolutionise.com.au/hockeyballarat/game/2524217,2026-05-17 00:59:15
Under 11 Open,Round 5,Sat 30 May 2026,08:50,Prince of Wales Park,EGC EGC Blue,Bobcats Bobcats Maroon,,,,,EGC EGC Blue,Alec H.,30,,False,,,,,https://www.revolutionise.com.au/hockeyballarat/game/2524220,2026-05-17 00:59:17
Under 11 Open,Round 5,Sat 30 May 2026,08:50,Prince of Wales Park,EGC EGC Blue,Bobcats Bobcats Maroon,,,,,EGC EGC Blue,Alfred P.,3,,False,,,,,https://www.revolutionise.com.au/hockeyballarat/game/2524220,2026-05-17 00:59:17
Under 11 Open,Round 5,Sat 30 May 2026,08:50,Prince of Wales Park,EGC EGC Blue,Bobcats Bobcats Maroon,,,,,EGC EGC Blue,Arthur S.,7,,False,,,,,https://www.revolutionise.com.au/hockeyballarat/game/2524220,2026-05-17 00:59:17
Under 11 Open,Round 5,Sat 30 May 2026,08:50,Prince of Wales Park,EGC EGC Blue,Bobcats Bobcats Maroon,,,,,EGC EGC Blue,Elliot B.,15,,False,,,,,https://www.revolutionise.com.au/hockeyballarat/game/2524220,2026-05-17 00:59:17
Under 11 Open,Round 5,Sat 30 May 2026,08:50,Prince of Wales Park,EGC EGC Blue,Bobcats Bobcats Maroon,,,,,EGC EGC Blue,Ginger R.,25,,False,,,,,https://www.revolutionise.com.au/hockeyballarat/game/2524220,2026-05-17 00:59:17
Under 11 Open,Round 5,Sat 30 May 2026,08:50,Prince of Wales Park,EGC EGC Blue,Bobcats Bobcats Maroon,,,,,EGC EGC Blue,Hamish S.,50,,False,,,,,https://www.revolutionise.com.au/hockeyballarat/game/2524220,2026-05-17 00:59:17
Under 11 Open,Round 5,Sat 30 May 2026,08:50,Prince of Wales Park,EGC EGC Blue,Bobcats Bobcats Maroon,,,,,EGC EGC Blue,Leo S.,34,,False,,,,,https://www.revolutionise.com.au/hockeyballarat/game/2524220,2026-05-17 00:59:17
Under 11 Open,Round 5,Sat 30 May 2026,08:50,Prince of Wales Park,EGC EGC Blue,Bobcats Bobcats Maroon,,,,,EGC EGC Blue,Ruhi K.,2,,False,,,,,https://www.revolutionise.com.au/hockeyballarat/game/2524220,2026-05-17 00:59:17
Under 11 Open,Round 5,Sat 30 May 2026,08:50,Prince of Wales Park,EGC EGC Blue,Bobcats Bobcats Maroon,,,,,EGC EGC Blue,Sophia S.,49,,False,,,,,https://www.revolutionise.com.au/hockeyballarat/game/2524220,2026-05-17 00:59:17
Under 11 Open,Round 5,Sat 30 May 2026,08:50,Prince of Wales Park,EGC EGC Blue,Bobcats Bobcats Maroon,,,,,EGC EGC Blue,Sullivan K.,6,,False,,,,,https://www.revolutionise.com.au/hockeyballarat/game/2524220,2026-05-17 00:59:17
Under 11 Open,Round 5,Sat 30 May 2026,08:50,Prince of Wales Park,EGC EGC Blue,Bobcats Bobcats Maroon,,,,,EGC EGC Blue,Willow P.,66,,False,,,,,https://www.revolutionise.com.au/hockeyballarat/game/2524220,2026-05-17 00:59:17
Under 11 Open,Round 5,Sat 30 May 2026,08:50,Prince of Wales Park,EGC EGC Blue,Bobcats Bobcats Maroon,,,,,Bobcats Bobcats Maroon,Angus k.,4,,False,,,,,https://www.revolutionise.com.au/hockeyballarat/game/2524220,2026-05-17 00:59:17
Under 11 Open,Round 5,Sat 30 May 2026,08:50,Prince of Wales Park,EGC EGC Blue,Bobcats Bobcats Maroon,,,,,Bobcats Bobcats Maroon,Colton N.,,,False,,,,,https://www.revolutionise.com.au/hockeyballarat/game/2524220,2026-05-17 00:59:17
Under 11 Open,Round 5,Sat 30 May 2026,08:50,Prince of Wales Park,EGC EGC Blue,Bobcats Bobcats Maroon,,,,,Bobcats Bobcats Maroon,Felix W.,7,,False,,,,,https://www.revolutionise.com.au/hockeyballarat/game/2524220,2026-05-17 00:59:17
Under 11 Open,Round 5,Sat 30 May 2026,08:50,Prince of Wales Park,EGC EGC Blue,Bobcats Bobcats Maroon,,,,,Bobcats Bobcats Maroon,Liam W.,1,,False,,,,,https://www.revolutionise.com.au/hockeyballarat/game/2524220,2026-05-17 00:59:17
Under 11 Open,Round 5,Sat 30 May 2026,08:50,Prince of Wales Park,EGC EGC Blue,Bobcats Bobcats Maroon,,,,,Bobcats Bobcats Maroon,Magnus D.,,,False,,,,,https://www.revolutionise.com.au/hockeyballarat/game/2524220,2026-05-17 00:59:17
Under 11 Open,Round 5,Sat 30 May 2026,08:50,Prince of Wales Park,EGC EGC Blue,Bobcats Bobcats Maroon,,,,,Bobcats Bobcats Maroon,Monty M.,3,,False,,,,,https://www.revolutionise.com.au/hockeyballarat/game/2524220,2026-05-17 00:59:17
Under 11 Open,Round 5,Sat 30 May 2026,08:50,Prince of Wales Park,EGC EGC Blue,Bobcats Bobcats Maroon,,,,,Bobcats Bobcats Maroon,Sam B.,6,,False,,,,,https://www.revolutionise.com.au/hockeyballarat/game/2524220,2026-05-17 00:59:17
Under 11 Open,Round 5,Sat 30 May 2026,08:50,Prince of Wales Park,EGC EGC Blue,Bobcats Bobcats Maroon,,,,,Bobcats Bobcats Maroon,Zephyr W.,,,False,,,,,https://www.revolutionise.com.au/hockeyballarat/game/2524220,2026-05-17 00:59:17
Under 11 Open,Round 5,Sat 30 May 2026,08:50,"John Vernon Field, Ballarat Grammar",Lucas HC U11,Blaze U11 Blaze Black,,,,,Lucas HC U11,Annabelle R.,103,,False,,,,,https://www.revolutionise.com.au/hockeyballarat/game/2524219,2026-05-17 00:59:18
Under 11 Open,Round 5,Sat 30 May 2026,08:50,"John Vernon Field, Ballarat Grammar",Lucas HC U11,Blaze U11 Blaze Black,,,,,Lucas HC U11,Evora D.,100,,False,,,,,https://www.revolutionise.com.au/hockeyballarat/game/2524219,2026-05-17 00:59:18
Under 11 Open,Round 5,Sat 30 May 2026,08:50,"John Vernon Field, Ballarat Grammar",Lucas HC U11,Blaze U11 Blaze Black,,,,,Lucas HC U11,Heidi S.,2,,False,,,,,https://www.revolutionise.com.au/hockeyballarat/game/2524219,2026-05-17 00:59:18
Under 11 Open,Round 5,Sat 30 May 2026,08:50,"John Vernon Field, Ballarat Grammar",Lucas HC U11,Blaze U11 Blaze Black,,,,,Lucas HC U11,Jonathan H.,104,,False,,,,,https://www.revolutionise.com.au/hockeyballarat/game/2524219,2026-05-17 00:59:18
Under 11 Open,Round 5,Sat 30 May 2026,08:50,"John Vernon Field, Ballarat Grammar",Lucas HC U11,Blaze U11 Blaze Black,,,,,Lucas HC U11,Jonte P.,102,,False,,,,,https://www.revolutionise.com.au/hockeyballarat/game/2524219,2026-05-17 00:59:18
Under 11 Open,Round 5,Sat 30 May 2026,08:50,"John Vernon Field, Ballarat Grammar",Lucas HC U11,Blaze U11 Blaze Black,,,,,Lucas HC U11,Kushil Reddy N.,69,,False,,,,,https://www.revolutionise.com.au/hockeyballarat/game/2524219,2026-05-17 00:59:18
Under 11 Open,Round 5,Sat 30 May 2026,08:50,"John Vernon Field, Ballarat Grammar",Lucas HC U11,Blaze U11 Blaze Black,,,,,Lucas HC U11,Noah G.,101,,False,,,,,https://www.revolutionise.com.au/hockeyballarat/game/2524219,2026-05-17 00:59:18
Under 11 Open,Round 5,Sat 30 May 2026,08:50,"John Vernon Field, Ballarat Grammar",Lucas HC U11,Blaze U11 Blaze Black,,,,,Lucas HC U11,Ruby H.,105,,False,,,,,https://www.revolutionise.com.au/hockeyballarat/game/2524219,2026-05-17 00:59:18
Under 11 Open,Round 5,Sat 30 May 2026,08:50,"John Vernon Field, Ballarat Grammar",Lucas HC U11,Blaze U11 Blaze Black,,,,,Blaze U11 Blaze Black,Archer R.,6,,False,,,,,https://www.revolutionise.com.au/hockeyballarat/game/2524219,2026-05-17 00:59:18
Under 11 Open,Round 5,Sat 30 May 2026,08:50,"John Vernon Field, Ballarat Grammar",Lucas HC U11,Blaze U11 Blaze Black,,,,,Blaze U11 Blaze Black,Charlie V.,3,,False,,,,,https://www.revolutionise.com.au/hockeyballarat/game/2524219,2026-05-17 00:59:18
Under 11 Open,Round 5,Sat 30 May 2026,08:50,"John Vernon Field, Ballarat Grammar",Lucas HC U11,Blaze U11 Blaze Black,,,,,Blaze U11 Blaze Black,Gus A.,2,,False,,,,,https://www.revolutionise.com.au/hockeyballarat/game/2524219,2026-05-17 00:59:18
Under 11 Open,Round 5,Sat 30 May 2026,08:50,"John Vernon Field, Ballarat Grammar",Lucas HC U11,Blaze U11 Blaze Black,,,,,Blaze U11 Blaze Black,Hamish M.,1,,False,,,,,https://www.revolutionise.com.au/hockeyballarat/game/2524219,2026-05-17 00:59:18
Under 11 Open,Round 5,Sat 30 May 2026,08:50,"John Vernon Field, Ballarat Grammar",Lucas HC U11,Blaze U11 Blaze Black,,,,,Blaze U11 Blaze Black,Hazel E.,,,False,,,,,https://www.revolutionise.com.au/hockeyballarat/game/2524219,2026-05-17 00:59:18
Under 11 Open,Round 5,Sat 30 May 2026,08:50,"John Vernon Field, Ballarat Grammar",Lucas HC U11,Blaze U11 Blaze Black,,,,,Blaze U11 Blaze Black,Penny E.,7,,False,,,,,https://www.revolutionise.com.au/hockeyballarat/game/2524219,2026-05-17 00:59:18
Under 11 Open,Round 5,Sat 30 May 2026,08:50,"John Vernon Field, Ballarat Grammar",Lucas HC U11,Blaze U11 Blaze Black,,,,,Blaze U11 Blaze Black,Roman B.,4,,False,,,,,https://www.revolutionise.com.au/hockeyballarat/game/2524219,2026-05-17 00:59:18
Under 11 Open,Round 5,Sat 30 May 2026,08:50,"John Vernon Field, Ballarat Grammar",Blaze U11 Blaze Red,Blaze U11 Blaze Yellow,,,,,Blaze U11 Blaze Red,Amy M.,3,,False,,,,,https://www.revolutionise.com.au/hockeyballarat/game/2524218,2026-05-17 00:59:20
Under 11 Open,Round 5,Sat 30 May 2026,08:50,"John Vernon Field, Ballarat Grammar",Blaze U11 Blaze Red,Blaze U11 Blaze Yellow,,,,,Blaze U11 Blaze Red,Audrey G.,7,,False,,,,,https://www.revolutionise.com.au/hockeyballarat/game/2524218,2026-05-17 00:59:20
Under 11 Open,Round 5,Sat 30 May 2026,08:50,"John Vernon Field, Ballarat Grammar",Blaze U11 Blaze Red,Blaze U11 Blaze Yellow,,,,,Blaze U11 Blaze Red,Edith F.,1,,False,,,,,https://www.revolutionise.com.au/hockeyballarat/game/2524218,2026-05-17 00:59:20
Under 11 Open,Round 5,Sat 30 May 2026,08:50,"John Vernon Field, Ballarat Grammar",Blaze U11 Blaze Red,Blaze U11 Blaze Yellow,,,,,Blaze U11 Blaze Red,Harley J.,,,False,,,,,https://www.revolutionise.com.au/hockeyballarat/game/2524218,2026-05-17 00:59:20
Under 11 Open,Round 5,Sat 30 May 2026,08:50,"John Vernon Field, Ballarat Grammar",Blaze U11 Blaze Red,Blaze U11 Blaze Yellow,,,,,Blaze U11 Blaze Red,Toby G.,6,,False,,,,,https://www.revolutionise.com.au/hockeyballarat/game/2524218,2026-05-17 00:59:20
Under 11 Open,Round 5,Sat 30 May 2026,08:50,"John Vernon Field, Ballarat Grammar",Blaze U11 Blaze Red,Blaze U11 Blaze Yellow,,,,,Blaze U11 Blaze Red,Zara M.,5,,False,,,,,https://www.revolutionise.com.au/hockeyballarat/game/2524218,2026-05-17 00:59:20
Under 11 Open,Round 5,Sat 30 May 2026,08:50,"John Vernon Field, Ballarat Grammar",Blaze U11 Blaze Red,Blaze U11 Blaze Yellow,,,,,Blaze U11 Blaze Yellow,Albie H.,3,,False,,,,,https://www.revolutionise.com.au/hockeyballarat/game/2524218,2026-05-17 00:59:20
Under 11 Open,Round 5,Sat 30 May 2026,08:50,"John Vernon Field, Ballarat Grammar",Blaze U11 Blaze Red,Blaze U11 Blaze Yellow,,,,,Blaze U11 Blaze Yellow,Anneka W.,6,,False,,,,,https://www.revolutionise.com.au/hockeyballarat/game/2524218,2026-05-17 00:59:20
Under 11 Open,Round 5,Sat 30 May 2026,08:50,"John Vernon Field, Ballarat Grammar",Blaze U11 Blaze Red,Blaze U11 Blaze Yellow,,,,,Blaze U11 Blaze Yellow,Everleigh J.,1,,False,,,,,https://www.revolutionise.com.au/hockeyballarat/game/2524218,2026-05-17 00:59:20
Under 11 Open,Round 5,Sat 30 May 2026,08:50,"John Vernon Field, Ballarat Grammar",Blaze U11 Blaze Red,Blaze U11 Blaze Yellow,,,,,Blaze U11 Blaze Yellow,Henry M.,7,,False,,,,,https://www.revolutionise.com.au/hockeyballarat/game/2524218,2026-05-17 00:59:20
Under 11 Open,Round 5,Sat 30 May 2026,08:50,"John Vernon Field, Ballarat Grammar",Blaze U11 Blaze Red,Blaze U11 Blaze Yellow,,,,,Blaze U11 Blaze Yellow,Isabel S.,,,False,,,,,https://www.revolutionise.com.au/hockeyballarat/game/2524218,2026-05-17 00:59:20
Under 11 Open,Round 5,Sat 30 May 2026,08:50,"John Vernon Field, Ballarat Grammar",Blaze U11 Blaze Red,Blaze U11 Blaze Yellow,,,,,Blaze U11 Blaze Yellow,Xavier J.,2,,False,,,,,https://www.revolutionise.com.au/hockeyballarat/game/2524218,2026-05-17 00:59:20
Under 11 Open,Round 5,Sat 30 May 2026,08:50,"John Vernon Field, Ballarat Grammar",Blaze U11 Blaze Red,Blaze U11 Blaze Yellow,,,,,Blaze U11 Blaze Yellow,Yuma H.,4,,False,,,,,https://www.revolutionise.com.au/hockeyballarat/game/2524218,2026-05-17 00:59:20
Under 14 Open,Round 2,Sat 02 May 2026,10:00,Prince of Wales Park,Blaze U14 Blaze Orange,Bobcats U14,9,0,Ethan Oldaker,Mitchell Stevens,Blaze U14 Blaze Orange,Abbie B.,,,True,,,,,https://www.revolutionise.com.au/hockeyballarat/game/2524239,2026-05-17 00:59:26
Under 14 Open,Round 2,Sat 02 May 2026,10:00,Prince of Wales Park,Blaze U14 Blaze Orange,Bobcats U14,9,0,Ethan Oldaker,Mitchell Stevens,Blaze U14 Blaze Orange,Amelia K.,,,True,,,,,https://www.revolutionise.com.au/hockeyballarat/game/2524239,2026-05-17 00:59:26
Under 14 Open,Round 2,Sat 02 May 2026,10:00,Prince of Wales Park,Blaze U14 Blaze Orange,Bobcats U14,9,0,Ethan Oldaker,Mitchell Stevens,Blaze U14 Blaze Orange,Archie M.,,,True,,,,,https://www.revolutionise.com.au/hockeyballarat/game/2524239,2026-05-17 00:59:26
Under 14 Open,Round 2,Sat 02 May 2026,10:00,Prince of Wales Park,Blaze U14 Blaze Orange,Bobcats U14,9,0,Ethan Oldaker,Mitchell Stevens,Blaze U14 Blaze Orange,Aria Q.,,,True,,,,,https://www.revolutionise.com.au/hockeyballarat/game/2524239,2026-05-17 00:59:26
Under 14 Open,Round 2,Sat 02 May 2026,10:00,Prince of Wales Park,Blaze U14 Blaze Orange,Bobcats U14,9,0,Ethan Oldaker,Mitchell Stevens,Blaze U14 Blaze Orange,Brandon S.,,,True,,,,,https://www.revolutionise.com.au/hockeyballarat/game/2524239,2026-05-17 00:59:26
Under 14 Open,Round 2,Sat 02 May 2026,10:00,Prince of Wales Park,Blaze U14 Blaze Orange,Bobcats U14,9,0,Ethan Oldaker,Mitchell Stevens,Blaze U14 Blaze Orange,Eli S.,,,True,,,,,https://www.revolutionise.com.au/hockeyballarat/game/2524239,2026-05-17 00:59:26
Under 14 Open,Round 2,Sat 02 May 2026,10:00,Prince of Wales Park,Blaze U14 Blaze Orange,Bobcats U14,9,0,Ethan Oldaker,Mitchell Stevens,Blaze U14 Blaze Orange,Elizabeth B.,8,,True,,,,,https://www.revolutionise.com.au/hockeyballarat/game/2524239,2026-05-17 00:59:26
Under 14 Open,Round 2,Sat 02 May 2026,10:00,Prince of Wales Park,Blaze U14 Blaze Orange,Bobcats U14,9,0,Ethan Oldaker,Mitchell Stevens,Blaze U14 Blaze Orange,Jackson M.,7,,True,2,,,,https://www.revolutionise.com.au/hockeyballarat/game/2524239,2026-05-17 00:59:26
Under 14 Open,Round 2,Sat 02 May 2026,10:00,Prince of Wales Park,Blaze U14 Blaze Orange,Bobcats U14,9,0,Ethan Oldaker,Mitchell Stevens,Blaze U14 Blaze Orange,Lukas H.,,Goalkeeper,True,,,,,https://www.revolutionise.com.au/hockeyballarat/game/2524239,2026-05-17 00:59:26
Under 14 Open,Round 2,Sat 02 May 2026,10:00,Prince of Wales Park,Blaze U14 Blaze Orange,Bobcats U14,9,0,Ethan Oldaker,Mitchell Stevens,Blaze U14 Blaze Orange,Michael E.,,,True,,,,,https://www.revolutionise.com.au/hockeyballarat/game/2524239,2026-05-17 00:59:26
Under 14 Open,Round 2,Sat 02 May 2026,10:00,Prince of Wales Park,Blaze U14 Blaze Orange,Bobcats U14,9,0,Ethan Oldaker,Mitchell Stevens,Blaze U14 Blaze Orange,Roy R.,,,True,3,,,,https://www.revolutionise.com.au/hockeyballarat/game/2524239,2026-05-17 00:59:26
Under 14 Open,Round 2,Sat 02 May 2026,10:00,Prince of Wales Park,Blaze U14 Blaze Orange,Bobcats U14,9,0,Ethan Oldaker,Mitchell Stevens,Blaze U14 Blaze Orange,Safia H.,,,True,,,,,https://www.revolutionise.com.au/hockeyballarat/game/2524239,2026-05-17 00:59:26
Under 14 Open,Round 2,Sat 02 May 2026,10:00,Prince of Wales Park,Blaze U14 Blaze Orange,Bobcats U14,9,0,Ethan Oldaker,Mitchell Stevens,Blaze U14 Blaze Orange,Sebastian H.,,,True,4,,,,https://www.revolutionise.com.au/hockeyballarat/game/2524239,2026-05-17 00:59:26
Under 14 Open,Round 2,Sat 02 May 2026,10:00,Prince of Wales Park,Blaze U14 Blaze Orange,Bobcats U14,9,0,Ethan Oldaker,Mitchell Stevens,Blaze U14 Blaze Orange,Theodore R.,,,False,,,,,https://www.revolutionise.com.au/hockeyballarat/game/2524239,2026-05-17 00:59:26
Under 14 Open,Round 2,Sat 02 May 2026,10:00,Prince of Wales Park,Blaze U14 Blaze Orange,Bobcats U14,9,0,Ethan Oldaker,Mitchell Stevens,Blaze U14 Blaze Orange,Willow R.,,,True,,,,,https://www.revolutionise.com.au/hockeyballarat/game/2524239,2026-05-17 00:59:26
Under 14 Open,Round 2,Sat 02 May 2026,10:00,Prince of Wales Park,Blaze U14 Blaze Orange,Bobcats U14,9,0,Ethan Oldaker,Mitchell Stevens,Bobcats U14,Ada O.,138,,True,,,,,https://www.revolutionise.com.au/hockeyballarat/game/2524239,2026-05-17 00:59:26
Under 14 Open,Round 2,Sat 02 May 2026,10:00,Prince of Wales Park,Blaze U14 Blaze Orange,Bobcats U14,9,0,Ethan Oldaker,Mitchell Stevens,Bobcats U14,Aenid W.,,,True,,,,,https://www.revolutionise.com.au/hockeyballarat/game/2524239,2026-05-17 00:59:26
Under 14 Open,Round 2,Sat 02 May 2026,10:00,Prince of Wales Park,Blaze U14 Blaze Orange,Bobcats U14,9,0,Ethan Oldaker,Mitchell Stevens,Bobcats U14,Bridie D.,9,,True,,,,,https://www.revolutionise.com.au/hockeyballarat/game/2524239,2026-05-17 00:59:26
Under 14 Open,Round 2,Sat 02 May 2026,10:00,Prince of Wales Park,Blaze U14 Blaze Orange,Bobcats U14,9,0,Ethan Oldaker,Mitchell Stevens,Bobcats U14,Eliza Y.,155,,True,,,,,https://www.revolutionise.com.au/hockeyballarat/game/2524239,2026-05-17 00:59:26
Under 14 Open,Round 2,Sat 02 May 2026,10:00,Prince of Wales Park,Blaze U14 Blaze Orange,Bobcats U14,9,0,Ethan Oldaker,Mitchell Stevens,Bobcats U14,Henry J.,131,,True,,,,,https://www.revolutionise.com.au/hockeyballarat/game/2524239,2026-05-17 00:59:26
Under 14 Open,Round 2,Sat 02 May 2026,10:00,Prince of Wales Park,Blaze U14 Blaze Orange,Bobcats U14,9,0,Ethan Oldaker,Mitchell Stevens,Bobcats U14,James G.,42,,True,,,,,https://www.revolutionise.com.au/hockeyballarat/game/2524239,2026-05-17 00:59:26
Under 14 Open,Round 2,Sat 02 May 2026,10:00,Prince of Wales Park,Blaze U14 Blaze Orange,Bobcats U14,9,0,Ethan Oldaker,Mitchell Stevens,Bobcats U14,James W.,22,,True,,,,,https://www.revolutionise.com.au/hockeyballarat/game/2524239,2026-05-17 00:59:26
Under 14 Open,Round 2,Sat 02 May 2026,10:00,Prince of Wales Park,Blaze U14 Blaze Orange,Bobcats U14,9,0,Ethan Oldaker,Mitchell Stevens,Bobcats U14,Nate J.,156,,True,,,,,https://www.revolutionise.com.au/hockeyballarat/game/2524239,2026-05-17 00:59:26
Under 14 Open,Round 2,Sat 02 May 2026,10:00,Prince of Wales Park,Blaze U14 Blaze Orange,Bobcats U14,9,0,Ethan Oldaker,Mitchell Stevens,Bobcats U14,Oryst P.,10,,False,,,,,https://www.revolutionise.com.au/hockeyballarat/game/2524239,2026-05-17 00:59:26
Under 14 Open,Round 2,Sat 02 May 2026,10:00,Prince of Wales Park,Blaze U14 Blaze Orange,Bobcats U14,9,0,Ethan Oldaker,Mitchell Stevens,Bobcats U14,Pippa L.,91,,True,,,,,https://www.revolutionise.com.au/hockeyballarat/game/2524239,2026-05-17 00:59:26
Under 14 Open,Round 2,Sat 02 May 2026,10:00,Prince of Wales Park,Blaze U14 Blaze Orange,Bobcats U14,9,0,Ethan Oldaker,Mitchell Stevens,Bobcats U14,Ruaridh S.,129,,True,,,,,https://www.revolutionise.com.au/hockeyballarat/game/2524239,2026-05-17 00:59:26
Under 14 Open,Round 2,Sat 02 May 2026,10:00,Prince of Wales Park,Blaze U14 Blaze Orange,Bobcats U14,9,0,Ethan Oldaker,Mitchell Stevens,Bobcats U14,Zahra O.,1,Goalkeeper,True,,,,,https://www.revolutionise.com.au/hockeyballarat/game/2524239,2026-05-17 00:59:26
Under 14 Open,Round 2,Sat 02 May 2026,10:00,Prince of Wales Park,Blaze U14 Blaze Orange,Bobcats U14,9,0,Ethan Oldaker,Mitchell Stevens,Bobcats U14,Emily L.,,,True,,,,,https://www.revolutionise.com.au/hockeyballarat/game/2524239,2026-05-17 00:59:26
Under 14 Open,Round 2,Sat 02 May 2026,10:00,Prince of Wales Park,Blaze U14 Blaze Orange,Bobcats U14,9,0,Ethan Oldaker,Mitchell Stevens,Bobcats U14,Ondine S.,,,True,,,,,https://www.revolutionise.com.au/hockeyballarat/game/2524239,2026-05-17 00:59:26
Under 14 Open,Round 2,Sat 02 May 2026,10:00,Prince of Wales Park,Blaze U14 Blaze Orange,Bobcats U14,9,0,Ethan Oldaker,Mitchell Stevens,Bobcats U14,Seth K.,,,True,,,,,https://www.revolutionise.com.au/hockeyballarat/game/2524239,2026-05-17 00:59:26
Under 14 Open,Round 2,Sat 02 May 2026,10:00,"John Vernon Field, Ballarat Grammar",EGC,Lucas HC U14,2,3,Harley Shepherd,Lachlan Hargreaves,EGC,Divjot k.,57,,True,,,,,https://www.revolutionise.com.au/hockeyballarat/game/2524238,2026-05-17 00:59:27
Under 14 Open,Round 2,Sat 02 May 2026,10:00,"John Vernon Field, Ballarat Grammar",EGC,Lucas HC U14,2,3,Harley Shepherd,Lachlan Hargreaves,EGC,Edmund H.,95,,True,,,,,https://www.revolutionise.com.au/hockeyballarat/game/2524238,2026-05-17 00:59:27
Under 14 Open,Round 2,Sat 02 May 2026,10:00,"John Vernon Field, Ballarat Grammar",EGC,Lucas HC U14,2,3,Harley Shepherd,Lachlan Hargreaves,EGC,Emily D.,47,,True,,,,,https://www.revolutionise.com.au/hockeyballarat/game/2524238,2026-05-17 00:59:27
Under 14 Open,Round 2,Sat 02 May 2026,10:00,"John Vernon Field, Ballarat Grammar",EGC,Lucas HC U14,2,3,Harley Shepherd,Lachlan Hargreaves,EGC,Harriet L.,54,,True,,,,,https://www.revolutionise.com.au/hockeyballarat/game/2524238,2026-05-17 00:59:27
Under 14 Open,Round 2,Sat 02 May 2026,10:00,"John Vernon Field, Ballarat Grammar",EGC,Lucas HC U14,2,3,Harley Shepherd,Lachlan Hargreaves,EGC,Harry P.,74,,True,,,,,https://www.revolutionise.com.au/hockeyballarat/game/2524238,2026-05-17 00:59:27
Under 14 Open,Round 2,Sat 02 May 2026,10:00,"John Vernon Field, Ballarat Grammar",EGC,Lucas HC U14,2,3,Harley Shepherd,Lachlan Hargreaves,EGC,Jacob F.,88,,True,,,,,https://www.revolutionise.com.au/hockeyballarat/game/2524238,2026-05-17 00:59:27
Under 14 Open,Round 2,Sat 02 May 2026,10:00,"John Vernon Field, Ballarat Grammar",EGC,Lucas HC U14,2,3,Harley Shepherd,Lachlan Hargreaves,EGC,James R.,100,,True,,,,,https://www.revolutionise.com.au/hockeyballarat/game/2524238,2026-05-17 00:59:27
Under 14 Open,Round 2,Sat 02 May 2026,10:00,"John Vernon Field, Ballarat Grammar",EGC,Lucas HC U14,2,3,Harley Shepherd,Lachlan Hargreaves,EGC,Jimmy V.,85,,False,,,,,https://www.revolutionise.com.au/hockeyballarat/game/2524238,2026-05-17 00:59:27
Under 14 Open,Round 2,Sat 02 May 2026,10:00,"John Vernon Field, Ballarat Grammar",EGC,Lucas HC U14,2,3,Harley Shepherd,Lachlan Hargreaves,EGC,Lewis R.,29,,True,,,,,https://www.revolutionise.com.au/hockeyballarat/game/2524238,2026-05-17 00:59:27
Under 14 Open,Round 2,Sat 02 May 2026,10:00,"John Vernon Field, Ballarat Grammar",EGC,Lucas HC U14,2,3,Harley Shepherd,Lachlan Hargreaves,EGC,Mateo M.,62,,True,,,,,https://www.revolutionise.com.au/hockeyballarat/game/2524238,2026-05-17 00:59:27
Under 14 Open,Round 2,Sat 02 May 2026,10:00,"John Vernon Field, Ballarat Grammar",EGC,Lucas HC U14,2,3,Harley Shepherd,Lachlan Hargreaves,EGC,Rohaan D.,99,,True,,,,,https://www.revolutionise.com.au/hockeyballarat/game/2524238,2026-05-17 00:59:27
Under 14 Open,Round 2,Sat 02 May 2026,10:00,"John Vernon Field, Ballarat Grammar",EGC,Lucas HC U14,2,3,Harley Shepherd,Lachlan Hargreaves,EGC,Savenya A.,78,,True,,,,,https://www.revolutionise.com.au/hockeyballarat/game/2524238,2026-05-17 00:59:27
Under 14 Open,Round 2,Sat 02 May 2026,10:00,"John Vernon Field, Ballarat Grammar",EGC,Lucas HC U14,2,3,Harley Shepherd,Lachlan Hargreaves,EGC,Sophia S.,49,,True,,,,,https://www.revolutionise.com.au/hockeyballarat/game/2524238,2026-05-17 00:59:27
Under 14 Open,Round 2,Sat 02 May 2026,10:00,"John Vernon Field, Ballarat Grammar",EGC,Lucas HC U14,2,3,Harley Shepherd,Lachlan Hargreaves,EGC,Thomas C.,9,,True,,,,,https://www.revolutionise.com.au/hockeyballarat/game/2524238,2026-05-17 00:59:27
Under 14 Open,Round 2,Sat 02 May 2026,10:00,"John Vernon Field, Ballarat Grammar",EGC,Lucas HC U14,2,3,Harley Shepherd,Lachlan Hargreaves,EGC,Wilbur C.,46,,True,2,,,,https://www.revolutionise.com.au/hockeyballarat/game/2524238,2026-05-17 00:59:27
Under 14 Open,Round 2,Sat 02 May 2026,10:00,"John Vernon Field, Ballarat Grammar",EGC,Lucas HC U14,2,3,Harley Shepherd,Lachlan Hargreaves,Lucas HC U14,Caleb H.,104,,False,,,,,https://www.revolutionise.com.au/hockeyballarat/game/2524238,2026-05-17 00:59:27
Under 14 Open,Round 2,Sat 02 May 2026,10:00,"John Vernon Field, Ballarat Grammar",EGC,Lucas HC U14,2,3,Harley Shepherd,Lachlan Hargreaves,Lucas HC U14,Goraav Reddy N.,64,,True,,,,,https://www.revolutionise.com.au/hockeyballarat/game/2524238,2026-05-17 00:59:27
Under 14 Open,Round 2,Sat 02 May 2026,10:00,"John Vernon Field, Ballarat Grammar",EGC,Lucas HC U14,2,3,Harley Shepherd,Lachlan Hargreaves,Lucas HC U14,Heidi S.,2,,True,,,,,https://www.revolutionise.com.au/hockeyballarat/game/2524238,2026-05-17 00:59:27
Under 14 Open,Round 2,Sat 02 May 2026,10:00,"John Vernon Field, Ballarat Grammar",EGC,Lucas HC U14,2,3,Harley Shepherd,Lachlan Hargreaves,Lucas HC U14,Jonte P.,13,,True,,,,,https://www.revolutionise.com.au/hockeyballarat/game/2524238,2026-05-17 00:59:27
Under 14 Open,Round 2,Sat 02 May 2026,10:00,"John Vernon Field, Ballarat Grammar",EGC,Lucas HC U14,2,3,Harley Shepherd,Lachlan Hargreaves,Lucas HC U14,Jordan S.,16,,True,1,,,,https://www.revolutionise.com.au/hockeyballarat/game/2524238,2026-05-17 00:59:27
Under 14 Open,Round 2,Sat 02 May 2026,10:00,"John Vernon Field, Ballarat Grammar",EGC,Lucas HC U14,2,3,Harley Shepherd,Lachlan Hargreaves,Lucas HC U14,Mack H.,103,,True,1,,,,https://www.revolutionise.com.au/hockeyballarat/game/2524238,2026-05-17 00:59:27
Under 14 Open,Round 2,Sat 02 May 2026,10:00,"John Vernon Field, Ballarat Grammar",EGC,Lucas HC U14,2,3,Harley Shepherd,Lachlan Hargreaves,Lucas HC U14,Mietta G.,101,,True,,,,,https://www.revolutionise.com.au/hockeyballarat/game/2524238,2026-05-17 00:59:27
Under 14 Open,Round 2,Sat 02 May 2026,10:00,"John Vernon Field, Ballarat Grammar",EGC,Lucas HC U14,2,3,Harley Shepherd,Lachlan Hargreaves,Lucas HC U14,Morgan E.,100,,True,,,,,https://www.revolutionise.com.au/hockeyballarat/game/2524238,2026-05-17 00:59:27
Under 14 Open,Round 2,Sat 02 May 2026,10:00,"John Vernon Field, Ballarat Grammar",EGC,Lucas HC U14,2,3,Harley Shepherd,Lachlan Hargreaves,Lucas HC U14,Noah G.,102,,False,,,,,https://www.revolutionise.com.au/hockeyballarat/game/2524238,2026-05-17 00:59:27
Under 14 Open,Round 2,Sat 02 May 2026,10:00,"John Vernon Field, Ballarat Grammar",EGC,Lucas HC U14,2,3,Harley Shepherd,Lachlan Hargreaves,Lucas HC U14,Oakley O.,105,,True,1,,,,https://www.revolutionise.com.au/hockeyballarat/game/2524238,2026-05-17 00:59:27
Under 14 Open,Round 2,Sat 02 May 2026,10:00,"John Vernon Field, Ballarat Grammar",EGC,Lucas HC U14,2,3,Harley Shepherd,Lachlan Hargreaves,Lucas HC U14,Ryan P.,106,,True,,,,,https://www.revolutionise.com.au/hockeyballarat/game/2524238,2026-05-17 00:59:27
Under 14 Open,Round 2,Sat 02 May 2026,10:00,"John Vernon Field, Ballarat Grammar",EGC,Lucas HC U14,2,3,Harley Shepherd,Lachlan Hargreaves,Lucas HC U14,Sebastian P.,23,,True,,,,,https://www.revolutionise.com.au/hockeyballarat/game/2524238,2026-05-17 00:59:27
Under 14 Open,Round 2,Sat 02 May 2026,10:00,"John Vernon Field, Ballarat Grammar",EGC,Lucas HC U14,2,3,Harley Shepherd,Lachlan Hargreaves,Lucas HC U14,Xavier P.,72,,True,,,,,https://www.revolutionise.com.au/hockeyballarat/game/2524238,2026-05-17 00:59:27
Under 14 Open,Round 2,Sat 02 May 2026,10:00,"John Vernon Field, Ballarat Grammar",EGC,Lucas HC U14,2,3,Harley Shepherd,Lachlan Hargreaves,Lucas HC U14,Toby D.,,,True,,,,,https://www.revolutionise.com.au/hockeyballarat/game/2524238,2026-05-17 00:59:27
Under 14 Open,Round 3,Sat 09 May 2026,10:00,Prince of Wales Park,Blaze U14 Blaze Orange,EGC,2,0,Harley Shepherd,Quinn McClelland,Blaze U14 Blaze Orange,Abbie B.,,,True,1,,,,https://www.revolutionise.com.au/hockeyballarat/game/2524241,2026-05-17 00:59:30
Under 14 Open,Round 3,Sat 09 May 2026,10:00,Prince of Wales Park,Blaze U14 Blaze Orange,EGC,2,0,Harley Shepherd,Quinn McClelland,Blaze U14 Blaze Orange,Amelia K.,,,True,,,,,https://www.revolutionise.com.au/hockeyballarat/game/2524241,2026-05-17 00:59:30
Under 14 Open,Round 3,Sat 09 May 2026,10:00,Prince of Wales Park,Blaze U14 Blaze Orange,EGC,2,0,Harley Shepherd,Quinn McClelland,Blaze U14 Blaze Orange,Archie M.,,,True,,,,,https://www.revolutionise.com.au/hockeyballarat/game/2524241,2026-05-17 00:59:30
Under 14 Open,Round 3,Sat 09 May 2026,10:00,Prince of Wales Park,Blaze U14 Blaze Orange,EGC,2,0,Harley Shepherd,Quinn McClelland,Blaze U14 Blaze Orange,Aria Q.,,,True,,,,,https://www.revolutionise.com.au/hockeyballarat/game/2524241,2026-05-17 00:59:30
Under 14 Open,Round 3,Sat 09 May 2026,10:00,Prince of Wales Park,Blaze U14 Blaze Orange,EGC,2,0,Harley Shepherd,Quinn McClelland,Blaze U14 Blaze Orange,Brandon S.,,,True,,,,,https://www.revolutionise.com.au/hockeyballarat/game/2524241,2026-05-17 00:59:30
Under 14 Open,Round 3,Sat 09 May 2026,10:00,Prince of Wales Park,Blaze U14 Blaze Orange,EGC,2,0,Harley Shepherd,Quinn McClelland,Blaze U14 Blaze Orange,Eli S.,,,True,,,,,https://www.revolutionise.com.au/hockeyballarat/game/2524241,2026-05-17 00:59:30
Under 14 Open,Round 3,Sat 09 May 2026,10:00,Prince of Wales Park,Blaze U14 Blaze Orange,EGC,2,0,Harley Shepherd,Quinn McClelland,Blaze U14 Blaze Orange,Elizabeth B.,8,,True,,,,,https://www.revolutionise.com.au/hockeyballarat/game/2524241,2026-05-17 00:59:30
Under 14 Open,Round 3,Sat 09 May 2026,10:00,Prince of Wales Park,Blaze U14 Blaze Orange,EGC,2,0,Harley Shepherd,Quinn McClelland,Blaze U14 Blaze Orange,Jackson M.,7,,True,,,,,https://www.revolutionise.com.au/hockeyballarat/game/2524241,2026-05-17 00:59:30
Under 14 Open,Round 3,Sat 09 May 2026,10:00,Prince of Wales Park,Blaze U14 Blaze Orange,EGC,2,0,Harley Shepherd,Quinn McClelland,Blaze U14 Blaze Orange,Lukas H.,,Goalkeeper,True,,,,,https://www.revolutionise.com.au/hockeyballarat/game/2524241,2026-05-17 00:59:30
Under 14 Open,Round 3,Sat 09 May 2026,10:00,Prince of Wales Park,Blaze U14 Blaze Orange,EGC,2,0,Harley Shepherd,Quinn McClelland,Blaze U14 Blaze Orange,Michael E.,,,True,,,,,https://www.revolutionise.com.au/hockeyballarat/game/2524241,2026-05-17 00:59:30
Under 14 Open,Round 3,Sat 09 May 2026,10:00,Prince of Wales Park,Blaze U14 Blaze Orange,EGC,2,0,Harley Shepherd,Quinn McClelland,Blaze U14 Blaze Orange,Roy R.,,,True,,,,,https://www.revolutionise.com.au/hockeyballarat/game/2524241,2026-05-17 00:59:30
Under 14 Open,Round 3,Sat 09 May 2026,10:00,Prince of Wales Park,Blaze U14 Blaze Orange,EGC,2,0,Harley Shepherd,Quinn McClelland,Blaze U14 Blaze Orange,Safia H.,,,True,,,,,https://www.revolutionise.com.au/hockeyballarat/game/2524241,2026-05-17 00:59:30
Under 14 Open,Round 3,Sat 09 May 2026,10:00,Prince of Wales Park,Blaze U14 Blaze Orange,EGC,2,0,Harley Shepherd,Quinn McClelland,Blaze U14 Blaze Orange,Sebastian H.,,,True,1,,,,https://www.revolutionise.com.au/hockeyballarat/game/2524241,2026-05-17 00:59:30
Under 14 Open,Round 3,Sat 09 May 2026,10:00,Prince of Wales Park,Blaze U14 Blaze Orange,EGC,2,0,Harley Shepherd,Quinn McClelland,Blaze U14 Blaze Orange,Theodore R.,,,True,,,,,https://www.revolutionise.com.au/hockeyballarat/game/2524241,2026-05-17 00:59:30
Under 14 Open,Round 3,Sat 09 May 2026,10:00,Prince of Wales Park,Blaze U14 Blaze Orange,EGC,2,0,Harley Shepherd,Quinn McClelland,Blaze U14 Blaze Orange,Willow R.,,,True,,,,,https://www.revolutionise.com.au/hockeyballarat/game/2524241,2026-05-17 00:59:30
Under 14 Open,Round 3,Sat 09 May 2026,10:00,Prince of Wales Park,Blaze U14 Blaze Orange,EGC,2,0,Harley Shepherd,Quinn McClelland,EGC,Divjot k.,57,,True,,,,,https://www.revolutionise.com.au/hockeyballarat/game/2524241,2026-05-17 00:59:30
Under 14 Open,Round 3,Sat 09 May 2026,10:00,Prince of Wales Park,Blaze U14 Blaze Orange,EGC,2,0,Harley Shepherd,Quinn McClelland,EGC,Edmund H.,95,,True,,,,,https://www.revolutionise.com.au/hockeyballarat/game/2524241,2026-05-17 00:59:30
Under 14 Open,Round 3,Sat 09 May 2026,10:00,Prince of Wales Park,Blaze U14 Blaze Orange,EGC,2,0,Harley Shepherd,Quinn McClelland,EGC,Emily D.,47,,True,,,,,https://www.revolutionise.com.au/hockeyballarat/game/2524241,2026-05-17 00:59:30
Under 14 Open,Round 3,Sat 09 May 2026,10:00,Prince of Wales Park,Blaze U14 Blaze Orange,EGC,2,0,Harley Shepherd,Quinn McClelland,EGC,Harriet L.,54,,True,,,,,https://www.revolutionise.com.au/hockeyballarat/game/2524241,2026-05-17 00:59:30
Under 14 Open,Round 3,Sat 09 May 2026,10:00,Prince of Wales Park,Blaze U14 Blaze Orange,EGC,2,0,Harley Shepherd,Quinn McClelland,EGC,Harry P.,74,,True,,,,,https://www.revolutionise.com.au/hockeyballarat/game/2524241,2026-05-17 00:59:30
Under 14 Open,Round 3,Sat 09 May 2026,10:00,Prince of Wales Park,Blaze U14 Blaze Orange,EGC,2,0,Harley Shepherd,Quinn McClelland,EGC,Jacob F.,88,,False,,,,,https://www.revolutionise.com.au/hockeyballarat/game/2524241,2026-05-17 00:59:30
Under 14 Open,Round 3,Sat 09 May 2026,10:00,Prince of Wales Park,Blaze U14 Blaze Orange,EGC,2,0,Harley Shepherd,Quinn McClelland,EGC,James R.,100,,True,,,,,https://www.revolutionise.com.au/hockeyballarat/game/2524241,2026-05-17 00:59:30
Under 14 Open,Round 3,Sat 09 May 2026,10:00,Prince of Wales Park,Blaze U14 Blaze Orange,EGC,2,0,Harley Shepherd,Quinn McClelland,EGC,Jimmy V.,85,,False,,,,,https://www.revolutionise.com.au/hockeyballarat/game/2524241,2026-05-17 00:59:30
Under 14 Open,Round 3,Sat 09 May 2026,10:00,Prince of Wales Park,Blaze U14 Blaze Orange,EGC,2,0,Harley Shepherd,Quinn McClelland,EGC,Lewis R.,29,,True,,,,,https://www.revolutionise.com.au/hockeyballarat/game/2524241,2026-05-17 00:59:30
Under 14 Open,Round 3,Sat 09 May 2026,10:00,Prince of Wales Park,Blaze U14 Blaze Orange,EGC,2,0,Harley Shepherd,Quinn McClelland,EGC,Mateo M.,62,,True,,,,,https://www.revolutionise.com.au/hockeyballarat/game/2524241,2026-05-17 00:59:30
Under 14 Open,Round 3,Sat 09 May 2026,10:00,Prince of Wales Park,Blaze U14 Blaze Orange,EGC,2,0,Harley Shepherd,Quinn McClelland,EGC,Rohaan D.,99,,True,,,,,https://www.revolutionise.com.au/hockeyballarat/game/2524241,2026-05-17 00:59:30
Under 14 Open,Round 3,Sat 09 May 2026,10:00,Prince of Wales Park,Blaze U14 Blaze Orange,EGC,2,0,Harley Shepherd,Quinn McClelland,EGC,Savenya A.,78,,False,,,,,https://www.revolutionise.com.au/hockeyballarat/game/2524241,2026-05-17 00:59:30
Under 14 Open,Round 3,Sat 09 May 2026,10:00,Prince of Wales Park,Blaze U14 Blaze Orange,EGC,2,0,Harley Shepherd,Quinn McClelland,EGC,Sophia S.,49,,True,,,,,https://www.revolutionise.com.au/hockeyballarat/game/2524241,2026-05-17 00:59:30
Under 14 Open,Round 3,Sat 09 May 2026,10:00,Prince of Wales Park,Blaze U14 Blaze Orange,EGC,2,0,Harley Shepherd,Quinn McClelland,EGC,Thomas C.,9,,True,,,,,https://www.revolutionise.com.au/hockeyballarat/game/2524241,2026-05-17 00:59:30
Under 14 Open,Round 3,Sat 09 May 2026,10:00,Prince of Wales Park,Blaze U14 Blaze Orange,EGC,2,0,Harley Shepherd,Quinn McClelland,EGC,Wilbur C.,46,,True,,,,,https://www.revolutionise.com.au/hockeyballarat/game/2524241,2026-05-17 00:59:30
Under 14 Open,Round 3,Sat 09 May 2026,10:00,Prince of Wales Park,Blaze U14 Blaze Orange,EGC,2,0,Harley Shepherd,Quinn McClelland,EGC,Marta V.,,,True,,,,,https://www.revolutionise.com.au/hockeyballarat/game/2524241,2026-05-17 00:59:30
Under 14 Open,Round 3,Sat 09 May 2026,10:00,"John Vernon Field, Ballarat Grammar",Blaze U14 Blaze Black,Bobcats U14,2,1,,,Blaze U14 Blaze Black,Audrey N.,55,,True,,,,,https://www.revolutionise.com.au/hockeyballarat/game/2524242,2026-05-17 00:59:32
Under 14 Open,Round 3,Sat 09 May 2026,10:00,"John Vernon Field, Ballarat Grammar",Blaze U14 Blaze Black,Bobcats U14,2,1,,,Blaze U14 Blaze Black,Ava D.,64,,True,,,,,https://www.revolutionise.com.au/hockeyballarat/game/2524242,2026-05-17 00:59:32
Under 14 Open,Round 3,Sat 09 May 2026,10:00,"John Vernon Field, Ballarat Grammar",Blaze U14 Blaze Black,Bobcats U14,2,1,,,Blaze U14 Blaze Black,Ava F.,47,,True,,,,,https://www.revolutionise.com.au/hockeyballarat/game/2524242,2026-05-17 00:59:32
Under 14 Open,Round 3,Sat 09 May 2026,10:00,"John Vernon Field, Ballarat Grammar",Blaze U14 Blaze Black,Bobcats U14,2,1,,,Blaze U14 Blaze Black,Edward B.,28,,True,,,,,https://www.revolutionise.com.au/hockeyballarat/game/2524242,2026-05-17 00:59:32
Under 14 Open,Round 3,Sat 09 May 2026,10:00,"John Vernon Field, Ballarat Grammar",Blaze U14 Blaze Black,Bobcats U14,2,1,,,Blaze U14 Blaze Black,Harry S.,,,True,,,,,https://www.revolutionise.com.au/hockeyballarat/game/2524242,2026-05-17 00:59:32
Under 14 Open,Round 3,Sat 09 May 2026,10:00,"John Vernon Field, Ballarat Grammar",Blaze U14 Blaze Black,Bobcats U14,2,1,,,Blaze U14 Blaze Black,Heath M.,95,,True,,,,,https://www.revolutionise.com.au/hockeyballarat/game/2524242,2026-05-17 00:59:32
Under 14 Open,Round 3,Sat 09 May 2026,10:00,"John Vernon Field, Ballarat Grammar",Blaze U14 Blaze Black,Bobcats U14,2,1,,,Blaze U14 Blaze Black,James A.,6,,True,,,,,https://www.revolutionise.com.au/hockeyballarat/game/2524242,2026-05-17 00:59:32
Under 14 Open,Round 3,Sat 09 May 2026,10:00,"John Vernon Field, Ballarat Grammar",Blaze U14 Blaze Black,Bobcats U14,2,1,,,Blaze U14 Blaze Black,Louis S.,7,,True,,,,,https://www.revolutionise.com.au/hockeyballarat/game/2524242,2026-05-17 00:59:32
Under 14 Open,Round 3,Sat 09 May 2026,10:00,"John Vernon Field, Ballarat Grammar",Blaze U14 Blaze Black,Bobcats U14,2,1,,,Blaze U14 Blaze Black,Neve W.,8,,False,,,,,https://www.revolutionise.com.au/hockeyballarat/game/2524242,2026-05-17 00:59:32
Under 14 Open,Round 3,Sat 09 May 2026,10:00,"John Vernon Field, Ballarat Grammar",Blaze U14 Blaze Black,Bobcats U14,2,1,,,Blaze U14 Blaze Black,Odie B.,9,,True,,,,,https://www.revolutionise.com.au/hockeyballarat/game/2524242,2026-05-17 00:59:32
Under 14 Open,Round 3,Sat 09 May 2026,10:00,"John Vernon Field, Ballarat Grammar",Blaze U14 Blaze Black,Bobcats U14,2,1,,,Blaze U14 Blaze Black,Oscar S.,71,,True,,,,,https://www.revolutionise.com.au/hockeyballarat/game/2524242,2026-05-17 00:59:32
Under 14 Open,Round 3,Sat 09 May 2026,10:00,"John Vernon Field, Ballarat Grammar",Blaze U14 Blaze Black,Bobcats U14,2,1,,,Blaze U14 Blaze Black,Polly S.,22,,True,,,,,https://www.revolutionise.com.au/hockeyballarat/game/2524242,2026-05-17 00:59:32
Under 14 Open,Round 3,Sat 09 May 2026,10:00,"John Vernon Field, Ballarat Grammar",Blaze U14 Blaze Black,Bobcats U14,2,1,,,Blaze U14 Blaze Black,Ryan L.,110,,True,,,,,https://www.revolutionise.com.au/hockeyballarat/game/2524242,2026-05-17 00:59:32
Under 14 Open,Round 3,Sat 09 May 2026,10:00,"John Vernon Field, Ballarat Grammar",Blaze U14 Blaze Black,Bobcats U14,2,1,,,Blaze U14 Blaze Black,Samuel M.,67,,True,1,,,,https://www.revolutionise.com.au/hockeyballarat/game/2524242,2026-05-17 00:59:32
Under 14 Open,Round 3,Sat 09 May 2026,10:00,"John Vernon Field, Ballarat Grammar",Blaze U14 Blaze Black,Bobcats U14,2,1,,,Blaze U14 Blaze Black,Thomas A.,88,,True,1,,,,https://www.revolutionise.com.au/hockeyballarat/game/2524242,2026-05-17 00:59:32
Under 14 Open,Round 3,Sat 09 May 2026,10:00,"John Vernon Field, Ballarat Grammar",Blaze U14 Blaze Black,Bobcats U14,2,1,,,Bobcats U14,Ada O.,138,,True,,,,,https://www.revolutionise.com.au/hockeyballarat/game/2524242,2026-05-17 00:59:32
Under 14 Open,Round 3,Sat 09 May 2026,10:00,"John Vernon Field, Ballarat Grammar",Blaze U14 Blaze Black,Bobcats U14,2,1,,,Bobcats U14,Aenid W.,,,True,,,,,https://www.revolutionise.com.au/hockeyballarat/game/2524242,2026-05-17 00:59:32
Under 14 Open,Round 3,Sat 09 May 2026,10:00,"John Vernon Field, Ballarat Grammar",Blaze U14 Blaze Black,Bobcats U14,2,1,,,Bobcats U14,Bridie D.,9,,True,,,,,https://www.revolutionise.com.au/hockeyballarat/game/2524242,2026-05-17 00:59:32
Under 14 Open,Round 3,Sat 09 May 2026,10:00,"John Vernon Field, Ballarat Grammar",Blaze U14 Blaze Black,Bobcats U14,2,1,,,Bobcats U14,Eliza Y.,155,,False,,,,,https://www.revolutionise.com.au/hockeyballarat/game/2524242,2026-05-17 00:59:32
Under 14 Open,Round 3,Sat 09 May 2026,10:00,"John Vernon Field, Ballarat Grammar",Blaze U14 Blaze Black,Bobcats U14,2,1,,,Bobcats U14,Henry J.,131,,True,,,,,https://www.revolutionise.com.au/hockeyballarat/game/2524242,2026-05-17 00:59:32
Under 14 Open,Round 3,Sat 09 May 2026,10:00,"John Vernon Field, Ballarat Grammar",Blaze U14 Blaze Black,Bobcats U14,2,1,,,Bobcats U14,James G.,42,,True,,,,,https://www.revolutionise.com.au/hockeyballarat/game/2524242,2026-05-17 00:59:32
Under 14 Open,Round 3,Sat 09 May 2026,10:00,"John Vernon Field, Ballarat Grammar",Blaze U14 Blaze Black,Bobcats U14,2,1,,,Bobcats U14,James W.,22,,True,,,,,https://www.revolutionise.com.au/hockeyballarat/game/2524242,2026-05-17 00:59:32
Under 14 Open,Round 3,Sat 09 May 2026,10:00,"John Vernon Field, Ballarat Grammar",Blaze U14 Blaze Black,Bobcats U14,2,1,,,Bobcats U14,Nate J.,156,,True,1,,,,https://www.revolutionise.com.au/hockeyballarat/game/2524242,2026-05-17 00:59:32
Under 14 Open,Round 3,Sat 09 May 2026,10:00,"John Vernon Field, Ballarat Grammar",Blaze U14 Blaze Black,Bobcats U14,2,1,,,Bobcats U14,Oryst P.,10,,True,,,,,https://www.revolutionise.com.au/hockeyballarat/game/2524242,2026-05-17 00:59:32
Under 14 Open,Round 3,Sat 09 May 2026,10:00,"John Vernon Field, Ballarat Grammar",Blaze U14 Blaze Black,Bobcats U14,2,1,,,Bobcats U14,Pippa L.,91,,True,,,,,https://www.revolutionise.com.au/hockeyballarat/game/2524242,2026-05-17 00:59:32
Under 14 Open,Round 3,Sat 09 May 2026,10:00,"John Vernon Field, Ballarat Grammar",Blaze U14 Blaze Black,Bobcats U14,2,1,,,Bobcats U14,Ruaridh S.,129,,True,,,,,https://www.revolutionise.com.au/hockeyballarat/game/2524242,2026-05-17 00:59:32
Under 14 Open,Round 3,Sat 09 May 2026,10:00,"John Vernon Field, Ballarat Grammar",Blaze U14 Blaze Black,Bobcats U14,2,1,,,Bobcats U14,Zahra O.,1,Goalkeeper,True,,,,,https://www.revolutionise.com.au/hockeyballarat/game/2524242,2026-05-17 00:59:32
Under 14 Open,Round 3,Sat 09 May 2026,10:00,"John Vernon Field, Ballarat Grammar",Blaze U14 Blaze Black,Bobcats U14,2,1,,,Bobcats U14,Emily L.,,,True,,,,,https://www.revolutionise.com.au/hockeyballarat/game/2524242,2026-05-17 00:59:32
Under 14 Open,Round 3,Sat 09 May 2026,10:00,"John Vernon Field, Ballarat Grammar",Blaze U14 Blaze Black,Bobcats U14,2,1,,,Bobcats U14,Ondine S.,,,True,,,,,https://www.revolutionise.com.au/hockeyballarat/game/2524242,2026-05-17 00:59:32
Under 14 Open,Round 3,Sat 09 May 2026,10:00,"John Vernon Field, Ballarat Grammar",Blaze U14 Blaze Black,Bobcats U14,2,1,,,Bobcats U14,Seth K.,,,True,,,,,https://www.revolutionise.com.au/hockeyballarat/game/2524242,2026-05-17 00:59:32
Under 14 Open,Round 4,Sat 23 May 2026,10:00,Prince of Wales Park,Blaze U14 Blaze Black,Lucas HC U14,,,,,Blaze U14 Blaze Black,Audrey N.,55,,False,,,,,https://www.revolutionise.com.au/hockeyballarat/game/2524244,2026-05-17 00:59:35
Under 14 Open,Round 4,Sat 23 May 2026,10:00,Prince of Wales Park,Blaze U14 Blaze Black,Lucas HC U14,,,,,Blaze U14 Blaze Black,Ava D.,64,,False,,,,,https://www.revolutionise.com.au/hockeyballarat/game/2524244,2026-05-17 00:59:35
Under 14 Open,Round 4,Sat 23 May 2026,10:00,Prince of Wales Park,Blaze U14 Blaze Black,Lucas HC U14,,,,,Blaze U14 Blaze Black,Ava F.,47,,False,,,,,https://www.revolutionise.com.au/hockeyballarat/game/2524244,2026-05-17 00:59:35
Under 14 Open,Round 4,Sat 23 May 2026,10:00,Prince of Wales Park,Blaze U14 Blaze Black,Lucas HC U14,,,,,Blaze U14 Blaze Black,Edward B.,28,,False,,,,,https://www.revolutionise.com.au/hockeyballarat/game/2524244,2026-05-17 00:59:35
Under 14 Open,Round 4,Sat 23 May 2026,10:00,Prince of Wales Park,Blaze U14 Blaze Black,Lucas HC U14,,,,,Blaze U14 Blaze Black,Harry S.,,,False,,,,,https://www.revolutionise.com.au/hockeyballarat/game/2524244,2026-05-17 00:59:35
Under 14 Open,Round 4,Sat 23 May 2026,10:00,Prince of Wales Park,Blaze U14 Blaze Black,Lucas HC U14,,,,,Blaze U14 Blaze Black,Heath M.,95,,False,,,,,https://www.revolutionise.com.au/hockeyballarat/game/2524244,2026-05-17 00:59:35
Under 14 Open,Round 4,Sat 23 May 2026,10:00,Prince of Wales Park,Blaze U14 Blaze Black,Lucas HC U14,,,,,Blaze U14 Blaze Black,James A.,6,,False,,,,,https://www.revolutionise.com.au/hockeyballarat/game/2524244,2026-05-17 00:59:35
Under 14 Open,Round 4,Sat 23 May 2026,10:00,Prince of Wales Park,Blaze U14 Blaze Black,Lucas HC U14,,,,,Blaze U14 Blaze Black,Louis S.,7,,False,,,,,https://www.revolutionise.com.au/hockeyballarat/game/2524244,2026-05-17 00:59:35
Under 14 Open,Round 4,Sat 23 May 2026,10:00,Prince of Wales Park,Blaze U14 Blaze Black,Lucas HC U14,,,,,Blaze U14 Blaze Black,Neve W.,8,,False,,,,,https://www.revolutionise.com.au/hockeyballarat/game/2524244,2026-05-17 00:59:35
Under 14 Open,Round 4,Sat 23 May 2026,10:00,Prince of Wales Park,Blaze U14 Blaze Black,Lucas HC U14,,,,,Blaze U14 Blaze Black,Odie B.,9,,False,,,,,https://www.revolutionise.com.au/hockeyballarat/game/2524244,2026-05-17 00:59:35
Under 14 Open,Round 4,Sat 23 May 2026,10:00,Prince of Wales Park,Blaze U14 Blaze Black,Lucas HC U14,,,,,Blaze U14 Blaze Black,Oscar S.,71,,False,,,,,https://www.revolutionise.com.au/hockeyballarat/game/2524244,2026-05-17 00:59:35
Under 14 Open,Round 4,Sat 23 May 2026,10:00,Prince of Wales Park,Blaze U14 Blaze Black,Lucas HC U14,,,,,Blaze U14 Blaze Black,Polly S.,22,,False,,,,,https://www.revolutionise.com.au/hockeyballarat/game/2524244,2026-05-17 00:59:35
Under 14 Open,Round 4,Sat 23 May 2026,10:00,Prince of Wales Park,Blaze U14 Blaze Black,Lucas HC U14,,,,,Blaze U14 Blaze Black,Ryan L.,110,,False,,,,,https://www.revolutionise.com.au/hockeyballarat/game/2524244,2026-05-17 00:59:35
Under 14 Open,Round 4,Sat 23 May 2026,10:00,Prince of Wales Park,Blaze U14 Blaze Black,Lucas HC U14,,,,,Blaze U14 Blaze Black,Samuel M.,67,,False,,,,,https://www.revolutionise.com.au/hockeyballarat/game/2524244,2026-05-17 00:59:35
Under 14 Open,Round 4,Sat 23 May 2026,10:00,Prince of Wales Park,Blaze U14 Blaze Black,Lucas HC U14,,,,,Blaze U14 Blaze Black,Thomas A.,88,,False,,,,,https://www.revolutionise.com.au/hockeyballarat/game/2524244,2026-05-17 00:59:35
Under 14 Open,Round 4,Sat 23 May 2026,10:00,Prince of Wales Park,Blaze U14 Blaze Black,Lucas HC U14,,,,,Lucas HC U14,Caleb H.,104,,False,,,,,https://www.revolutionise.com.au/hockeyballarat/game/2524244,2026-05-17 00:59:35
Under 14 Open,Round 4,Sat 23 May 2026,10:00,Prince of Wales Park,Blaze U14 Blaze Black,Lucas HC U14,,,,,Lucas HC U14,Goraav Reddy N.,64,,False,,,,,https://www.revolutionise.com.au/hockeyballarat/game/2524244,2026-05-17 00:59:35
Under 14 Open,Round 4,Sat 23 May 2026,10:00,Prince of Wales Park,Blaze U14 Blaze Black,Lucas HC U14,,,,,Lucas HC U14,Heidi S.,2,,False,,,,,https://www.revolutionise.com.au/hockeyballarat/game/2524244,2026-05-17 00:59:35
Under 14 Open,Round 4,Sat 23 May 2026,10:00,Prince of Wales Park,Blaze U14 Blaze Black,Lucas HC U14,,,,,Lucas HC U14,Jonte P.,13,,False,,,,,https://www.revolutionise.com.au/hockeyballarat/game/2524244,2026-05-17 00:59:35
Under 14 Open,Round 4,Sat 23 May 2026,10:00,Prince of Wales Park,Blaze U14 Blaze Black,Lucas HC U14,,,,,Lucas HC U14,Jordan S.,16,,False,,,,,https://www.revolutionise.com.au/hockeyballarat/game/2524244,2026-05-17 00:59:35
Under 14 Open,Round 4,Sat 23 May 2026,10:00,Prince of Wales Park,Blaze U14 Blaze Black,Lucas HC U14,,,,,Lucas HC U14,Mack H.,103,,False,,,,,https://www.revolutionise.com.au/hockeyballarat/game/2524244,2026-05-17 00:59:35
Under 14 Open,Round 4,Sat 23 May 2026,10:00,Prince of Wales Park,Blaze U14 Blaze Black,Lucas HC U14,,,,,Lucas HC U14,Mietta G.,101,,False,,,,,https://www.revolutionise.com.au/hockeyballarat/game/2524244,2026-05-17 00:59:35
Under 14 Open,Round 4,Sat 23 May 2026,10:00,Prince of Wales Park,Blaze U14 Blaze Black,Lucas HC U14,,,,,Lucas HC U14,Morgan E.,100,,False,,,,,https://www.revolutionise.com.au/hockeyballarat/game/2524244,2026-05-17 00:59:35
Under 14 Open,Round 4,Sat 23 May 2026,10:00,Prince of Wales Park,Blaze U14 Blaze Black,Lucas HC U14,,,,,Lucas HC U14,Noah G.,102,,False,,,,,https://www.revolutionise.com.au/hockeyballarat/game/2524244,2026-05-17 00:59:35
Under 14 Open,Round 4,Sat 23 May 2026,10:00,Prince of Wales Park,Blaze U14 Blaze Black,Lucas HC U14,,,,,Lucas HC U14,Oakley O.,105,,False,,,,,https://www.revolutionise.com.au/hockeyballarat/game/2524244,2026-05-17 00:59:35
Under 14 Open,Round 4,Sat 23 May 2026,10:00,Prince of Wales Park,Blaze U14 Blaze Black,Lucas HC U14,,,,,Lucas HC U14,Ryan P.,106,,False,,,,,https://www.revolutionise.com.au/hockeyballarat/game/2524244,2026-05-17 00:59:35
Under 14 Open,Round 4,Sat 23 May 2026,10:00,Prince of Wales Park,Blaze U14 Blaze Black,Lucas HC U14,,,,,Lucas HC U14,Sebastian P.,23,,False,,,,,https://www.revolutionise.com.au/hockeyballarat/game/2524244,2026-05-17 00:59:35
Under 14 Open,Round 4,Sat 23 May 2026,10:00,Prince of Wales Park,Blaze U14 Blaze Black,Lucas HC U14,,,,,Lucas HC U14,Xavier P.,72,,False,,,,,https://www.revolutionise.com.au/hockeyballarat/game/2524244,2026-05-17 00:59:35
Under 14 Open,Round 4,Sat 23 May 2026,10:00,"John Vernon Field, Ballarat Grammar",Bobcats U14,EGC,,,,,Bobcats U14,Ada O.,138,,False,,,,,https://www.revolutionise.com.au/hockeyballarat/game/2524245,2026-05-17 00:59:37
Under 14 Open,Round 4,Sat 23 May 2026,10:00,"John Vernon Field, Ballarat Grammar",Bobcats U14,EGC,,,,,Bobcats U14,Aenid W.,,,False,,,,,https://www.revolutionise.com.au/hockeyballarat/game/2524245,2026-05-17 00:59:37
Under 14 Open,Round 4,Sat 23 May 2026,10:00,"John Vernon Field, Ballarat Grammar",Bobcats U14,EGC,,,,,Bobcats U14,Bridie D.,9,,False,,,,,https://www.revolutionise.com.au/hockeyballarat/game/2524245,2026-05-17 00:59:37
Under 14 Open,Round 4,Sat 23 May 2026,10:00,"John Vernon Field, Ballarat Grammar",Bobcats U14,EGC,,,,,Bobcats U14,Eliza Y.,155,,False,,,,,https://www.revolutionise.com.au/hockeyballarat/game/2524245,2026-05-17 00:59:37
Under 14 Open,Round 4,Sat 23 May 2026,10:00,"John Vernon Field, Ballarat Grammar",Bobcats U14,EGC,,,,,Bobcats U14,Henry J.,131,,False,,,,,https://www.revolutionise.com.au/hockeyballarat/game/2524245,2026-05-17 00:59:37
Under 14 Open,Round 4,Sat 23 May 2026,10:00,"John Vernon Field, Ballarat Grammar",Bobcats U14,EGC,,,,,Bobcats U14,James G.,42,,False,,,,,https://www.revolutionise.com.au/hockeyballarat/game/2524245,2026-05-17 00:59:37
Under 14 Open,Round 4,Sat 23 May 2026,10:00,"John Vernon Field, Ballarat Grammar",Bobcats U14,EGC,,,,,Bobcats U14,James W.,22,,False,,,,,https://www.revolutionise.com.au/hockeyballarat/game/2524245,2026-05-17 00:59:37
Under 14 Open,Round 4,Sat 23 May 2026,10:00,"John Vernon Field, Ballarat Grammar",Bobcats U14,EGC,,,,,Bobcats U14,Nate J.,156,,False,,,,,https://www.revolutionise.com.au/hockeyballarat/game/2524245,2026-05-17 00:59:37
Under 14 Open,Round 4,Sat 23 May 2026,10:00,"John Vernon Field, Ballarat Grammar",Bobcats U14,EGC,,,,,Bobcats U14,Oryst P.,10,,False,,,,,https://www.revolutionise.com.au/hockeyballarat/game/2524245,2026-05-17 00:59:37
Under 14 Open,Round 4,Sat 23 May 2026,10:00,"John Vernon Field, Ballarat Grammar",Bobcats U14,EGC,,,,,Bobcats U14,Pippa L.,91,,False,,,,,https://www.revolutionise.com.au/hockeyballarat/game/2524245,2026-05-17 00:59:37
Under 14 Open,Round 4,Sat 23 May 2026,10:00,"John Vernon Field, Ballarat Grammar",Bobcats U14,EGC,,,,,Bobcats U14,Ruaridh S.,129,,False,,,,,https://www.revolutionise.com.au/hockeyballarat/game/2524245,2026-05-17 00:59:37
Under 14 Open,Round 4,Sat 23 May 2026,10:00,"John Vernon Field, Ballarat Grammar",Bobcats U14,EGC,,,,,Bobcats U14,Zahra O.,1,Goalkeeper,False,,,,,https://www.revolutionise.com.au/hockeyballarat/game/2524245,2026-05-17 00:59:37
Under 14 Open,Round 4,Sat 23 May 2026,10:00,"John Vernon Field, Ballarat Grammar",Bobcats U14,EGC,,,,,EGC,Divjot k.,57,,False,,,,,https://www.revolutionise.com.au/hockeyballarat/game/2524245,2026-05-17 00:59:37
Under 14 Open,Round 4,Sat 23 May 2026,10:00,"John Vernon Field, Ballarat Grammar",Bobcats U14,EGC,,,,,EGC,Edmund H.,95,,False,,,,,https://www.revolutionise.com.au/hockeyballarat/game/2524245,2026-05-17 00:59:37
Under 14 Open,Round 4,Sat 23 May 2026,10:00,"John Vernon Field, Ballarat Grammar",Bobcats U14,EGC,,,,,EGC,Emily D.,47,,False,,,,,https://www.revolutionise.com.au/hockeyballarat/game/2524245,2026-05-17 00:59:37
Under 14 Open,Round 4,Sat 23 May 2026,10:00,"John Vernon Field, Ballarat Grammar",Bobcats U14,EGC,,,,,EGC,Harriet L.,54,,False,,,,,https://www.revolutionise.com.au/hockeyballarat/game/2524245,2026-05-17 00:59:37
Under 14 Open,Round 4,Sat 23 May 2026,10:00,"John Vernon Field, Ballarat Grammar",Bobcats U14,EGC,,,,,EGC,Harry P.,74,,False,,,,,https://www.revolutionise.com.au/hockeyballarat/game/2524245,2026-05-17 00:59:37
Under 14 Open,Round 4,Sat 23 May 2026,10:00,"John Vernon Field, Ballarat Grammar",Bobcats U14,EGC,,,,,EGC,Jacob F.,88,,False,,,,,https://www.revolutionise.com.au/hockeyballarat/game/2524245,2026-05-17 00:59:37
Under 14 Open,Round 4,Sat 23 May 2026,10:00,"John Vernon Field, Ballarat Grammar",Bobcats U14,EGC,,,,,EGC,James R.,100,,False,,,,,https://www.revolutionise.com.au/hockeyballarat/game/2524245,2026-05-17 00:59:37
Under 14 Open,Round 4,Sat 23 May 2026,10:00,"John Vernon Field, Ballarat Grammar",Bobcats U14,EGC,,,,,EGC,Jimmy V.,85,,False,,,,,https://www.revolutionise.com.au/hockeyballarat/game/2524245,2026-05-17 00:59:37
Under 14 Open,Round 4,Sat 23 May 2026,10:00,"John Vernon Field, Ballarat Grammar",Bobcats U14,EGC,,,,,EGC,Lewis R.,29,,False,,,,,https://www.revolutionise.com.au/hockeyballarat/game/2524245,2026-05-17 00:59:37
Under 14 Open,Round 4,Sat 23 May 2026,10:00,"John Vernon Field, Ballarat Grammar",Bobcats U14,EGC,,,,,EGC,Mateo M.,62,,False,,,,,https://www.revolutionise.com.au/hockeyballarat/game/2524245,2026-05-17 00:59:37
Under 14 Open,Round 4,Sat 23 May 2026,10:00,"John Vernon Field, Ballarat Grammar",Bobcats U14,EGC,,,,,EGC,Rohaan D.,99,,False,,,,,https://www.revolutionise.com.au/hockeyballarat/game/2524245,2026-05-17 00:59:37
Under 14 Open,Round 4,Sat 23 May 2026,10:00,"John Vernon Field, Ballarat Grammar",Bobcats U14,EGC,,,,,EGC,Savenya A.,78,,False,,,,,https://www.revolutionise.com.au/hockeyballarat/game/2524245,2026-05-17 00:59:37
Under 14 Open,Round 4,Sat 23 May 2026,10:00,"John Vernon Field, Ballarat Grammar",Bobcats U14,EGC,,,,,EGC,Sophia S.,49,,False,,,,,https://www.revolutionise.com.au/hockeyballarat/game/2524245,2026-05-17 00:59:37
Under 14 Open,Round 4,Sat 23 May 2026,10:00,"John Vernon Field, Ballarat Grammar",Bobcats U14,EGC,,,,,EGC,Thomas C.,9,,False,,,,,https://www.revolutionise.com.au/hockeyballarat/game/2524245,2026-05-17 00:59:37
Under 14 Open,Round 4,Sat 23 May 2026,10:00,"John Vernon Field, Ballarat Grammar",Bobcats U14,EGC,,,,,EGC,Wilbur C.,46,,False,,,,,https://www.revolutionise.com.au/hockeyballarat/game/2524245,2026-05-17 00:59:37
Under 14 Open,Round 5,Sat 30 May 2026,10:00,Prince of Wales Park,Blaze U14 Blaze Black,EGC,,,,,Blaze U14 Blaze Black,Audrey N.,55,,False,,,,,https://www.revolutionise.com.au/hockeyballarat/game/2524248,2026-05-17 00:59:40
Under 14 Open,Round 5,Sat 30 May 2026,10:00,Prince of Wales Park,Blaze U14 Blaze Black,EGC,,,,,Blaze U14 Blaze Black,Ava D.,64,,False,,,,,https://www.revolutionise.com.au/hockeyballarat/game/2524248,2026-05-17 00:59:40
Under 14 Open,Round 5,Sat 30 May 2026,10:00,Prince of Wales Park,Blaze U14 Blaze Black,EGC,,,,,Blaze U14 Blaze Black,Ava F.,47,,False,,,,,https://www.revolutionise.com.au/hockeyballarat/game/2524248,2026-05-17 00:59:40
Under 14 Open,Round 5,Sat 30 May 2026,10:00,Prince of Wales Park,Blaze U14 Blaze Black,EGC,,,,,Blaze U14 Blaze Black,Edward B.,28,,False,,,,,https://www.revolutionise.com.au/hockeyballarat/game/2524248,2026-05-17 00:59:40
Under 14 Open,Round 5,Sat 30 May 2026,10:00,Prince of Wales Park,Blaze U14 Blaze Black,EGC,,,,,Blaze U14 Blaze Black,Harry S.,,,False,,,,,https://www.revolutionise.com.au/hockeyballarat/game/2524248,2026-05-17 00:59:40
Under 14 Open,Round 5,Sat 30 May 2026,10:00,Prince of Wales Park,Blaze U14 Blaze Black,EGC,,,,,Blaze U14 Blaze Black,Heath M.,95,,False,,,,,https://www.revolutionise.com.au/hockeyballarat/game/2524248,2026-05-17 00:59:40
Under 14 Open,Round 5,Sat 30 May 2026,10:00,Prince of Wales Park,Blaze U14 Blaze Black,EGC,,,,,Blaze U14 Blaze Black,James A.,6,,False,,,,,https://www.revolutionise.com.au/hockeyballarat/game/2524248,2026-05-17 00:59:40
Under 14 Open,Round 5,Sat 30 May 2026,10:00,Prince of Wales Park,Blaze U14 Blaze Black,EGC,,,,,Blaze U14 Blaze Black,Louis S.,7,,False,,,,,https://www.revolutionise.com.au/hockeyballarat/game/2524248,2026-05-17 00:59:40
Under 14 Open,Round 5,Sat 30 May 2026,10:00,Prince of Wales Park,Blaze U14 Blaze Black,EGC,,,,,Blaze U14 Blaze Black,Neve W.,8,,False,,,,,https://www.revolutionise.com.au/hockeyballarat/game/2524248,2026-05-17 00:59:40
Under 14 Open,Round 5,Sat 30 May 2026,10:00,Prince of Wales Park,Blaze U14 Blaze Black,EGC,,,,,Blaze U14 Blaze Black,Odie B.,9,,False,,,,,https://www.revolutionise.com.au/hockeyballarat/game/2524248,2026-05-17 00:59:40
Under 14 Open,Round 5,Sat 30 May 2026,10:00,Prince of Wales Park,Blaze U14 Blaze Black,EGC,,,,,Blaze U14 Blaze Black,Oscar S.,71,,False,,,,,https://www.revolutionise.com.au/hockeyballarat/game/2524248,2026-05-17 00:59:40
Under 14 Open,Round 5,Sat 30 May 2026,10:00,Prince of Wales Park,Blaze U14 Blaze Black,EGC,,,,,Blaze U14 Blaze Black,Polly S.,22,,False,,,,,https://www.revolutionise.com.au/hockeyballarat/game/2524248,2026-05-17 00:59:40
Under 14 Open,Round 5,Sat 30 May 2026,10:00,Prince of Wales Park,Blaze U14 Blaze Black,EGC,,,,,Blaze U14 Blaze Black,Ryan L.,110,,False,,,,,https://www.revolutionise.com.au/hockeyballarat/game/2524248,2026-05-17 00:59:40
Under 14 Open,Round 5,Sat 30 May 2026,10:00,Prince of Wales Park,Blaze U14 Blaze Black,EGC,,,,,Blaze U14 Blaze Black,Samuel M.,67,,False,,,,,https://www.revolutionise.com.au/hockeyballarat/game/2524248,2026-05-17 00:59:40
Under 14 Open,Round 5,Sat 30 May 2026,10:00,Prince of Wales Park,Blaze U14 Blaze Black,EGC,,,,,Blaze U14 Blaze Black,Thomas A.,88,,False,,,,,https://www.revolutionise.com.au/hockeyballarat/game/2524248,2026-05-17 00:59:40
Under 14 Open,Round 5,Sat 30 May 2026,10:00,Prince of Wales Park,Blaze U14 Blaze Black,EGC,,,,,EGC,Divjot k.,57,,False,,,,,https://www.revolutionise.com.au/hockeyballarat/game/2524248,2026-05-17 00:59:40
Under 14 Open,Round 5,Sat 30 May 2026,10:00,Prince of Wales Park,Blaze U14 Blaze Black,EGC,,,,,EGC,Edmund H.,95,,False,,,,,https://www.revolutionise.com.au/hockeyballarat/game/2524248,2026-05-17 00:59:40
Under 14 Open,Round 5,Sat 30 May 2026,10:00,Prince of Wales Park,Blaze U14 Blaze Black,EGC,,,,,EGC,Emily D.,47,,False,,,,,https://www.revolutionise.com.au/hockeyballarat/game/2524248,2026-05-17 00:59:40
Under 14 Open,Round 5,Sat 30 May 2026,10:00,Prince of Wales Park,Blaze U14 Blaze Black,EGC,,,,,EGC,Harriet L.,54,,False,,,,,https://www.revolutionise.com.au/hockeyballarat/game/2524248,2026-05-17 00:59:40
Under 14 Open,Round 5,Sat 30 May 2026,10:00,Prince of Wales Park,Blaze U14 Blaze Black,EGC,,,,,EGC,Harry P.,74,,False,,,,,https://www.revolutionise.com.au/hockeyballarat/game/2524248,2026-05-17 00:59:40
Under 14 Open,Round 5,Sat 30 May 2026,10:00,Prince of Wales Park,Blaze U14 Blaze Black,EGC,,,,,EGC,Jacob F.,88,,False,,,,,https://www.revolutionise.com.au/hockeyballarat/game/2524248,2026-05-17 00:59:40
Under 14 Open,Round 5,Sat 30 May 2026,10:00,Prince of Wales Park,Blaze U14 Blaze Black,EGC,,,,,EGC,James R.,100,,False,,,,,https://www.revolutionise.com.au/hockeyballarat/game/2524248,2026-05-17 00:59:40
Under 14 Open,Round 5,Sat 30 May 2026,10:00,Prince of Wales Park,Blaze U14 Blaze Black,EGC,,,,,EGC,Jimmy V.,85,,False,,,,,https://www.revolutionise.com.au/hockeyballarat/game/2524248,2026-05-17 00:59:40
Under 14 Open,Round 5,Sat 30 May 2026,10:00,Prince of Wales Park,Blaze U14 Blaze Black,EGC,,,,,EGC,Lewis R.,29,,False,,,,,https://www.revolutionise.com.au/hockeyballarat/game/2524248,2026-05-17 00:59:40
Under 14 Open,Round 5,Sat 30 May 2026,10:00,Prince of Wales Park,Blaze U14 Blaze Black,EGC,,,,,EGC,Mateo M.,62,,False,,,,,https://www.revolutionise.com.au/hockeyballarat/game/2524248,2026-05-17 00:59:40
Under 14 Open,Round 5,Sat 30 May 2026,10:00,Prince of Wales Park,Blaze U14 Blaze Black,EGC,,,,,EGC,Rohaan D.,99,,False,,,,,https://www.revolutionise.com.au/hockeyballarat/game/2524248,2026-05-17 00:59:40
Under 14 Open,Round 5,Sat 30 May 2026,10:00,Prince of Wales Park,Blaze U14 Blaze Black,EGC,,,,,EGC,Savenya A.,78,,False,,,,,https://www.revolutionise.com.au/hockeyballarat/game/2524248,2026-05-17 00:59:40
Under 14 Open,Round 5,Sat 30 May 2026,10:00,Prince of Wales Park,Blaze U14 Blaze Black,EGC,,,,,EGC,Sophia S.,49,,False,,,,,https://www.revolutionise.com.au/hockeyballarat/game/2524248,2026-05-17 00:59:40
Under 14 Open,Round 5,Sat 30 May 2026,10:00,Prince of Wales Park,Blaze U14 Blaze Black,EGC,,,,,EGC,Thomas C.,9,,False,,,,,https://www.revolutionise.com.au/hockeyballarat/game/2524248,2026-05-17 00:59:40
Under 14 Open,Round 5,Sat 30 May 2026,10:00,Prince of Wales Park,Blaze U14 Blaze Black,EGC,,,,,EGC,Wilbur C.,46,,False,,,,,https://www.revolutionise.com.au/hockeyballarat/game/2524248,2026-05-17 00:59:40
Under 14 Open,Round 5,Sat 30 May 2026,10:00,"John Vernon Field, Ballarat Grammar",Blaze U14 Blaze Orange,Lucas HC U14,,,,,Blaze U14 Blaze Orange,Abbie B.,,,False,,,,,https://www.revolutionise.com.au/hockeyballarat/game/2524247,2026-05-17 00:59:41
Under 14 Open,Round 5,Sat 30 May 2026,10:00,"John Vernon Field, Ballarat Grammar",Blaze U14 Blaze Orange,Lucas HC U14,,,,,Blaze U14 Blaze Orange,Amelia K.,,,False,,,,,https://www.revolutionise.com.au/hockeyballarat/game/2524247,2026-05-17 00:59:41
Under 14 Open,Round 5,Sat 30 May 2026,10:00,"John Vernon Field, Ballarat Grammar",Blaze U14 Blaze Orange,Lucas HC U14,,,,,Blaze U14 Blaze Orange,Archie M.,,,False,,,,,https://www.revolutionise.com.au/hockeyballarat/game/2524247,2026-05-17 00:59:41
Under 14 Open,Round 5,Sat 30 May 2026,10:00,"John Vernon Field, Ballarat Grammar",Blaze U14 Blaze Orange,Lucas HC U14,,,,,Blaze U14 Blaze Orange,Aria Q.,,,False,,,,,https://www.revolutionise.com.au/hockeyballarat/game/2524247,2026-05-17 00:59:41
Under 14 Open,Round 5,Sat 30 May 2026,10:00,"John Vernon Field, Ballarat Grammar",Blaze U14 Blaze Orange,Lucas HC U14,,,,,Blaze U14 Blaze Orange,Brandon S.,,,False,,,,,https://www.revolutionise.com.au/hockeyballarat/game/2524247,2026-05-17 00:59:41
Under 14 Open,Round 5,Sat 30 May 2026,10:00,"John Vernon Field, Ballarat Grammar",Blaze U14 Blaze Orange,Lucas HC U14,,,,,Blaze U14 Blaze Orange,Eli S.,,,False,,,,,https://www.revolutionise.com.au/hockeyballarat/game/2524247,2026-05-17 00:59:41
Under 14 Open,Round 5,Sat 30 May 2026,10:00,"John Vernon Field, Ballarat Grammar",Blaze U14 Blaze Orange,Lucas HC U14,,,,,Blaze U14 Blaze Orange,Elizabeth B.,8,,False,,,,,https://www.revolutionise.com.au/hockeyballarat/game/2524247,2026-05-17 00:59:41
Under 14 Open,Round 5,Sat 30 May 2026,10:00,"John Vernon Field, Ballarat Grammar",Blaze U14 Blaze Orange,Lucas HC U14,,,,,Blaze U14 Blaze Orange,Jackson M.,7,,False,,,,,https://www.revolutionise.com.au/hockeyballarat/game/2524247,2026-05-17 00:59:41
Under 14 Open,Round 5,Sat 30 May 2026,10:00,"John Vernon Field, Ballarat Grammar",Blaze U14 Blaze Orange,Lucas HC U14,,,,,Blaze U14 Blaze Orange,Lukas H.,,Goalkeeper,False,,,,,https://www.revolutionise.com.au/hockeyballarat/game/2524247,2026-05-17 00:59:41
Under 14 Open,Round 5,Sat 30 May 2026,10:00,"John Vernon Field, Ballarat Grammar",Blaze U14 Blaze Orange,Lucas HC U14,,,,,Blaze U14 Blaze Orange,Michael E.,,,False,,,,,https://www.revolutionise.com.au/hockeyballarat/game/2524247,2026-05-17 00:59:41
Under 14 Open,Round 5,Sat 30 May 2026,10:00,"John Vernon Field, Ballarat Grammar",Blaze U14 Blaze Orange,Lucas HC U14,,,,,Blaze U14 Blaze Orange,Roy R.,,,False,,,,,https://www.revolutionise.com.au/hockeyballarat/game/2524247,2026-05-17 00:59:41
Under 14 Open,Round 5,Sat 30 May 2026,10:00,"John Vernon Field, Ballarat Grammar",Blaze U14 Blaze Orange,Lucas HC U14,,,,,Blaze U14 Blaze Orange,Safia H.,,,False,,,,,https://www.revolutionise.com.au/hockeyballarat/game/2524247,2026-05-17 00:59:41
Under 14 Open,Round 5,Sat 30 May 2026,10:00,"John Vernon Field, Ballarat Grammar",Blaze U14 Blaze Orange,Lucas HC U14,,,,,Blaze U14 Blaze Orange,Sebastian H.,,,False,,,,,https://www.revolutionise.com.au/hockeyballarat/game/2524247,2026-05-17 00:59:41
Under 14 Open,Round 5,Sat 30 May 2026,10:00,"John Vernon Field, Ballarat Grammar",Blaze U14 Blaze Orange,Lucas HC U14,,,,,Blaze U14 Blaze Orange,Theodore R.,,,False,,,,,https://www.revolutionise.com.au/hockeyballarat/game/2524247,2026-05-17 00:59:41
Under 14 Open,Round 5,Sat 30 May 2026,10:00,"John Vernon Field, Ballarat Grammar",Blaze U14 Blaze Orange,Lucas HC U14,,,,,Blaze U14 Blaze Orange,Willow R.,,,False,,,,,https://www.revolutionise.com.au/hockeyballarat/game/2524247,2026-05-17 00:59:41
Under 14 Open,Round 5,Sat 30 May 2026,10:00,"John Vernon Field, Ballarat Grammar",Blaze U14 Blaze Orange,Lucas HC U14,,,,,Lucas HC U14,Caleb H.,104,,False,,,,,https://www.revolutionise.com.au/hockeyballarat/game/2524247,2026-05-17 00:59:41
Under 14 Open,Round 5,Sat 30 May 2026,10:00,"John Vernon Field, Ballarat Grammar",Blaze U14 Blaze Orange,Lucas HC U14,,,,,Lucas HC U14,Goraav Reddy N.,64,,False,,,,,https://www.revolutionise.com.au/hockeyballarat/game/2524247,2026-05-17 00:59:41
Under 14 Open,Round 5,Sat 30 May 2026,10:00,"John Vernon Field, Ballarat Grammar",Blaze U14 Blaze Orange,Lucas HC U14,,,,,Lucas HC U14,Heidi S.,2,,False,,,,,https://www.revolutionise.com.au/hockeyballarat/game/2524247,2026-05-17 00:59:41
Under 14 Open,Round 5,Sat 30 May 2026,10:00,"John Vernon Field, Ballarat Grammar",Blaze U14 Blaze Orange,Lucas HC U14,,,,,Lucas HC U14,Jonte P.,13,,False,,,,,https://www.revolutionise.com.au/hockeyballarat/game/2524247,2026-05-17 00:59:41
Under 14 Open,Round 5,Sat 30 May 2026,10:00,"John Vernon Field, Ballarat Grammar",Blaze U14 Blaze Orange,Lucas HC U14,,,,,Lucas HC U14,Jordan S.,16,,False,,,,,https://www.revolutionise.com.au/hockeyballarat/game/2524247,2026-05-17 00:59:41
Under 14 Open,Round 5,Sat 30 May 2026,10:00,"John Vernon Field, Ballarat Grammar",Blaze U14 Blaze Orange,Lucas HC U14,,,,,Lucas HC U14,Mack H.,103,,False,,,,,https://www.revolutionise.com.au/hockeyballarat/game/2524247,2026-05-17 00:59:41
Under 14 Open,Round 5,Sat 30 May 2026,10:00,"John Vernon Field, Ballarat Grammar",Blaze U14 Blaze Orange,Lucas HC U14,,,,,Lucas HC U14,Mietta G.,101,,False,,,,,https://www.revolutionise.com.au/hockeyballarat/game/2524247,2026-05-17 00:59:41
Under 14 Open,Round 5,Sat 30 May 2026,10:00,"John Vernon Field, Ballarat Grammar",Blaze U14 Blaze Orange,Lucas HC U14,,,,,Lucas HC U14,Morgan E.,100,,False,,,,,https://www.revolutionise.com.au/hockeyballarat/game/2524247,2026-05-17 00:59:41
Under 14 Open,Round 5,Sat 30 May 2026,10:00,"John Vernon Field, Ballarat Grammar",Blaze U14 Blaze Orange,Lucas HC U14,,,,,Lucas HC U14,Noah G.,102,,False,,,,,https://www.revolutionise.com.au/hockeyballarat/game/2524247,2026-05-17 00:59:41
Under 14 Open,Round 5,Sat 30 May 2026,10:00,"John Vernon Field, Ballarat Grammar",Blaze U14 Blaze Orange,Lucas HC U14,,,,,Lucas HC U14,Oakley O.,105,,False,,,,,https://www.revolutionise.com.au/hockeyballarat/game/2524247,2026-05-17 00:59:41
Under 14 Open,Round 5,Sat 30 May 2026,10:00,"John Vernon Field, Ballarat Grammar",Blaze U14 Blaze Orange,Lucas HC U14,,,,,Lucas HC U14,Ryan P.,106,,False,,,,,https://www.revolutionise.com.au/hockeyballarat/game/2524247,2026-05-17 00:59:41
Under 14 Open,Round 5,Sat 30 May 2026,10:00,"John Vernon Field, Ballarat Grammar",Blaze U14 Blaze Orange,Lucas HC U14,,,,,Lucas HC U14,Sebastian P.,23,,False,,,,,https://www.revolutionise.com.au/hockeyballarat/game/2524247,2026-05-17 00:59:41
Under 14 Open,Round 5,Sat 30 May 2026,10:00,"John Vernon Field, Ballarat Grammar",Blaze U14 Blaze Orange,Lucas HC U14,,,,,Lucas HC U14,Xavier P.,72,,False,,,,,https://www.revolutionise.com.au/hockeyballarat/game/2524247,2026-05-17 00:59:41
Under 16 Open,Round 2,Sat 02 May 2026,11:15,"John Vernon Field, Ballarat Grammar",Lucas HC U16,EGC,4,2,Jeff Sly,,Lucas HC U16,Caleb H.,106,,True,,,,,https://www.revolutionise.com.au/hockeyballarat/game/2524256,2026-05-17 00:59:47
Under 16 Open,Round 2,Sat 02 May 2026,11:15,"John Vernon Field, Ballarat Grammar",Lucas HC U16,EGC,4,2,Jeff Sly,,Lucas HC U16,Goraav Reddy N.,64,,False,,,,,https://www.revolutionise.com.au/hockeyballarat/game/2524256,2026-05-17 00:59:47
Under 16 Open,Round 2,Sat 02 May 2026,11:15,"John Vernon Field, Ballarat Grammar",Lucas HC U16,EGC,4,2,Jeff Sly,,Lucas HC U16,Harley S.,61,,True,,,,,https://www.revolutionise.com.au/hockeyballarat/game/2524256,2026-05-17 00:59:47
Under 16 Open,Round 2,Sat 02 May 2026,11:15,"John Vernon Field, Ballarat Grammar",Lucas HC U16,EGC,4,2,Jeff Sly,,Lucas HC U16,Heidi S.,2,,False,,,,,https://www.revolutionise.com.au/hockeyballarat/game/2524256,2026-05-17 00:59:47
Under 16 Open,Round 2,Sat 02 May 2026,11:15,"John Vernon Field, Ballarat Grammar",Lucas HC U16,EGC,4,2,Jeff Sly,,Lucas HC U16,Henry B.,100,,True,,,,,https://www.revolutionise.com.au/hockeyballarat/game/2524256,2026-05-17 00:59:47
Under 16 Open,Round 2,Sat 02 May 2026,11:15,"John Vernon Field, Ballarat Grammar",Lucas HC U16,EGC,4,2,Jeff Sly,,Lucas HC U16,Hunter K.,113,,False,,,,,https://www.revolutionise.com.au/hockeyballarat/game/2524256,2026-05-17 00:59:47
Under 16 Open,Round 2,Sat 02 May 2026,11:15,"John Vernon Field, Ballarat Grammar",Lucas HC U16,EGC,4,2,Jeff Sly,,Lucas HC U16,Jake R.,109,,False,,,,,https://www.revolutionise.com.au/hockeyballarat/game/2524256,2026-05-17 00:59:47
Under 16 Open,Round 2,Sat 02 May 2026,11:15,"John Vernon Field, Ballarat Grammar",Lucas HC U16,EGC,4,2,Jeff Sly,,Lucas HC U16,Jordan S.,16,,True,1,,,,https://www.revolutionise.com.au/hockeyballarat/game/2524256,2026-05-17 00:59:47
Under 16 Open,Round 2,Sat 02 May 2026,11:15,"John Vernon Field, Ballarat Grammar",Lucas HC U16,EGC,4,2,Jeff Sly,,Lucas HC U16,Lachlan H.,36,,True,1,,,,https://www.revolutionise.com.au/hockeyballarat/game/2524256,2026-05-17 00:59:47
Under 16 Open,Round 2,Sat 02 May 2026,11:15,"John Vernon Field, Ballarat Grammar",Lucas HC U16,EGC,4,2,Jeff Sly,,Lucas HC U16,Lucas J.,114,,False,,,,,https://www.revolutionise.com.au/hockeyballarat/game/2524256,2026-05-17 00:59:47
Under 16 Open,Round 2,Sat 02 May 2026,11:15,"John Vernon Field, Ballarat Grammar",Lucas HC U16,EGC,4,2,Jeff Sly,,Lucas HC U16,Mack H.,105,,True,,,,,https://www.revolutionise.com.au/hockeyballarat/game/2524256,2026-05-17 00:59:47
Under 16 Open,Round 2,Sat 02 May 2026,11:15,"John Vernon Field, Ballarat Grammar",Lucas HC U16,EGC,4,2,Jeff Sly,,Lucas HC U16,Mietta G.,103,,False,,,,,https://www.revolutionise.com.au/hockeyballarat/game/2524256,2026-05-17 00:59:47
Under 16 Open,Round 2,Sat 02 May 2026,11:15,"John Vernon Field, Ballarat Grammar",Lucas HC U16,EGC,4,2,Jeff Sly,,Lucas HC U16,Morgan E.,102,,True,,,,,https://www.revolutionise.com.au/hockeyballarat/game/2524256,2026-05-17 00:59:47
Under 16 Open,Round 2,Sat 02 May 2026,11:15,"John Vernon Field, Ballarat Grammar",Lucas HC U16,EGC,4,2,Jeff Sly,,Lucas HC U16,Nicholas J.,107,,True,,,,,https://www.revolutionise.com.au/hockeyballarat/game/2524256,2026-05-17 00:59:47
Under 16 Open,Round 2,Sat 02 May 2026,11:15,"John Vernon Field, Ballarat Grammar",Lucas HC U16,EGC,4,2,Jeff Sly,,Lucas HC U16,Noah B.,101,,False,,,,,https://www.revolutionise.com.au/hockeyballarat/game/2524256,2026-05-17 00:59:47
Under 16 Open,Round 2,Sat 02 May 2026,11:15,"John Vernon Field, Ballarat Grammar",Lucas HC U16,EGC,4,2,Jeff Sly,,Lucas HC U16,Oakley O.,108,,False,,,,,https://www.revolutionise.com.au/hockeyballarat/game/2524256,2026-05-17 00:59:47
Under 16 Open,Round 2,Sat 02 May 2026,11:15,"John Vernon Field, Ballarat Grammar",Lucas HC U16,EGC,4,2,Jeff Sly,,Lucas HC U16,Reuben P.,33,,True,,,,,https://www.revolutionise.com.au/hockeyballarat/game/2524256,2026-05-17 00:59:47
Under 16 Open,Round 2,Sat 02 May 2026,11:15,"John Vernon Field, Ballarat Grammar",Lucas HC U16,EGC,4,2,Jeff Sly,,Lucas HC U16,Ryan G.,104,,False,,,,,https://www.revolutionise.com.au/hockeyballarat/game/2524256,2026-05-17 00:59:47
Under 16 Open,Round 2,Sat 02 May 2026,11:15,"John Vernon Field, Ballarat Grammar",Lucas HC U16,EGC,4,2,Jeff Sly,,Lucas HC U16,Ryan P.,72,,True,,,,,https://www.revolutionise.com.au/hockeyballarat/game/2524256,2026-05-17 00:59:47
Under 16 Open,Round 2,Sat 02 May 2026,11:15,"John Vernon Field, Ballarat Grammar",Lucas HC U16,EGC,4,2,Jeff Sly,,Lucas HC U16,Sebastian P.,23,,False,,,,,https://www.revolutionise.com.au/hockeyballarat/game/2524256,2026-05-17 00:59:47
Under 16 Open,Round 2,Sat 02 May 2026,11:15,"John Vernon Field, Ballarat Grammar",Lucas HC U16,EGC,4,2,Jeff Sly,,Lucas HC U16,Xavier P.,111,,False,,,,,https://www.revolutionise.com.au/hockeyballarat/game/2524256,2026-05-17 00:59:47
Under 16 Open,Round 2,Sat 02 May 2026,11:15,"John Vernon Field, Ballarat Grammar",Lucas HC U16,EGC,4,2,Jeff Sly,,Lucas HC U16,Zara S.,112,,False,,,,,https://www.revolutionise.com.au/hockeyballarat/game/2524256,2026-05-17 00:59:47
Under 16 Open,Round 2,Sat 02 May 2026,11:15,"John Vernon Field, Ballarat Grammar",Lucas HC U16,EGC,4,2,Jeff Sly,,Lucas HC U16,Hunter K.,,,True,2,,,,https://www.revolutionise.com.au/hockeyballarat/game/2524256,2026-05-17 00:59:47
Under 16 Open,Round 2,Sat 02 May 2026,11:15,"John Vernon Field, Ballarat Grammar",Lucas HC U16,EGC,4,2,Jeff Sly,,Lucas HC U16,Lucas J.,,,True,,,,,https://www.revolutionise.com.au/hockeyballarat/game/2524256,2026-05-17 00:59:47
Under 16 Open,Round 2,Sat 02 May 2026,11:15,"John Vernon Field, Ballarat Grammar",Lucas HC U16,EGC,4,2,Jeff Sly,,Lucas HC U16,Zara S.,,,True,,,,,https://www.revolutionise.com.au/hockeyballarat/game/2524256,2026-05-17 00:59:47
Under 16 Open,Round 2,Sat 02 May 2026,11:15,"John Vernon Field, Ballarat Grammar",Lucas HC U16,EGC,4,2,Jeff Sly,,EGC,Aarav K.,73,,True,,,,,https://www.revolutionise.com.au/hockeyballarat/game/2524256,2026-05-17 00:59:47
Under 16 Open,Round 2,Sat 02 May 2026,11:15,"John Vernon Field, Ballarat Grammar",Lucas HC U16,EGC,4,2,Jeff Sly,,EGC,Benjamin B.,96,,True,1,,,,https://www.revolutionise.com.au/hockeyballarat/game/2524256,2026-05-17 00:59:47
Under 16 Open,Round 2,Sat 02 May 2026,11:15,"John Vernon Field, Ballarat Grammar",Lucas HC U16,EGC,4,2,Jeff Sly,,EGC,Fergus L.,97,Goalkeeper,True,,,,,https://www.revolutionise.com.au/hockeyballarat/game/2524256,2026-05-17 00:59:47
Under 16 Open,Round 2,Sat 02 May 2026,11:15,"John Vernon Field, Ballarat Grammar",Lucas HC U16,EGC,4,2,Jeff Sly,,EGC,Harriet L.,54,,True,,,,,https://www.revolutionise.com.au/hockeyballarat/game/2524256,2026-05-17 00:59:47
Under 16 Open,Round 2,Sat 02 May 2026,11:15,"John Vernon Field, Ballarat Grammar",Lucas HC U16,EGC,4,2,Jeff Sly,,EGC,Harry P.,80,,False,,,,,https://www.revolutionise.com.au/hockeyballarat/game/2524256,2026-05-17 00:59:47
Under 16 Open,Round 2,Sat 02 May 2026,11:15,"John Vernon Field, Ballarat Grammar",Lucas HC U16,EGC,4,2,Jeff Sly,,EGC,James H.,60,,True,,,,,https://www.revolutionise.com.au/hockeyballarat/game/2524256,2026-05-17 00:59:47
Under 16 Open,Round 2,Sat 02 May 2026,11:15,"John Vernon Field, Ballarat Grammar",Lucas HC U16,EGC,4,2,Jeff Sly,,EGC,Lachlan M.,1,Goalkeeper,True,,,,,https://www.revolutionise.com.au/hockeyballarat/game/2524256,2026-05-17 00:59:47
Under 16 Open,Round 2,Sat 02 May 2026,11:15,"John Vernon Field, Ballarat Grammar",Lucas HC U16,EGC,4,2,Jeff Sly,,EGC,Leo T.,81,,True,,,,,https://www.revolutionise.com.au/hockeyballarat/game/2524256,2026-05-17 00:59:47
Under 16 Open,Round 2,Sat 02 May 2026,11:15,"John Vernon Field, Ballarat Grammar",Lucas HC U16,EGC,4,2,Jeff Sly,,EGC,Manav K.,93,,True,,,,,https://www.revolutionise.com.au/hockeyballarat/game/2524256,2026-05-17 00:59:47
Under 16 Open,Round 2,Sat 02 May 2026,11:15,"John Vernon Field, Ballarat Grammar",Lucas HC U16,EGC,4,2,Jeff Sly,,EGC,Poppy L.,55,Captain,True,,,,,https://www.revolutionise.com.au/hockeyballarat/game/2524256,2026-05-17 00:59:47
Under 16 Open,Round 2,Sat 02 May 2026,11:15,"John Vernon Field, Ballarat Grammar",Lucas HC U16,EGC,4,2,Jeff Sly,,EGC,Riley K.,82,,True,1,,,,https://www.revolutionise.com.au/hockeyballarat/game/2524256,2026-05-17 00:59:47
Under 16 Open,Round 2,Sat 02 May 2026,11:15,"John Vernon Field, Ballarat Grammar",Lucas HC U16,EGC,4,2,Jeff Sly,,EGC,Sanuk A.,77,,False,,,,,https://www.revolutionise.com.au/hockeyballarat/game/2524256,2026-05-17 00:59:47
Under 16 Open,Round 2,Sat 02 May 2026,11:15,"John Vernon Field, Ballarat Grammar",Lucas HC U16,EGC,4,2,Jeff Sly,,EGC,Sophia P.,72,,True,,,,,https://www.revolutionise.com.au/hockeyballarat/game/2524256,2026-05-17 00:59:47
Under 16 Open,Round 2,Sat 02 May 2026,11:15,"John Vernon Field, Ballarat Grammar",Lucas HC U16,EGC,4,2,Jeff Sly,,EGC,Susan M.,92,,True,,,,,https://www.revolutionise.com.au/hockeyballarat/game/2524256,2026-05-17 00:59:47
Under 16 Open,Round 2,Sat 02 May 2026,11:15,"John Vernon Field, Ballarat Grammar",Lucas HC U16,EGC,4,2,Jeff Sly,,EGC,Talika D.,31,,True,,,,,https://www.revolutionise.com.au/hockeyballarat/game/2524256,2026-05-17 00:59:47
Under 16 Open,Round 2,Sat 02 May 2026,11:15,"John Vernon Field, Ballarat Grammar",Lucas HC U16,EGC,4,2,Jeff Sly,,EGC,Wilbur C.,46,,False,,,,,https://www.revolutionise.com.au/hockeyballarat/game/2524256,2026-05-17 00:59:47
Under 16 Open,Round 2,Sat 02 May 2026,11:15,"John Vernon Field, Ballarat Grammar",Lucas HC U16,EGC,4,2,Jeff Sly,,EGC,William S.,75,,True,,,,,https://www.revolutionise.com.au/hockeyballarat/game/2524256,2026-05-17 00:59:47
Under 16 Open,Round 3,Sat 09 May 2026,11:15,Prince of Wales Park,EGC,Blaze U16 Blaze,2,5,Jeff Sly,Joshua Sly,EGC,Aarav K.,73,,True,,,,,https://www.revolutionise.com.au/hockeyballarat/game/2524257,2026-05-17 00:59:50
Under 16 Open,Round 3,Sat 09 May 2026,11:15,Prince of Wales Park,EGC,Blaze U16 Blaze,2,5,Jeff Sly,Joshua Sly,EGC,Benjamin B.,96,,True,2,1,,,https://www.revolutionise.com.au/hockeyballarat/game/2524257,2026-05-17 00:59:50
Under 16 Open,Round 3,Sat 09 May 2026,11:15,Prince of Wales Park,EGC,Blaze U16 Blaze,2,5,Jeff Sly,Joshua Sly,EGC,Fergus L.,97,Goalkeeper,True,,,,,https://www.revolutionise.com.au/hockeyballarat/game/2524257,2026-05-17 00:59:50
Under 16 Open,Round 3,Sat 09 May 2026,11:15,Prince of Wales Park,EGC,Blaze U16 Blaze,2,5,Jeff Sly,Joshua Sly,EGC,Harriet L.,54,,True,,,,,https://www.revolutionise.com.au/hockeyballarat/game/2524257,2026-05-17 00:59:50
Under 16 Open,Round 3,Sat 09 May 2026,11:15,Prince of Wales Park,EGC,Blaze U16 Blaze,2,5,Jeff Sly,Joshua Sly,EGC,Harry P.,80,,False,,,,,https://www.revolutionise.com.au/hockeyballarat/game/2524257,2026-05-17 00:59:50
Under 16 Open,Round 3,Sat 09 May 2026,11:15,Prince of Wales Park,EGC,Blaze U16 Blaze,2,5,Jeff Sly,Joshua Sly,EGC,James H.,60,,True,,,,,https://www.revolutionise.com.au/hockeyballarat/game/2524257,2026-05-17 00:59:50
Under 16 Open,Round 3,Sat 09 May 2026,11:15,Prince of Wales Park,EGC,Blaze U16 Blaze,2,5,Jeff Sly,Joshua Sly,EGC,Lachlan M.,1,Goalkeeper,False,,,,,https://www.revolutionise.com.au/hockeyballarat/game/2524257,2026-05-17 00:59:50
Under 16 Open,Round 3,Sat 09 May 2026,11:15,Prince of Wales Park,EGC,Blaze U16 Blaze,2,5,Jeff Sly,Joshua Sly,EGC,Leo T.,81,,True,,,,,https://www.revolutionise.com.au/hockeyballarat/game/2524257,2026-05-17 00:59:50
Under 16 Open,Round 3,Sat 09 May 2026,11:15,Prince of Wales Park,EGC,Blaze U16 Blaze,2,5,Jeff Sly,Joshua Sly,EGC,Manav K.,93,,True,,,,,https://www.revolutionise.com.au/hockeyballarat/game/2524257,2026-05-17 00:59:50
Under 16 Open,Round 3,Sat 09 May 2026,11:15,Prince of Wales Park,EGC,Blaze U16 Blaze,2,5,Jeff Sly,Joshua Sly,EGC,Poppy L.,55,Captain,True,,,,,https://www.revolutionise.com.au/hockeyballarat/game/2524257,2026-05-17 00:59:50
Under 16 Open,Round 3,Sat 09 May 2026,11:15,Prince of Wales Park,EGC,Blaze U16 Blaze,2,5,Jeff Sly,Joshua Sly,EGC,Riley K.,82,,True,,,,,https://www.revolutionise.com.au/hockeyballarat/game/2524257,2026-05-17 00:59:50
Under 16 Open,Round 3,Sat 09 May 2026,11:15,Prince of Wales Park,EGC,Blaze U16 Blaze,2,5,Jeff Sly,Joshua Sly,EGC,Sanuk A.,77,,True,,,,,https://www.revolutionise.com.au/hockeyballarat/game/2524257,2026-05-17 00:59:50
Under 16 Open,Round 3,Sat 09 May 2026,11:15,Prince of Wales Park,EGC,Blaze U16 Blaze,2,5,Jeff Sly,Joshua Sly,EGC,Sophia P.,72,,True,,,,,https://www.revolutionise.com.au/hockeyballarat/game/2524257,2026-05-17 00:59:50
Under 16 Open,Round 3,Sat 09 May 2026,11:15,Prince of Wales Park,EGC,Blaze U16 Blaze,2,5,Jeff Sly,Joshua Sly,EGC,Susan M.,92,,True,,,,,https://www.revolutionise.com.au/hockeyballarat/game/2524257,2026-05-17 00:59:50
Under 16 Open,Round 3,Sat 09 May 2026,11:15,Prince of Wales Park,EGC,Blaze U16 Blaze,2,5,Jeff Sly,Joshua Sly,EGC,Talika D.,31,,True,,,,,https://www.revolutionise.com.au/hockeyballarat/game/2524257,2026-05-17 00:59:50
Under 16 Open,Round 3,Sat 09 May 2026,11:15,Prince of Wales Park,EGC,Blaze U16 Blaze,2,5,Jeff Sly,Joshua Sly,EGC,Wilbur C.,46,,False,,,,,https://www.revolutionise.com.au/hockeyballarat/game/2524257,2026-05-17 00:59:50
Under 16 Open,Round 3,Sat 09 May 2026,11:15,Prince of Wales Park,EGC,Blaze U16 Blaze,2,5,Jeff Sly,Joshua Sly,EGC,William S.,75,,True,,,,,https://www.revolutionise.com.au/hockeyballarat/game/2524257,2026-05-17 00:59:50
Under 16 Open,Round 3,Sat 09 May 2026,11:15,Prince of Wales Park,EGC,Blaze U16 Blaze,2,5,Jeff Sly,Joshua Sly,Blaze U16 Blaze,Arabella J.,7,,True,,,,,https://www.revolutionise.com.au/hockeyballarat/game/2524257,2026-05-17 00:59:50
Under 16 Open,Round 3,Sat 09 May 2026,11:15,Prince of Wales Park,EGC,Blaze U16 Blaze,2,5,Jeff Sly,Joshua Sly,Blaze U16 Blaze,Chloe N.,1,,True,,,,,https://www.revolutionise.com.au/hockeyballarat/game/2524257,2026-05-17 00:59:50
Under 16 Open,Round 3,Sat 09 May 2026,11:15,Prince of Wales Park,EGC,Blaze U16 Blaze,2,5,Jeff Sly,Joshua Sly,Blaze U16 Blaze,Cooper G.,9,,True,,,,,https://www.revolutionise.com.au/hockeyballarat/game/2524257,2026-05-17 00:59:50
Under 16 Open,Round 3,Sat 09 May 2026,11:15,Prince of Wales Park,EGC,Blaze U16 Blaze,2,5,Jeff Sly,Joshua Sly,Blaze U16 Blaze,Cora T.,10,,True,,,,,https://www.revolutionise.com.au/hockeyballarat/game/2524257,2026-05-17 00:59:50
Under 16 Open,Round 3,Sat 09 May 2026,11:15,Prince of Wales Park,EGC,Blaze U16 Blaze,2,5,Jeff Sly,Joshua Sly,Blaze U16 Blaze,Eva W.,11,,True,,,,,https://www.revolutionise.com.au/hockeyballarat/game/2524257,2026-05-17 00:59:50
Under 16 Open,Round 3,Sat 09 May 2026,11:15,Prince of Wales Park,EGC,Blaze U16 Blaze,2,5,Jeff Sly,Joshua Sly,Blaze U16 Blaze,Harry S.,13,,False,,,,,https://www.revolutionise.com.au/hockeyballarat/game/2524257,2026-05-17 00:59:50
Under 16 Open,Round 3,Sat 09 May 2026,11:15,Prince of Wales Park,EGC,Blaze U16 Blaze,2,5,Jeff Sly,Joshua Sly,Blaze U16 Blaze,Isabella A.,8,,True,,,,,https://www.revolutionise.com.au/hockeyballarat/game/2524257,2026-05-17 00:59:50
Under 16 Open,Round 3,Sat 09 May 2026,11:15,Prince of Wales Park,EGC,Blaze U16 Blaze,2,5,Jeff Sly,Joshua Sly,Blaze U16 Blaze,Jackson M.,3,,True,,,,,https://www.revolutionise.com.au/hockeyballarat/game/2524257,2026-05-17 00:59:50
Under 16 Open,Round 3,Sat 09 May 2026,11:15,Prince of Wales Park,EGC,Blaze U16 Blaze,2,5,Jeff Sly,Joshua Sly,Blaze U16 Blaze,Lola W.,4,,True,1,,,,https://www.revolutionise.com.au/hockeyballarat/game/2524257,2026-05-17 00:59:50
Under 16 Open,Round 3,Sat 09 May 2026,11:15,Prince of Wales Park,EGC,Blaze U16 Blaze,2,5,Jeff Sly,Joshua Sly,Blaze U16 Blaze,Mitchell S.,2,,True,2,,,,https://www.revolutionise.com.au/hockeyballarat/game/2524257,2026-05-17 00:59:50
Under 16 Open,Round 3,Sat 09 May 2026,11:15,Prince of Wales Park,EGC,Blaze U16 Blaze,2,5,Jeff Sly,Joshua Sly,Blaze U16 Blaze,Quinn M.,6,,True,,,,,https://www.revolutionise.com.au/hockeyballarat/game/2524257,2026-05-17 00:59:50
Under 16 Open,Round 3,Sat 09 May 2026,11:15,Prince of Wales Park,EGC,Blaze U16 Blaze,2,5,Jeff Sly,Joshua Sly,Blaze U16 Blaze,Sebastian H.,,,True,,,,,https://www.revolutionise.com.au/hockeyballarat/game/2524257,2026-05-17 00:59:50
Under 16 Open,Round 3,Sat 09 May 2026,11:15,Prince of Wales Park,EGC,Blaze U16 Blaze,2,5,Jeff Sly,Joshua Sly,Blaze U16 Blaze,William H.,5,,True,2,,,,https://www.revolutionise.com.au/hockeyballarat/game/2524257,2026-05-17 00:59:50
Under 16 Open,Round 3,Sat 09 May 2026,11:15,Prince of Wales Park,EGC,Blaze U16 Blaze,2,5,Jeff Sly,Joshua Sly,Blaze U16 Blaze,Ethan O.,,,True,,,,,https://www.revolutionise.com.au/hockeyballarat/game/2524257,2026-05-17 00:59:50
Under 16 Open,Round 3,Sat 09 May 2026,11:15,Prince of Wales Park,EGC,Blaze U16 Blaze,2,5,Jeff Sly,Joshua Sly,Blaze U16 Blaze,Thomas G.,,,True,,,,,https://www.revolutionise.com.au/hockeyballarat/game/2524257,2026-05-17 00:59:50
Under 16 Open,Round 4,Sat 23 May 2026,11:15,Prince of Wales Park,Lucas HC U16,Blaze U16 Blaze,,,,,Lucas HC U16,Caleb H.,106,,False,,,,,https://www.revolutionise.com.au/hockeyballarat/game/2524259,2026-05-17 00:59:53
Under 16 Open,Round 4,Sat 23 May 2026,11:15,Prince of Wales Park,Lucas HC U16,Blaze U16 Blaze,,,,,Lucas HC U16,Goraav Reddy N.,64,,False,,,,,https://www.revolutionise.com.au/hockeyballarat/game/2524259,2026-05-17 00:59:53
Under 16 Open,Round 4,Sat 23 May 2026,11:15,Prince of Wales Park,Lucas HC U16,Blaze U16 Blaze,,,,,Lucas HC U16,Harley S.,61,,False,,,,,https://www.revolutionise.com.au/hockeyballarat/game/2524259,2026-05-17 00:59:53
Under 16 Open,Round 4,Sat 23 May 2026,11:15,Prince of Wales Park,Lucas HC U16,Blaze U16 Blaze,,,,,Lucas HC U16,Heidi S.,2,,False,,,,,https://www.revolutionise.com.au/hockeyballarat/game/2524259,2026-05-17 00:59:53
Under 16 Open,Round 4,Sat 23 May 2026,11:15,Prince of Wales Park,Lucas HC U16,Blaze U16 Blaze,,,,,Lucas HC U16,Henry B.,100,,False,,,,,https://www.revolutionise.com.au/hockeyballarat/game/2524259,2026-05-17 00:59:53
Under 16 Open,Round 4,Sat 23 May 2026,11:15,Prince of Wales Park,Lucas HC U16,Blaze U16 Blaze,,,,,Lucas HC U16,Hunter K.,113,,False,,,,,https://www.revolutionise.com.au/hockeyballarat/game/2524259,2026-05-17 00:59:53
Under 16 Open,Round 4,Sat 23 May 2026,11:15,Prince of Wales Park,Lucas HC U16,Blaze U16 Blaze,,,,,Lucas HC U16,Jake R.,109,,False,,,,,https://www.revolutionise.com.au/hockeyballarat/game/2524259,2026-05-17 00:59:53
Under 16 Open,Round 4,Sat 23 May 2026,11:15,Prince of Wales Park,Lucas HC U16,Blaze U16 Blaze,,,,,Lucas HC U16,Jordan S.,16,,False,,,,,https://www.revolutionise.com.au/hockeyballarat/game/2524259,2026-05-17 00:59:53
Under 16 Open,Round 4,Sat 23 May 2026,11:15,Prince of Wales Park,Lucas HC U16,Blaze U16 Blaze,,,,,Lucas HC U16,Lachlan H.,36,,False,,,,,https://www.revolutionise.com.au/hockeyballarat/game/2524259,2026-05-17 00:59:53
Under 16 Open,Round 4,Sat 23 May 2026,11:15,Prince of Wales Park,Lucas HC U16,Blaze U16 Blaze,,,,,Lucas HC U16,Lucas J.,114,,False,,,,,https://www.revolutionise.com.au/hockeyballarat/game/2524259,2026-05-17 00:59:53
Under 16 Open,Round 4,Sat 23 May 2026,11:15,Prince of Wales Park,Lucas HC U16,Blaze U16 Blaze,,,,,Lucas HC U16,Mack H.,105,,False,,,,,https://www.revolutionise.com.au/hockeyballarat/game/2524259,2026-05-17 00:59:53
Under 16 Open,Round 4,Sat 23 May 2026,11:15,Prince of Wales Park,Lucas HC U16,Blaze U16 Blaze,,,,,Lucas HC U16,Mietta G.,103,,False,,,,,https://www.revolutionise.com.au/hockeyballarat/game/2524259,2026-05-17 00:59:53
Under 16 Open,Round 4,Sat 23 May 2026,11:15,Prince of Wales Park,Lucas HC U16,Blaze U16 Blaze,,,,,Lucas HC U16,Morgan E.,102,,False,,,,,https://www.revolutionise.com.au/hockeyballarat/game/2524259,2026-05-17 00:59:53
Under 16 Open,Round 4,Sat 23 May 2026,11:15,Prince of Wales Park,Lucas HC U16,Blaze U16 Blaze,,,,,Lucas HC U16,Nicholas J.,107,,False,,,,,https://www.revolutionise.com.au/hockeyballarat/game/2524259,2026-05-17 00:59:53
Under 16 Open,Round 4,Sat 23 May 2026,11:15,Prince of Wales Park,Lucas HC U16,Blaze U16 Blaze,,,,,Lucas HC U16,Noah B.,101,,False,,,,,https://www.revolutionise.com.au/hockeyballarat/game/2524259,2026-05-17 00:59:53
Under 16 Open,Round 4,Sat 23 May 2026,11:15,Prince of Wales Park,Lucas HC U16,Blaze U16 Blaze,,,,,Lucas HC U16,Oakley O.,108,,False,,,,,https://www.revolutionise.com.au/hockeyballarat/game/2524259,2026-05-17 00:59:53
Under 16 Open,Round 4,Sat 23 May 2026,11:15,Prince of Wales Park,Lucas HC U16,Blaze U16 Blaze,,,,,Lucas HC U16,Reuben P.,33,,False,,,,,https://www.revolutionise.com.au/hockeyballarat/game/2524259,2026-05-17 00:59:53
Under 16 Open,Round 4,Sat 23 May 2026,11:15,Prince of Wales Park,Lucas HC U16,Blaze U16 Blaze,,,,,Lucas HC U16,Ryan G.,104,,False,,,,,https://www.revolutionise.com.au/hockeyballarat/game/2524259,2026-05-17 00:59:53
Under 16 Open,Round 4,Sat 23 May 2026,11:15,Prince of Wales Park,Lucas HC U16,Blaze U16 Blaze,,,,,Lucas HC U16,Ryan P.,72,,False,,,,,https://www.revolutionise.com.au/hockeyballarat/game/2524259,2026-05-17 00:59:53
Under 16 Open,Round 4,Sat 23 May 2026,11:15,Prince of Wales Park,Lucas HC U16,Blaze U16 Blaze,,,,,Lucas HC U16,Sebastian P.,23,,False,,,,,https://www.revolutionise.com.au/hockeyballarat/game/2524259,2026-05-17 00:59:53
Under 16 Open,Round 4,Sat 23 May 2026,11:15,Prince of Wales Park,Lucas HC U16,Blaze U16 Blaze,,,,,Lucas HC U16,Xavier P.,111,,False,,,,,https://www.revolutionise.com.au/hockeyballarat/game/2524259,2026-05-17 00:59:53
Under 16 Open,Round 4,Sat 23 May 2026,11:15,Prince of Wales Park,Lucas HC U16,Blaze U16 Blaze,,,,,Lucas HC U16,Zara S.,112,,False,,,,,https://www.revolutionise.com.au/hockeyballarat/game/2524259,2026-05-17 00:59:53
Under 16 Open,Round 4,Sat 23 May 2026,11:15,Prince of Wales Park,Lucas HC U16,Blaze U16 Blaze,,,,,Blaze U16 Blaze,Arabella J.,7,,False,,,,,https://www.revolutionise.com.au/hockeyballarat/game/2524259,2026-05-17 00:59:53
Under 16 Open,Round 4,Sat 23 May 2026,11:15,Prince of Wales Park,Lucas HC U16,Blaze U16 Blaze,,,,,Blaze U16 Blaze,Chloe N.,1,,False,,,,,https://www.revolutionise.com.au/hockeyballarat/game/2524259,2026-05-17 00:59:53
Under 16 Open,Round 4,Sat 23 May 2026,11:15,Prince of Wales Park,Lucas HC U16,Blaze U16 Blaze,,,,,Blaze U16 Blaze,Cooper G.,9,,False,,,,,https://www.revolutionise.com.au/hockeyballarat/game/2524259,2026-05-17 00:59:53
Under 16 Open,Round 4,Sat 23 May 2026,11:15,Prince of Wales Park,Lucas HC U16,Blaze U16 Blaze,,,,,Blaze U16 Blaze,Cora T.,10,,False,,,,,https://www.revolutionise.com.au/hockeyballarat/game/2524259,2026-05-17 00:59:53
Under 16 Open,Round 4,Sat 23 May 2026,11:15,Prince of Wales Park,Lucas HC U16,Blaze U16 Blaze,,,,,Blaze U16 Blaze,Eva W.,11,,False,,,,,https://www.revolutionise.com.au/hockeyballarat/game/2524259,2026-05-17 00:59:53
Under 16 Open,Round 4,Sat 23 May 2026,11:15,Prince of Wales Park,Lucas HC U16,Blaze U16 Blaze,,,,,Blaze U16 Blaze,Harry S.,13,,False,,,,,https://www.revolutionise.com.au/hockeyballarat/game/2524259,2026-05-17 00:59:53
Under 16 Open,Round 4,Sat 23 May 2026,11:15,Prince of Wales Park,Lucas HC U16,Blaze U16 Blaze,,,,,Blaze U16 Blaze,Isabella A.,8,,False,,,,,https://www.revolutionise.com.au/hockeyballarat/game/2524259,2026-05-17 00:59:53
Under 16 Open,Round 4,Sat 23 May 2026,11:15,Prince of Wales Park,Lucas HC U16,Blaze U16 Blaze,,,,,Blaze U16 Blaze,Jackson M.,3,,False,,,,,https://www.revolutionise.com.au/hockeyballarat/game/2524259,2026-05-17 00:59:53
Under 16 Open,Round 4,Sat 23 May 2026,11:15,Prince of Wales Park,Lucas HC U16,Blaze U16 Blaze,,,,,Blaze U16 Blaze,Lola W.,4,,False,,,,,https://www.revolutionise.com.au/hockeyballarat/game/2524259,2026-05-17 00:59:53
Under 16 Open,Round 4,Sat 23 May 2026,11:15,Prince of Wales Park,Lucas HC U16,Blaze U16 Blaze,,,,,Blaze U16 Blaze,Mitchell S.,2,,False,,,,,https://www.revolutionise.com.au/hockeyballarat/game/2524259,2026-05-17 00:59:53
Under 16 Open,Round 4,Sat 23 May 2026,11:15,Prince of Wales Park,Lucas HC U16,Blaze U16 Blaze,,,,,Blaze U16 Blaze,Quinn M.,6,,False,,,,,https://www.revolutionise.com.au/hockeyballarat/game/2524259,2026-05-17 00:59:53
Under 16 Open,Round 4,Sat 23 May 2026,11:15,Prince of Wales Park,Lucas HC U16,Blaze U16 Blaze,,,,,Blaze U16 Blaze,Sebastian H.,,,False,,,,,https://www.revolutionise.com.au/hockeyballarat/game/2524259,2026-05-17 00:59:53
Under 16 Open,Round 4,Sat 23 May 2026,11:15,Prince of Wales Park,Lucas HC U16,Blaze U16 Blaze,,,,,Blaze U16 Blaze,William H.,5,,False,,,,,https://www.revolutionise.com.au/hockeyballarat/game/2524259,2026-05-17 00:59:53
Under 16 Open,Round 5,Sat 30 May 2026,11:15,Prince of Wales Park,-,EGC,4,2,Jeff Sly,Details,EGC,Aarav K.,73,,False,,,,,https://www.revolutionise.com.au/hockeyballarat/game/2524262,2026-05-17 00:59:57
Under 16 Open,Round 5,Sat 30 May 2026,11:15,Prince of Wales Park,-,EGC,4,2,Jeff Sly,Details,EGC,Benjamin B.,96,,False,,,,,https://www.revolutionise.com.au/hockeyballarat/game/2524262,2026-05-17 00:59:57
Under 16 Open,Round 5,Sat 30 May 2026,11:15,Prince of Wales Park,-,EGC,4,2,Jeff Sly,Details,EGC,Fergus L.,97,Goalkeeper,False,,,,,https://www.revolutionise.com.au/hockeyballarat/game/2524262,2026-05-17 00:59:57
Under 16 Open,Round 5,Sat 30 May 2026,11:15,Prince of Wales Park,-,EGC,4,2,Jeff Sly,Details,EGC,Harriet L.,54,,False,,,,,https://www.revolutionise.com.au/hockeyballarat/game/2524262,2026-05-17 00:59:57
Under 16 Open,Round 5,Sat 30 May 2026,11:15,Prince of Wales Park,-,EGC,4,2,Jeff Sly,Details,EGC,Harry P.,80,,False,,,,,https://www.revolutionise.com.au/hockeyballarat/game/2524262,2026-05-17 00:59:57
Under 16 Open,Round 5,Sat 30 May 2026,11:15,Prince of Wales Park,-,EGC,4,2,Jeff Sly,Details,EGC,James H.,60,,False,,,,,https://www.revolutionise.com.au/hockeyballarat/game/2524262,2026-05-17 00:59:57
Under 16 Open,Round 5,Sat 30 May 2026,11:15,Prince of Wales Park,-,EGC,4,2,Jeff Sly,Details,EGC,Lachlan M.,1,Goalkeeper,False,,,,,https://www.revolutionise.com.au/hockeyballarat/game/2524262,2026-05-17 00:59:57
Under 16 Open,Round 5,Sat 30 May 2026,11:15,Prince of Wales Park,-,EGC,4,2,Jeff Sly,Details,EGC,Leo T.,81,,False,,,,,https://www.revolutionise.com.au/hockeyballarat/game/2524262,2026-05-17 00:59:57
Under 16 Open,Round 5,Sat 30 May 2026,11:15,Prince of Wales Park,-,EGC,4,2,Jeff Sly,Details,EGC,Manav K.,93,,False,,,,,https://www.revolutionise.com.au/hockeyballarat/game/2524262,2026-05-17 00:59:57
Under 16 Open,Round 5,Sat 30 May 2026,11:15,Prince of Wales Park,-,EGC,4,2,Jeff Sly,Details,EGC,Poppy L.,55,Captain,False,,,,,https://www.revolutionise.com.au/hockeyballarat/game/2524262,2026-05-17 00:59:57
Under 16 Open,Round 5,Sat 30 May 2026,11:15,Prince of Wales Park,-,EGC,4,2,Jeff Sly,Details,EGC,Riley K.,82,,False,,,,,https://www.revolutionise.com.au/hockeyballarat/game/2524262,2026-05-17 00:59:57
Under 16 Open,Round 5,Sat 30 May 2026,11:15,Prince of Wales Park,-,EGC,4,2,Jeff Sly,Details,EGC,Sanuk A.,77,,False,,,,,https://www.revolutionise.com.au/hockeyballarat/game/2524262,2026-05-17 00:59:57
Under 16 Open,Round 5,Sat 30 May 2026,11:15,Prince of Wales Park,-,EGC,4,2,Jeff Sly,Details,EGC,Sophia P.,72,,False,,,,,https://www.revolutionise.com.au/hockeyballarat/game/2524262,2026-05-17 00:59:57
Under 16 Open,Round 5,Sat 30 May 2026,11:15,Prince of Wales Park,-,EGC,4,2,Jeff Sly,Details,EGC,Susan M.,92,,False,,,,,https://www.revolutionise.com.au/hockeyballarat/game/2524262,2026-05-17 00:59:57
Under 16 Open,Round 5,Sat 30 May 2026,11:15,Prince of Wales Park,-,EGC,4,2,Jeff Sly,Details,EGC,Talika D.,31,,False,,,,,https://www.revolutionise.com.au/hockeyballarat/game/2524262,2026-05-17 00:59:57
Under 16 Open,Round 5,Sat 30 May 2026,11:15,Prince of Wales Park,-,EGC,4,2,Jeff Sly,Details,EGC,Wilbur C.,46,,False,,,,,https://www.revolutionise.com.au/hockeyballarat/game/2524262,2026-05-17 00:59:57
Under 16 Open,Round 5,Sat 30 May 2026,11:15,Prince of Wales Park,-,EGC,4,2,Jeff Sly,Details,EGC,William S.,75,,False,,,,,https://www.revolutionise.com.au/hockeyballarat/game/2524262,2026-05-17 00:59:57
Under 16 Open,Round 5,Sat 30 May 2026,11:15,Prince of Wales Park,-,EGC,4,2,Jeff Sly,Details,Lucas HC U16,Caleb H.,106,,False,,,,,https://www.revolutionise.com.au/hockeyballarat/game/2524262,2026-05-17 00:59:57
Under 16 Open,Round 5,Sat 30 May 2026,11:15,Prince of Wales Park,-,EGC,4,2,Jeff Sly,Details,Lucas HC U16,Goraav Reddy N.,64,,False,,,,,https://www.revolutionise.com.au/hockeyballarat/game/2524262,2026-05-17 00:59:57
Under 16 Open,Round 5,Sat 30 May 2026,11:15,Prince of Wales Park,-,EGC,4,2,Jeff Sly,Details,Lucas HC U16,Harley S.,61,,False,,,,,https://www.revolutionise.com.au/hockeyballarat/game/2524262,2026-05-17 00:59:57
Under 16 Open,Round 5,Sat 30 May 2026,11:15,Prince of Wales Park,-,EGC,4,2,Jeff Sly,Details,Lucas HC U16,Heidi S.,2,,False,,,,,https://www.revolutionise.com.au/hockeyballarat/game/2524262,2026-05-17 00:59:57
Under 16 Open,Round 5,Sat 30 May 2026,11:15,Prince of Wales Park,-,EGC,4,2,Jeff Sly,Details,Lucas HC U16,Henry B.,100,,False,,,,,https://www.revolutionise.com.au/hockeyballarat/game/2524262,2026-05-17 00:59:57
Under 16 Open,Round 5,Sat 30 May 2026,11:15,Prince of Wales Park,-,EGC,4,2,Jeff Sly,Details,Lucas HC U16,Hunter K.,113,,False,,,,,https://www.revolutionise.com.au/hockeyballarat/game/2524262,2026-05-17 00:59:57
Under 16 Open,Round 5,Sat 30 May 2026,11:15,Prince of Wales Park,-,EGC,4,2,Jeff Sly,Details,Lucas HC U16,Jake R.,109,,False,,,,,https://www.revolutionise.com.au/hockeyballarat/game/2524262,2026-05-17 00:59:57
Under 16 Open,Round 5,Sat 30 May 2026,11:15,Prince of Wales Park,-,EGC,4,2,Jeff Sly,Details,Lucas HC U16,Jordan S.,16,,False,,,,,https://www.revolutionise.com.au/hockeyballarat/game/2524262,2026-05-17 00:59:57
Under 16 Open,Round 5,Sat 30 May 2026,11:15,Prince of Wales Park,-,EGC,4,2,Jeff Sly,Details,Lucas HC U16,Lachlan H.,36,,False,,,,,https://www.revolutionise.com.au/hockeyballarat/game/2524262,2026-05-17 00:59:57
Under 16 Open,Round 5,Sat 30 May 2026,11:15,Prince of Wales Park,-,EGC,4,2,Jeff Sly,Details,Lucas HC U16,Lucas J.,114,,False,,,,,https://www.revolutionise.com.au/hockeyballarat/game/2524262,2026-05-17 00:59:57
Under 16 Open,Round 5,Sat 30 May 2026,11:15,Prince of Wales Park,-,EGC,4,2,Jeff Sly,Details,Lucas HC U16,Mack H.,105,,False,,,,,https://www.revolutionise.com.au/hockeyballarat/game/2524262,2026-05-17 00:59:57
Under 16 Open,Round 5,Sat 30 May 2026,11:15,Prince of Wales Park,-,EGC,4,2,Jeff Sly,Details,Lucas HC U16,Mietta G.,103,,False,,,,,https://www.revolutionise.com.au/hockeyballarat/game/2524262,2026-05-17 00:59:57
Under 16 Open,Round 5,Sat 30 May 2026,11:15,Prince of Wales Park,-,EGC,4,2,Jeff Sly,Details,Lucas HC U16,Morgan E.,102,,False,,,,,https://www.revolutionise.com.au/hockeyballarat/game/2524262,2026-05-17 00:59:57
Under 16 Open,Round 5,Sat 30 May 2026,11:15,Prince of Wales Park,-,EGC,4,2,Jeff Sly,Details,Lucas HC U16,Nicholas J.,107,,False,,,,,https://www.revolutionise.com.au/hockeyballarat/game/2524262,2026-05-17 00:59:57
Under 16 Open,Round 5,Sat 30 May 2026,11:15,Prince of Wales Park,-,EGC,4,2,Jeff Sly,Details,Lucas HC U16,Noah B.,101,,False,,,,,https://www.revolutionise.com.au/hockeyballarat/game/2524262,2026-05-17 00:59:57
Under 16 Open,Round 5,Sat 30 May 2026,11:15,Prince of Wales Park,-,EGC,4,2,Jeff Sly,Details,Lucas HC U16,Oakley O.,108,,False,,,,,https://www.revolutionise.com.au/hockeyballarat/game/2524262,2026-05-17 00:59:57
Under 16 Open,Round 5,Sat 30 May 2026,11:15,Prince of Wales Park,-,EGC,4,2,Jeff Sly,Details,Lucas HC U16,Reuben P.,33,,False,,,,,https://www.revolutionise.com.au/hockeyballarat/game/2524262,2026-05-17 00:59:57
Under 16 Open,Round 5,Sat 30 May 2026,11:15,Prince of Wales Park,-,EGC,4,2,Jeff Sly,Details,Lucas HC U16,Ryan G.,104,,False,,,,,https://www.revolutionise.com.au/hockeyballarat/game/2524262,2026-05-17 00:59:57
Under 16 Open,Round 5,Sat 30 May 2026,11:15,Prince of Wales Park,-,EGC,4,2,Jeff Sly,Details,Lucas HC U16,Ryan P.,72,,False,,,,,https://www.revolutionise.com.au/hockeyballarat/game/2524262,2026-05-17 00:59:57
Under 16 Open,Round 5,Sat 30 May 2026,11:15,Prince of Wales Park,-,EGC,4,2,Jeff Sly,Details,Lucas HC U16,Sebastian P.,23,,False,,,,,https://www.revolutionise.com.au/hockeyballarat/game/2524262,2026-05-17 00:59:57
Under 16 Open,Round 5,Sat 30 May 2026,11:15,Prince of Wales Park,-,EGC,4,2,Jeff Sly,Details,Lucas HC U16,Xavier P.,111,,False,,,,,https://www.revolutionise.com.au/hockeyballarat/game/2524262,2026-05-17 00:59:57
Under 16 Open,Round 5,Sat 30 May 2026,11:15,Prince of Wales Park,-,EGC,4,2,Jeff Sly,Details,Lucas HC U16,Zara S.,112,,False,,,,,https://www.revolutionise.com.au/hockeyballarat/game/2524262,2026-05-17 00:59:57
Division 1 Men,Round 1,Sun 26 Apr 2026,10:30,Prince of Wales Park,Lucas HC Div 1 Men,Bobcats Div 1 Men,3,1,Craig Stevens,Jeff Sly,Lucas HC Div 1 Men,Caleb H.,10,,False,,,,,https://www.revolutionise.com.au/hockeyballarat/game/2522116,2026-05-17 01:00:03
Division 1 Men,Round 1,Sun 26 Apr 2026,10:30,Prince of Wales Park,Lucas HC Div 1 Men,Bobcats Div 1 Men,3,1,Craig Stevens,Jeff Sly,Lucas HC Div 1 Men,Damon S.,35,,False,,,,,https://www.revolutionise.com.au/hockeyballarat/game/2522116,2026-05-17 01:00:03
Division 1 Men,Round 1,Sun 26 Apr 2026,10:30,Prince of Wales Park,Lucas HC Div 1 Men,Bobcats Div 1 Men,3,1,Craig Stevens,Jeff Sly,Lucas HC Div 1 Men,Gabe P.,71,,True,1,,,,https://www.revolutionise.com.au/hockeyballarat/game/2522116,2026-05-17 01:00:03
Division 1 Men,Round 1,Sun 26 Apr 2026,10:30,Prince of Wales Park,Lucas HC Div 1 Men,Bobcats Div 1 Men,3,1,Craig Stevens,Jeff Sly,Lucas HC Div 1 Men,Glyn K.,13,,False,,,,,https://www.revolutionise.com.au/hockeyballarat/game/2522116,2026-05-17 01:00:03
Division 1 Men,Round 1,Sun 26 Apr 2026,10:30,Prince of Wales Park,Lucas HC Div 1 Men,Bobcats Div 1 Men,3,1,Craig Stevens,Jeff Sly,Lucas HC Div 1 Men,Harley S.,21,,False,,,,,https://www.revolutionise.com.au/hockeyballarat/game/2522116,2026-05-17 01:00:03
Division 1 Men,Round 1,Sun 26 Apr 2026,10:30,Prince of Wales Park,Lucas HC Div 1 Men,Bobcats Div 1 Men,3,1,Craig Stevens,Jeff Sly,Lucas HC Div 1 Men,Hayden S.,26,,True,,,,,https://www.revolutionise.com.au/hockeyballarat/game/2522116,2026-05-17 01:00:03
Division 1 Men,Round 1,Sun 26 Apr 2026,10:30,Prince of Wales Park,Lucas HC Div 1 Men,Bobcats Div 1 Men,3,1,Craig Stevens,Jeff Sly,Lucas HC Div 1 Men,Henry B.,17,,False,,,,,https://www.revolutionise.com.au/hockeyballarat/game/2522116,2026-05-17 01:00:03
Division 1 Men,Round 1,Sun 26 Apr 2026,10:30,Prince of Wales Park,Lucas HC Div 1 Men,Bobcats Div 1 Men,3,1,Craig Stevens,Jeff Sly,Lucas HC Div 1 Men,Jake R.,19,,False,,,,,https://www.revolutionise.com.au/hockeyballarat/game/2522116,2026-05-17 01:00:03
Division 1 Men,Round 1,Sun 26 Apr 2026,10:30,Prince of Wales Park,Lucas HC Div 1 Men,Bobcats Div 1 Men,3,1,Craig Stevens,Jeff Sly,Lucas HC Div 1 Men,James V.,78,,False,,,,,https://www.revolutionise.com.au/hockeyballarat/game/2522116,2026-05-17 01:00:03
Division 1 Men,Round 1,Sun 26 Apr 2026,10:30,Prince of Wales Park,Lucas HC Div 1 Men,Bobcats Div 1 Men,3,1,Craig Stevens,Jeff Sly,Lucas HC Div 1 Men,Jason H.,16,,False,,,,,https://www.revolutionise.com.au/hockeyballarat/game/2522116,2026-05-17 01:00:03
Division 1 Men,Round 1,Sun 26 Apr 2026,10:30,Prince of Wales Park,Lucas HC Div 1 Men,Bobcats Div 1 Men,3,1,Craig Stevens,Jeff Sly,Lucas HC Div 1 Men,Jordan S.,22,,False,,,,,https://www.revolutionise.com.au/hockeyballarat/game/2522116,2026-05-17 01:00:03
Division 1 Men,Round 1,Sun 26 Apr 2026,10:30,Prince of Wales Park,Lucas HC Div 1 Men,Bobcats Div 1 Men,3,1,Craig Stevens,Jeff Sly,Lucas HC Div 1 Men,Lachlan H.,36,,True,,,,,https://www.revolutionise.com.au/hockeyballarat/game/2522116,2026-05-17 01:00:03
Division 1 Men,Round 1,Sun 26 Apr 2026,10:30,Prince of Wales Park,Lucas HC Div 1 Men,Bobcats Div 1 Men,3,1,Craig Stevens,Jeff Sly,Lucas HC Div 1 Men,Lachlan N.,74,,False,,,,,https://www.revolutionise.com.au/hockeyballarat/game/2522116,2026-05-17 01:00:03
Division 1 Men,Round 1,Sun 26 Apr 2026,10:30,Prince of Wales Park,Lucas HC Div 1 Men,Bobcats Div 1 Men,3,1,Craig Stevens,Jeff Sly,Lucas HC Div 1 Men,Luke P.,1,,True,,,,,https://www.revolutionise.com.au/hockeyballarat/game/2522116,2026-05-17 01:00:03
Division 1 Men,Round 1,Sun 26 Apr 2026,10:30,Prince of Wales Park,Lucas HC Div 1 Men,Bobcats Div 1 Men,3,1,Craig Stevens,Jeff Sly,Lucas HC Div 1 Men,Mack H.,7,,False,,,,,https://www.revolutionise.com.au/hockeyballarat/game/2522116,2026-05-17 01:00:03
Division 1 Men,Round 1,Sun 26 Apr 2026,10:30,Prince of Wales Park,Lucas HC Div 1 Men,Bobcats Div 1 Men,3,1,Craig Stevens,Jeff Sly,Lucas HC Div 1 Men,Matthew K.,73,,True,,,,,https://www.revolutionise.com.au/hockeyballarat/game/2522116,2026-05-17 01:00:03
Division 1 Men,Round 1,Sun 26 Apr 2026,10:30,Prince of Wales Park,Lucas HC Div 1 Men,Bobcats Div 1 Men,3,1,Craig Stevens,Jeff Sly,Lucas HC Div 1 Men,Michael C.,77,,False,,,,,https://www.revolutionise.com.au/hockeyballarat/game/2522116,2026-05-17 01:00:03
Division 1 Men,Round 1,Sun 26 Apr 2026,10:30,Prince of Wales Park,Lucas HC Div 1 Men,Bobcats Div 1 Men,3,1,Craig Stevens,Jeff Sly,Lucas HC Div 1 Men,Nathan H.,8,,False,,,,,https://www.revolutionise.com.au/hockeyballarat/game/2522116,2026-05-17 01:00:03
Division 1 Men,Round 1,Sun 26 Apr 2026,10:30,Prince of Wales Park,Lucas HC Div 1 Men,Bobcats Div 1 Men,3,1,Craig Stevens,Jeff Sly,Lucas HC Div 1 Men,Nicholas H.,9,,False,,,,,https://www.revolutionise.com.au/hockeyballarat/game/2522116,2026-05-17 01:00:03
Division 1 Men,Round 1,Sun 26 Apr 2026,10:30,Prince of Wales Park,Lucas HC Div 1 Men,Bobcats Div 1 Men,3,1,Craig Stevens,Jeff Sly,Lucas HC Div 1 Men,Nicholas J.,12,,True,,,,,https://www.revolutionise.com.au/hockeyballarat/game/2522116,2026-05-17 01:00:03
Division 1 Men,Round 1,Sun 26 Apr 2026,10:30,Prince of Wales Park,Lucas HC Div 1 Men,Bobcats Div 1 Men,3,1,Craig Stevens,Jeff Sly,Lucas HC Div 1 Men,Noah B.,2,,False,,,,,https://www.revolutionise.com.au/hockeyballarat/game/2522116,2026-05-17 01:00:03
Division 1 Men,Round 1,Sun 26 Apr 2026,10:30,Prince of Wales Park,Lucas HC Div 1 Men,Bobcats Div 1 Men,3,1,Craig Stevens,Jeff Sly,Lucas HC Div 1 Men,Reuben P.,18,,False,,,,,https://www.revolutionise.com.au/hockeyballarat/game/2522116,2026-05-17 01:00:03
Division 1 Men,Round 1,Sun 26 Apr 2026,10:30,Prince of Wales Park,Lucas HC Div 1 Men,Bobcats Div 1 Men,3,1,Craig Stevens,Jeff Sly,Lucas HC Div 1 Men,Ryan G.,28,,False,,,,,https://www.revolutionise.com.au/hockeyballarat/game/2522116,2026-05-17 01:00:03
Division 1 Men,Round 1,Sun 26 Apr 2026,10:30,Prince of Wales Park,Lucas HC Div 1 Men,Bobcats Div 1 Men,3,1,Craig Stevens,Jeff Sly,Lucas HC Div 1 Men,Scott H.,11,,False,,,,,https://www.revolutionise.com.au/hockeyballarat/game/2522116,2026-05-17 01:00:03
Division 1 Men,Round 1,Sun 26 Apr 2026,10:30,Prince of Wales Park,Lucas HC Div 1 Men,Bobcats Div 1 Men,3,1,Craig Stevens,Jeff Sly,Lucas HC Div 1 Men,William M.,15,,False,,,,,https://www.revolutionise.com.au/hockeyballarat/game/2522116,2026-05-17 01:00:03
Division 1 Men,Round 1,Sun 26 Apr 2026,10:30,Prince of Wales Park,Lucas HC Div 1 Men,Bobcats Div 1 Men,3,1,Craig Stevens,Jeff Sly,Lucas HC Div 1 Men,Zoe K.,14,,True,,,,,https://www.revolutionise.com.au/hockeyballarat/game/2522116,2026-05-17 01:00:03
Division 1 Men,Round 1,Sun 26 Apr 2026,10:30,Prince of Wales Park,Lucas HC Div 1 Men,Bobcats Div 1 Men,3,1,Craig Stevens,Jeff Sly,Lucas HC Div 1 Men,Glyn K.,,,True,,,,,https://www.revolutionise.com.au/hockeyballarat/game/2522116,2026-05-17 01:00:03
Division 1 Men,Round 1,Sun 26 Apr 2026,10:30,Prince of Wales Park,Lucas HC Div 1 Men,Bobcats Div 1 Men,3,1,Craig Stevens,Jeff Sly,Lucas HC Div 1 Men,Jason H.,,,True,,,,,https://www.revolutionise.com.au/hockeyballarat/game/2522116,2026-05-17 01:00:03
Division 1 Men,Round 1,Sun 26 Apr 2026,10:30,Prince of Wales Park,Lucas HC Div 1 Men,Bobcats Div 1 Men,3,1,Craig Stevens,Jeff Sly,Lucas HC Div 1 Men,Thomas B.,,,True,2,,,,https://www.revolutionise.com.au/hockeyballarat/game/2522116,2026-05-17 01:00:03
Division 1 Men,Round 1,Sun 26 Apr 2026,10:30,Prince of Wales Park,Lucas HC Div 1 Men,Bobcats Div 1 Men,3,1,Craig Stevens,Jeff Sly,Lucas HC Div 1 Men,Traiyth L.,,,True,,,,,https://www.revolutionise.com.au/hockeyballarat/game/2522116,2026-05-17 01:00:03
Division 1 Men,Round 1,Sun 26 Apr 2026,10:30,Prince of Wales Park,Lucas HC Div 1 Men,Bobcats Div 1 Men,3,1,Craig Stevens,Jeff Sly,Lucas HC Div 1 Men,Jason H.,,,False,,,,,https://www.revolutionise.com.au/hockeyballarat/game/2522116,2026-05-17 01:00:03
Division 1 Men,Round 1,Sun 26 Apr 2026,10:30,Prince of Wales Park,Lucas HC Div 1 Men,Bobcats Div 1 Men,3,1,Craig Stevens,Jeff Sly,Lucas HC Div 1 Men,Thomas B.,,,False,2,,,,https://www.revolutionise.com.au/hockeyballarat/game/2522116,2026-05-17 01:00:03
Division 1 Men,Round 1,Sun 26 Apr 2026,10:30,Prince of Wales Park,Lucas HC Div 1 Men,Bobcats Div 1 Men,3,1,Craig Stevens,Jeff Sly,Lucas HC Div 1 Men,Traiyth L.,,,False,,,,,https://www.revolutionise.com.au/hockeyballarat/game/2522116,2026-05-17 01:00:03
Division 1 Men,Round 1,Sun 26 Apr 2026,10:30,Prince of Wales Park,Lucas HC Div 1 Men,Bobcats Div 1 Men,3,1,Craig Stevens,Jeff Sly,Bobcats Div 1 Men,Anthony M.,13,,True,,1,,,https://www.revolutionise.com.au/hockeyballarat/game/2522116,2026-05-17 01:00:03
Division 1 Men,Round 1,Sun 26 Apr 2026,10:30,Prince of Wales Park,Lucas HC Div 1 Men,Bobcats Div 1 Men,3,1,Craig Stevens,Jeff Sly,Bobcats Div 1 Men,Benjamin T.,17,,False,,,,,https://www.revolutionise.com.au/hockeyballarat/game/2522116,2026-05-17 01:00:03
Division 1 Men,Round 1,Sun 26 Apr 2026,10:30,Prince of Wales Park,Lucas HC Div 1 Men,Bobcats Div 1 Men,3,1,Craig Stevens,Jeff Sly,Bobcats Div 1 Men,Blake C.,6,,True,,,,,https://www.revolutionise.com.au/hockeyballarat/game/2522116,2026-05-17 01:00:03
Division 1 Men,Round 1,Sun 26 Apr 2026,10:30,Prince of Wales Park,Lucas HC Div 1 Men,Bobcats Div 1 Men,3,1,Craig Stevens,Jeff Sly,Bobcats Div 1 Men,Callum B.,3,,False,,,,,https://www.revolutionise.com.au/hockeyballarat/game/2522116,2026-05-17 01:00:03
Division 1 Men,Round 1,Sun 26 Apr 2026,10:30,Prince of Wales Park,Lucas HC Div 1 Men,Bobcats Div 1 Men,3,1,Craig Stevens,Jeff Sly,Bobcats Div 1 Men,Craig W.,18,,False,,,,,https://www.revolutionise.com.au/hockeyballarat/game/2522116,2026-05-17 01:00:03
Division 1 Men,Round 1,Sun 26 Apr 2026,10:30,Prince of Wales Park,Lucas HC Div 1 Men,Bobcats Div 1 Men,3,1,Craig Stevens,Jeff Sly,Bobcats Div 1 Men,Ethan O.,14,,True,,,,,https://www.revolutionise.com.au/hockeyballarat/game/2522116,2026-05-17 01:00:03
Division 1 Men,Round 1,Sun 26 Apr 2026,10:30,Prince of Wales Park,Lucas HC Div 1 Men,Bobcats Div 1 Men,3,1,Craig Stevens,Jeff Sly,Bobcats Div 1 Men,Jacob B.,4,,False,,,,,https://www.revolutionise.com.au/hockeyballarat/game/2522116,2026-05-17 01:00:03
Division 1 Men,Round 1,Sun 26 Apr 2026,10:30,Prince of Wales Park,Lucas HC Div 1 Men,Bobcats Div 1 Men,3,1,Craig Stevens,Jeff Sly,Bobcats Div 1 Men,Lucas B.,5,,True,,,,,https://www.revolutionise.com.au/hockeyballarat/game/2522116,2026-05-17 01:00:03
Division 1 Men,Round 1,Sun 26 Apr 2026,10:30,Prince of Wales Park,Lucas HC Div 1 Men,Bobcats Div 1 Men,3,1,Craig Stevens,Jeff Sly,Bobcats Div 1 Men,Mitchell R.,15,,True,,,,,https://www.revolutionise.com.au/hockeyballarat/game/2522116,2026-05-17 01:00:03
Division 1 Men,Round 1,Sun 26 Apr 2026,10:30,Prince of Wales Park,Lucas HC Div 1 Men,Bobcats Div 1 Men,3,1,Craig Stevens,Jeff Sly,Bobcats Div 1 Men,Nigel D.,,,True,,,,,https://www.revolutionise.com.au/hockeyballarat/game/2522116,2026-05-17 01:00:03
Division 1 Men,Round 1,Sun 26 Apr 2026,10:30,Prince of Wales Park,Lucas HC Div 1 Men,Bobcats Div 1 Men,3,1,Craig Stevens,Jeff Sly,Bobcats Div 1 Men,Reg B.,1,,True,1,,,,https://www.revolutionise.com.au/hockeyballarat/game/2522116,2026-05-17 01:00:03
Division 1 Men,Round 1,Sun 26 Apr 2026,10:30,Prince of Wales Park,Lucas HC Div 1 Men,Bobcats Div 1 Men,3,1,Craig Stevens,Jeff Sly,Bobcats Div 1 Men,Sam C.,7,,False,,,,,https://www.revolutionise.com.au/hockeyballarat/game/2522116,2026-05-17 01:00:03
Division 1 Men,Round 1,Sun 26 Apr 2026,10:30,Prince of Wales Park,Lucas HC Div 1 Men,Bobcats Div 1 Men,3,1,Craig Stevens,Jeff Sly,Bobcats Div 1 Men,Thane B.,2,,True,,,,,https://www.revolutionise.com.au/hockeyballarat/game/2522116,2026-05-17 01:00:03
Division 1 Men,Round 1,Sun 26 Apr 2026,10:30,Prince of Wales Park,Lucas HC Div 1 Men,Bobcats Div 1 Men,3,1,Craig Stevens,Jeff Sly,Bobcats Div 1 Men,Timothy D.,8,,True,,,,,https://www.revolutionise.com.au/hockeyballarat/game/2522116,2026-05-17 01:00:03
Division 1 Men,Round 1,Sun 26 Apr 2026,10:30,Prince of Wales Park,Lucas HC Div 1 Men,Bobcats Div 1 Men,3,1,Craig Stevens,Jeff Sly,Bobcats Div 1 Men,Timothy O.,9,,True,,,,,https://www.revolutionise.com.au/hockeyballarat/game/2522116,2026-05-17 01:00:03
Division 1 Men,Round 1,Sun 26 Apr 2026,10:30,Prince of Wales Park,Lucas HC Div 1 Men,Bobcats Div 1 Men,3,1,Craig Stevens,Jeff Sly,Bobcats Div 1 Men,Troy S.,,,True,,,,,https://www.revolutionise.com.au/hockeyballarat/game/2522116,2026-05-17 01:00:03
Division 1 Men,Round 1,Sun 26 Apr 2026,10:30,Prince of Wales Park,Lucas HC Div 1 Men,Bobcats Div 1 Men,3,1,Craig Stevens,Jeff Sly,Bobcats Div 1 Men,Tyson J.,12,,False,,,,,https://www.revolutionise.com.au/hockeyballarat/game/2522116,2026-05-17 01:00:03
Division 1 Men,Round 1,Sun 26 Apr 2026,10:30,Prince of Wales Park,Lucas HC Div 1 Men,Bobcats Div 1 Men,3,1,Craig Stevens,Jeff Sly,Bobcats Div 1 Men,william D.,11,,True,,,,,https://www.revolutionise.com.au/hockeyballarat/game/2522116,2026-05-17 01:00:03
Division 1 Men,Round 1,Sun 26 Apr 2026,10:30,Prince of Wales Park,Lucas HC Div 1 Men,Bobcats Div 1 Men,3,1,Craig Stevens,Jeff Sly,Bobcats Div 1 Men,Lauchlan W.,,,True,,,,,https://www.revolutionise.com.au/hockeyballarat/game/2522116,2026-05-17 01:00:03
Division 1 Men,Round 1,Sun 26 Apr 2026,15:15,Prince of Wales Park,EGC,SOBHC Ducks Men,7,0,Craig Stevens,Daniel Ryan,EGC,Adrian P.,6,,False,,,,,https://www.revolutionise.com.au/hockeyballarat/game/2522117,2026-05-17 01:00:04
Division 1 Men,Round 1,Sun 26 Apr 2026,15:15,Prince of Wales Park,EGC,SOBHC Ducks Men,7,0,Craig Stevens,Daniel Ryan,EGC,Alex S.,8,,False,,,,,https://www.revolutionise.com.au/hockeyballarat/game/2522117,2026-05-17 01:00:04
Division 1 Men,Round 1,Sun 26 Apr 2026,15:15,Prince of Wales Park,EGC,SOBHC Ducks Men,7,0,Craig Stevens,Daniel Ryan,EGC,Ben S.,5,,True,,,,,https://www.revolutionise.com.au/hockeyballarat/game/2522117,2026-05-17 01:00:04
Division 1 Men,Round 1,Sun 26 Apr 2026,15:15,Prince of Wales Park,EGC,SOBHC Ducks Men,7,0,Craig Stevens,Daniel Ryan,EGC,David S.,43,,True,1,,,,https://www.revolutionise.com.au/hockeyballarat/game/2522117,2026-05-17 01:00:04
Division 1 Men,Round 1,Sun 26 Apr 2026,15:15,Prince of Wales Park,EGC,SOBHC Ducks Men,7,0,Craig Stevens,Daniel Ryan,EGC,Declan Z.,22,,False,,,,,https://www.revolutionise.com.au/hockeyballarat/game/2522117,2026-05-17 01:00:04
Division 1 Men,Round 1,Sun 26 Apr 2026,15:15,Prince of Wales Park,EGC,SOBHC Ducks Men,7,0,Craig Stevens,Daniel Ryan,EGC,Ed R.,4,,True,,,,,https://www.revolutionise.com.au/hockeyballarat/game/2522117,2026-05-17 01:00:04
Division 1 Men,Round 1,Sun 26 Apr 2026,15:15,Prince of Wales Park,EGC,SOBHC Ducks Men,7,0,Craig Stevens,Daniel Ryan,EGC,Evan D.,11,,True,,,,,https://www.revolutionise.com.au/hockeyballarat/game/2522117,2026-05-17 01:00:04
Division 1 Men,Round 1,Sun 26 Apr 2026,15:15,Prince of Wales Park,EGC,SOBHC Ducks Men,7,0,Craig Stevens,Daniel Ryan,EGC,Jack B.,34,,True,,,,,https://www.revolutionise.com.au/hockeyballarat/game/2522117,2026-05-17 01:00:04
Division 1 Men,Round 1,Sun 26 Apr 2026,15:15,Prince of Wales Park,EGC,SOBHC Ducks Men,7,0,Craig Stevens,Daniel Ryan,EGC,Joshua S.,7,,True,2,,,,https://www.revolutionise.com.au/hockeyballarat/game/2522117,2026-05-17 01:00:04
Division 1 Men,Round 1,Sun 26 Apr 2026,15:15,Prince of Wales Park,EGC,SOBHC Ducks Men,7,0,Craig Stevens,Daniel Ryan,EGC,Kade K.,1,Goalkeeper,True,,,,,https://www.revolutionise.com.au/hockeyballarat/game/2522117,2026-05-17 01:00:04
Division 1 Men,Round 1,Sun 26 Apr 2026,15:15,Prince of Wales Park,EGC,SOBHC Ducks Men,7,0,Craig Stevens,Daniel Ryan,EGC,Lachlan T.,63,,True,,,,,https://www.revolutionise.com.au/hockeyballarat/game/2522117,2026-05-17 01:00:04
Division 1 Men,Round 1,Sun 26 Apr 2026,15:15,Prince of Wales Park,EGC,SOBHC Ducks Men,7,0,Craig Stevens,Daniel Ryan,EGC,Liam H.,16,,True,1,,,,https://www.revolutionise.com.au/hockeyballarat/game/2522117,2026-05-17 01:00:04
Division 1 Men,Round 1,Sun 26 Apr 2026,15:15,Prince of Wales Park,EGC,SOBHC Ducks Men,7,0,Craig Stevens,Daniel Ryan,EGC,Luke E.,44,,False,,,,,https://www.revolutionise.com.au/hockeyballarat/game/2522117,2026-05-17 01:00:04
Division 1 Men,Round 1,Sun 26 Apr 2026,15:15,Prince of Wales Park,EGC,SOBHC Ducks Men,7,0,Craig Stevens,Daniel Ryan,EGC,Luke T.,20,Captain,True,1,,,,https://www.revolutionise.com.au/hockeyballarat/game/2522117,2026-05-17 01:00:04
Division 1 Men,Round 1,Sun 26 Apr 2026,15:15,Prince of Wales Park,EGC,SOBHC Ducks Men,7,0,Craig Stevens,Daniel Ryan,EGC,Ned S.,14,,False,,,,,https://www.revolutionise.com.au/hockeyballarat/game/2522117,2026-05-17 01:00:04
Division 1 Men,Round 1,Sun 26 Apr 2026,15:15,Prince of Wales Park,EGC,SOBHC Ducks Men,7,0,Craig Stevens,Daniel Ryan,EGC,Ted B.,91,,True,,,,,https://www.revolutionise.com.au/hockeyballarat/game/2522117,2026-05-17 01:00:04
Division 1 Men,Round 1,Sun 26 Apr 2026,15:15,Prince of Wales Park,EGC,SOBHC Ducks Men,7,0,Craig Stevens,Daniel Ryan,EGC,Toby H.,58,,True,2,,,,https://www.revolutionise.com.au/hockeyballarat/game/2522117,2026-05-17 01:00:04
Division 1 Men,Round 1,Sun 26 Apr 2026,15:15,Prince of Wales Park,EGC,SOBHC Ducks Men,7,0,Craig Stevens,Daniel Ryan,EGC,Will R.,9,,True,,,,,https://www.revolutionise.com.au/hockeyballarat/game/2522117,2026-05-17 01:00:04
Division 1 Men,Round 1,Sun 26 Apr 2026,15:15,Prince of Wales Park,EGC,SOBHC Ducks Men,7,0,Craig Stevens,Daniel Ryan,SOBHC Ducks Men,Adham H.,11,,True,,,,,https://www.revolutionise.com.au/hockeyballarat/game/2522117,2026-05-17 01:00:04
Division 1 Men,Round 1,Sun 26 Apr 2026,15:15,Prince of Wales Park,EGC,SOBHC Ducks Men,7,0,Craig Stevens,Daniel Ryan,SOBHC Ducks Men,Ashley G.,19,Captain,True,,,,,https://www.revolutionise.com.au/hockeyballarat/game/2522117,2026-05-17 01:00:04
Division 1 Men,Round 1,Sun 26 Apr 2026,15:15,Prince of Wales Park,EGC,SOBHC Ducks Men,7,0,Craig Stevens,Daniel Ryan,SOBHC Ducks Men,Ayden E.,1,Goalkeeper,False,,,,,https://www.revolutionise.com.au/hockeyballarat/game/2522117,2026-05-17 01:00:04
Division 1 Men,Round 1,Sun 26 Apr 2026,15:15,Prince of Wales Park,EGC,SOBHC Ducks Men,7,0,Craig Stevens,Daniel Ryan,SOBHC Ducks Men,Ben G.,70,,True,,,,,https://www.revolutionise.com.au/hockeyballarat/game/2522117,2026-05-17 01:00:04
Division 1 Men,Round 1,Sun 26 Apr 2026,15:15,Prince of Wales Park,EGC,SOBHC Ducks Men,7,0,Craig Stevens,Daniel Ryan,SOBHC Ducks Men,Benjamin W.,43,,False,,,,,https://www.revolutionise.com.au/hockeyballarat/game/2522117,2026-05-17 01:00:04
Division 1 Men,Round 1,Sun 26 Apr 2026,15:15,Prince of Wales Park,EGC,SOBHC Ducks Men,7,0,Craig Stevens,Daniel Ryan,SOBHC Ducks Men,Brennan D.,102,,False,,,,,https://www.revolutionise.com.au/hockeyballarat/game/2522117,2026-05-17 01:00:04
Division 1 Men,Round 1,Sun 26 Apr 2026,15:15,Prince of Wales Park,EGC,SOBHC Ducks Men,7,0,Craig Stevens,Daniel Ryan,SOBHC Ducks Men,David H.,96,,True,,,1,,https://www.revolutionise.com.au/hockeyballarat/game/2522117,2026-05-17 01:00:04
Division 1 Men,Round 1,Sun 26 Apr 2026,15:15,Prince of Wales Park,EGC,SOBHC Ducks Men,7,0,Craig Stevens,Daniel Ryan,SOBHC Ducks Men,Douglas B.,17,,True,,,,,https://www.revolutionise.com.au/hockeyballarat/game/2522117,2026-05-17 01:00:04
Division 1 Men,Round 1,Sun 26 Apr 2026,15:15,Prince of Wales Park,EGC,SOBHC Ducks Men,7,0,Craig Stevens,Daniel Ryan,SOBHC Ducks Men,Hayden E.,23,,True,,,1,,https://www.revolutionise.com.au/hockeyballarat/game/2522117,2026-05-17 01:00:04
Division 1 Men,Round 1,Sun 26 Apr 2026,15:15,Prince of Wales Park,EGC,SOBHC Ducks Men,7,0,Craig Stevens,Daniel Ryan,SOBHC Ducks Men,Hayden G.,101,,False,,,,,https://www.revolutionise.com.au/hockeyballarat/game/2522117,2026-05-17 01:00:04
Division 1 Men,Round 1,Sun 26 Apr 2026,15:15,Prince of Wales Park,EGC,SOBHC Ducks Men,7,0,Craig Stevens,Daniel Ryan,SOBHC Ducks Men,Hayden S.,4,,True,,,,,https://www.revolutionise.com.au/hockeyballarat/game/2522117,2026-05-17 01:00:04
Division 1 Men,Round 1,Sun 26 Apr 2026,15:15,Prince of Wales Park,EGC,SOBHC Ducks Men,7,0,Craig Stevens,Daniel Ryan,SOBHC Ducks Men,Jaedon F.,13,,True,,,,,https://www.revolutionise.com.au/hockeyballarat/game/2522117,2026-05-17 01:00:04
Division 1 Men,Round 1,Sun 26 Apr 2026,15:15,Prince of Wales Park,EGC,SOBHC Ducks Men,7,0,Craig Stevens,Daniel Ryan,SOBHC Ducks Men,John B.,69,,True,,,,,https://www.revolutionise.com.au/hockeyballarat/game/2522117,2026-05-17 01:00:04
Division 1 Men,Round 1,Sun 26 Apr 2026,15:15,Prince of Wales Park,EGC,SOBHC Ducks Men,7,0,Craig Stevens,Daniel Ryan,SOBHC Ducks Men,Lachlan M.,44,,False,,,,,https://www.revolutionise.com.au/hockeyballarat/game/2522117,2026-05-17 01:00:04
Division 1 Men,Round 1,Sun 26 Apr 2026,15:15,Prince of Wales Park,EGC,SOBHC Ducks Men,7,0,Craig Stevens,Daniel Ryan,SOBHC Ducks Men,Liam T.,103,,False,,,,,https://www.revolutionise.com.au/hockeyballarat/game/2522117,2026-05-17 01:00:04
Division 1 Men,Round 1,Sun 26 Apr 2026,15:15,Prince of Wales Park,EGC,SOBHC Ducks Men,7,0,Craig Stevens,Daniel Ryan,SOBHC Ducks Men,Nick M.,29,,True,,,,,https://www.revolutionise.com.au/hockeyballarat/game/2522117,2026-05-17 01:00:04
Division 1 Men,Round 2,Sun 03 May 2026,09:00,Prince of Wales Park,SOBHC Ducks Men,Lucas HC Div 1 Men,0,5,Jeff Sly,Joshua Sly,SOBHC Ducks Men,Adham H.,11,,True,,,,,https://www.revolutionise.com.au/hockeyballarat/game/2522120,2026-05-17 01:00:08
Division 1 Men,Round 2,Sun 03 May 2026,09:00,Prince of Wales Park,SOBHC Ducks Men,Lucas HC Div 1 Men,0,5,Jeff Sly,Joshua Sly,SOBHC Ducks Men,Ashley G.,19,Captain,True,,,,,https://www.revolutionise.com.au/hockeyballarat/game/2522120,2026-05-17 01:00:08
Division 1 Men,Round 2,Sun 03 May 2026,09:00,Prince of Wales Park,SOBHC Ducks Men,Lucas HC Div 1 Men,0,5,Jeff Sly,Joshua Sly,SOBHC Ducks Men,Ayden E.,1,Goalkeeper,False,,,,,https://www.revolutionise.com.au/hockeyballarat/game/2522120,2026-05-17 01:00:08
Division 1 Men,Round 2,Sun 03 May 2026,09:00,Prince of Wales Park,SOBHC Ducks Men,Lucas HC Div 1 Men,0,5,Jeff Sly,Joshua Sly,SOBHC Ducks Men,Ben G.,70,,True,,,,,https://www.revolutionise.com.au/hockeyballarat/game/2522120,2026-05-17 01:00:08
Division 1 Men,Round 2,Sun 03 May 2026,09:00,Prince of Wales Park,SOBHC Ducks Men,Lucas HC Div 1 Men,0,5,Jeff Sly,Joshua Sly,SOBHC Ducks Men,Benjamin W.,43,,False,,,,,https://www.revolutionise.com.au/hockeyballarat/game/2522120,2026-05-17 01:00:08
Division 1 Men,Round 2,Sun 03 May 2026,09:00,Prince of Wales Park,SOBHC Ducks Men,Lucas HC Div 1 Men,0,5,Jeff Sly,Joshua Sly,SOBHC Ducks Men,Brennan D.,102,,False,,,,,https://www.revolutionise.com.au/hockeyballarat/game/2522120,2026-05-17 01:00:08
Division 1 Men,Round 2,Sun 03 May 2026,09:00,Prince of Wales Park,SOBHC Ducks Men,Lucas HC Div 1 Men,0,5,Jeff Sly,Joshua Sly,SOBHC Ducks Men,David H.,96,,True,,,,,https://www.revolutionise.com.au/hockeyballarat/game/2522120,2026-05-17 01:00:08
Division 1 Men,Round 2,Sun 03 May 2026,09:00,Prince of Wales Park,SOBHC Ducks Men,Lucas HC Div 1 Men,0,5,Jeff Sly,Joshua Sly,SOBHC Ducks Men,Douglas B.,17,,True,,,,,https://www.revolutionise.com.au/hockeyballarat/game/2522120,2026-05-17 01:00:08
Division 1 Men,Round 2,Sun 03 May 2026,09:00,Prince of Wales Park,SOBHC Ducks Men,Lucas HC Div 1 Men,0,5,Jeff Sly,Joshua Sly,SOBHC Ducks Men,Hayden E.,23,,True,,,,,https://www.revolutionise.com.au/hockeyballarat/game/2522120,2026-05-17 01:00:08
Division 1 Men,Round 2,Sun 03 May 2026,09:00,Prince of Wales Park,SOBHC Ducks Men,Lucas HC Div 1 Men,0,5,Jeff Sly,Joshua Sly,SOBHC Ducks Men,Hayden G.,101,,True,,,,,https://www.revolutionise.com.au/hockeyballarat/game/2522120,2026-05-17 01:00:08
Division 1 Men,Round 2,Sun 03 May 2026,09:00,Prince of Wales Park,SOBHC Ducks Men,Lucas HC Div 1 Men,0,5,Jeff Sly,Joshua Sly,SOBHC Ducks Men,Hayden S.,4,,True,,,,,https://www.revolutionise.com.au/hockeyballarat/game/2522120,2026-05-17 01:00:08
Division 1 Men,Round 2,Sun 03 May 2026,09:00,Prince of Wales Park,SOBHC Ducks Men,Lucas HC Div 1 Men,0,5,Jeff Sly,Joshua Sly,SOBHC Ducks Men,Jaedon F.,13,,True,,,,,https://www.revolutionise.com.au/hockeyballarat/game/2522120,2026-05-17 01:00:08
Division 1 Men,Round 2,Sun 03 May 2026,09:00,Prince of Wales Park,SOBHC Ducks Men,Lucas HC Div 1 Men,0,5,Jeff Sly,Joshua Sly,SOBHC Ducks Men,John B.,69,,False,,,,,https://www.revolutionise.com.au/hockeyballarat/game/2522120,2026-05-17 01:00:08
Division 1 Men,Round 2,Sun 03 May 2026,09:00,Prince of Wales Park,SOBHC Ducks Men,Lucas HC Div 1 Men,0,5,Jeff Sly,Joshua Sly,SOBHC Ducks Men,Lachlan M.,44,,True,,,,,https://www.revolutionise.com.au/hockeyballarat/game/2522120,2026-05-17 01:00:08
Division 1 Men,Round 2,Sun 03 May 2026,09:00,Prince of Wales Park,SOBHC Ducks Men,Lucas HC Div 1 Men,0,5,Jeff Sly,Joshua Sly,SOBHC Ducks Men,Liam T.,103,,False,,,,,https://www.revolutionise.com.au/hockeyballarat/game/2522120,2026-05-17 01:00:08
Division 1 Men,Round 2,Sun 03 May 2026,09:00,Prince of Wales Park,SOBHC Ducks Men,Lucas HC Div 1 Men,0,5,Jeff Sly,Joshua Sly,SOBHC Ducks Men,Nick M.,29,,True,,,,,https://www.revolutionise.com.au/hockeyballarat/game/2522120,2026-05-17 01:00:08
Division 1 Men,Round 2,Sun 03 May 2026,09:00,Prince of Wales Park,SOBHC Ducks Men,Lucas HC Div 1 Men,0,5,Jeff Sly,Joshua Sly,SOBHC Ducks Men,Kade K.,,,True,,,,,https://www.revolutionise.com.au/hockeyballarat/game/2522120,2026-05-17 01:00:08
Division 1 Men,Round 2,Sun 03 May 2026,09:00,Prince of Wales Park,SOBHC Ducks Men,Lucas HC Div 1 Men,0,5,Jeff Sly,Joshua Sly,Lucas HC Div 1 Men,Caleb H.,10,,True,,,,,https://www.revolutionise.com.au/hockeyballarat/game/2522120,2026-05-17 01:00:08
Division 1 Men,Round 2,Sun 03 May 2026,09:00,Prince of Wales Park,SOBHC Ducks Men,Lucas HC Div 1 Men,0,5,Jeff Sly,Joshua Sly,Lucas HC Div 1 Men,Damon S.,35,,True,,,,,https://www.revolutionise.com.au/hockeyballarat/game/2522120,2026-05-17 01:00:08
Division 1 Men,Round 2,Sun 03 May 2026,09:00,Prince of Wales Park,SOBHC Ducks Men,Lucas HC Div 1 Men,0,5,Jeff Sly,Joshua Sly,Lucas HC Div 1 Men,Gabe P.,71,,True,,,,,https://www.revolutionise.com.au/hockeyballarat/game/2522120,2026-05-17 01:00:08
Division 1 Men,Round 2,Sun 03 May 2026,09:00,Prince of Wales Park,SOBHC Ducks Men,Lucas HC Div 1 Men,0,5,Jeff Sly,Joshua Sly,Lucas HC Div 1 Men,Glyn K.,13,,True,,,,,https://www.revolutionise.com.au/hockeyballarat/game/2522120,2026-05-17 01:00:08
Division 1 Men,Round 2,Sun 03 May 2026,09:00,Prince of Wales Park,SOBHC Ducks Men,Lucas HC Div 1 Men,0,5,Jeff Sly,Joshua Sly,Lucas HC Div 1 Men,Harley S.,21,,False,,,,,https://www.revolutionise.com.au/hockeyballarat/game/2522120,2026-05-17 01:00:08
Division 1 Men,Round 2,Sun 03 May 2026,09:00,Prince of Wales Park,SOBHC Ducks Men,Lucas HC Div 1 Men,0,5,Jeff Sly,Joshua Sly,Lucas HC Div 1 Men,Hayden S.,26,,True,1,,,,https://www.revolutionise.com.au/hockeyballarat/game/2522120,2026-05-17 01:00:08
Division 1 Men,Round 2,Sun 03 May 2026,09:00,Prince of Wales Park,SOBHC Ducks Men,Lucas HC Div 1 Men,0,5,Jeff Sly,Joshua Sly,Lucas HC Div 1 Men,Henry B.,17,,True,,,,,https://www.revolutionise.com.au/hockeyballarat/game/2522120,2026-05-17 01:00:08
Division 1 Men,Round 2,Sun 03 May 2026,09:00,Prince of Wales Park,SOBHC Ducks Men,Lucas HC Div 1 Men,0,5,Jeff Sly,Joshua Sly,Lucas HC Div 1 Men,Jake R.,19,,False,,,,,https://www.revolutionise.com.au/hockeyballarat/game/2522120,2026-05-17 01:00:08
Division 1 Men,Round 2,Sun 03 May 2026,09:00,Prince of Wales Park,SOBHC Ducks Men,Lucas HC Div 1 Men,0,5,Jeff Sly,Joshua Sly,Lucas HC Div 1 Men,James V.,78,,False,,,,,https://www.revolutionise.com.au/hockeyballarat/game/2522120,2026-05-17 01:00:08
Division 1 Men,Round 2,Sun 03 May 2026,09:00,Prince of Wales Park,SOBHC Ducks Men,Lucas HC Div 1 Men,0,5,Jeff Sly,Joshua Sly,Lucas HC Div 1 Men,Jason H.,16,,True,1,,,,https://www.revolutionise.com.au/hockeyballarat/game/2522120,2026-05-17 01:00:08
Division 1 Men,Round 2,Sun 03 May 2026,09:00,Prince of Wales Park,SOBHC Ducks Men,Lucas HC Div 1 Men,0,5,Jeff Sly,Joshua Sly,Lucas HC Div 1 Men,Jordan S.,22,,False,,,,,https://www.revolutionise.com.au/hockeyballarat/game/2522120,2026-05-17 01:00:08
Division 1 Men,Round 2,Sun 03 May 2026,09:00,Prince of Wales Park,SOBHC Ducks Men,Lucas HC Div 1 Men,0,5,Jeff Sly,Joshua Sly,Lucas HC Div 1 Men,Lachlan H.,36,,True,,,,,https://www.revolutionise.com.au/hockeyballarat/game/2522120,2026-05-17 01:00:08
Division 1 Men,Round 2,Sun 03 May 2026,09:00,Prince of Wales Park,SOBHC Ducks Men,Lucas HC Div 1 Men,0,5,Jeff Sly,Joshua Sly,Lucas HC Div 1 Men,Lachlan N.,74,,False,,,,,https://www.revolutionise.com.au/hockeyballarat/game/2522120,2026-05-17 01:00:08
Division 1 Men,Round 2,Sun 03 May 2026,09:00,Prince of Wales Park,SOBHC Ducks Men,Lucas HC Div 1 Men,0,5,Jeff Sly,Joshua Sly,Lucas HC Div 1 Men,Luke P.,1,,True,,,,,https://www.revolutionise.com.au/hockeyballarat/game/2522120,2026-05-17 01:00:08
Division 1 Men,Round 2,Sun 03 May 2026,09:00,Prince of Wales Park,SOBHC Ducks Men,Lucas HC Div 1 Men,0,5,Jeff Sly,Joshua Sly,Lucas HC Div 1 Men,Mack H.,7,,False,,,,,https://www.revolutionise.com.au/hockeyballarat/game/2522120,2026-05-17 01:00:08
Division 1 Men,Round 2,Sun 03 May 2026,09:00,Prince of Wales Park,SOBHC Ducks Men,Lucas HC Div 1 Men,0,5,Jeff Sly,Joshua Sly,Lucas HC Div 1 Men,Matthew K.,73,,False,,,,,https://www.revolutionise.com.au/hockeyballarat/game/2522120,2026-05-17 01:00:08
Division 1 Men,Round 2,Sun 03 May 2026,09:00,Prince of Wales Park,SOBHC Ducks Men,Lucas HC Div 1 Men,0,5,Jeff Sly,Joshua Sly,Lucas HC Div 1 Men,Michael C.,77,,False,,,,,https://www.revolutionise.com.au/hockeyballarat/game/2522120,2026-05-17 01:00:08
Division 1 Men,Round 2,Sun 03 May 2026,09:00,Prince of Wales Park,SOBHC Ducks Men,Lucas HC Div 1 Men,0,5,Jeff Sly,Joshua Sly,Lucas HC Div 1 Men,Nathan H.,8,,False,,,,,https://www.revolutionise.com.au/hockeyballarat/game/2522120,2026-05-17 01:00:08
Division 1 Men,Round 2,Sun 03 May 2026,09:00,Prince of Wales Park,SOBHC Ducks Men,Lucas HC Div 1 Men,0,5,Jeff Sly,Joshua Sly,Lucas HC Div 1 Men,Nicholas H.,9,,False,,,,,https://www.revolutionise.com.au/hockeyballarat/game/2522120,2026-05-17 01:00:08
Division 1 Men,Round 2,Sun 03 May 2026,09:00,Prince of Wales Park,SOBHC Ducks Men,Lucas HC Div 1 Men,0,5,Jeff Sly,Joshua Sly,Lucas HC Div 1 Men,Nicholas J.,12,,True,,,,,https://www.revolutionise.com.au/hockeyballarat/game/2522120,2026-05-17 01:00:08
Division 1 Men,Round 2,Sun 03 May 2026,09:00,Prince of Wales Park,SOBHC Ducks Men,Lucas HC Div 1 Men,0,5,Jeff Sly,Joshua Sly,Lucas HC Div 1 Men,Noah B.,2,,False,,,,,https://www.revolutionise.com.au/hockeyballarat/game/2522120,2026-05-17 01:00:08
Division 1 Men,Round 2,Sun 03 May 2026,09:00,Prince of Wales Park,SOBHC Ducks Men,Lucas HC Div 1 Men,0,5,Jeff Sly,Joshua Sly,Lucas HC Div 1 Men,Reuben P.,18,,False,,,,,https://www.revolutionise.com.au/hockeyballarat/game/2522120,2026-05-17 01:00:08
Division 1 Men,Round 2,Sun 03 May 2026,09:00,Prince of Wales Park,SOBHC Ducks Men,Lucas HC Div 1 Men,0,5,Jeff Sly,Joshua Sly,Lucas HC Div 1 Men,Ryan G.,28,,False,,,,,https://www.revolutionise.com.au/hockeyballarat/game/2522120,2026-05-17 01:00:08
Division 1 Men,Round 2,Sun 03 May 2026,09:00,Prince of Wales Park,SOBHC Ducks Men,Lucas HC Div 1 Men,0,5,Jeff Sly,Joshua Sly,Lucas HC Div 1 Men,Scott H.,11,,False,,,,,https://www.revolutionise.com.au/hockeyballarat/game/2522120,2026-05-17 01:00:08
Division 1 Men,Round 2,Sun 03 May 2026,09:00,Prince of Wales Park,SOBHC Ducks Men,Lucas HC Div 1 Men,0,5,Jeff Sly,Joshua Sly,Lucas HC Div 1 Men,William M.,15,,False,,,,,https://www.revolutionise.com.au/hockeyballarat/game/2522120,2026-05-17 01:00:08
Division 1 Men,Round 2,Sun 03 May 2026,09:00,Prince of Wales Park,SOBHC Ducks Men,Lucas HC Div 1 Men,0,5,Jeff Sly,Joshua Sly,Lucas HC Div 1 Men,Zoe K.,14,,False,,,,,https://www.revolutionise.com.au/hockeyballarat/game/2522120,2026-05-17 01:00:08
Division 1 Men,Round 2,Sun 03 May 2026,09:00,Prince of Wales Park,SOBHC Ducks Men,Lucas HC Div 1 Men,0,5,Jeff Sly,Joshua Sly,Lucas HC Div 1 Men,Fraser C.,,,True,1,,,,https://www.revolutionise.com.au/hockeyballarat/game/2522120,2026-05-17 01:00:08
Division 1 Men,Round 2,Sun 03 May 2026,09:00,Prince of Wales Park,SOBHC Ducks Men,Lucas HC Div 1 Men,0,5,Jeff Sly,Joshua Sly,Lucas HC Div 1 Men,James V.,,,True,1,,,,https://www.revolutionise.com.au/hockeyballarat/game/2522120,2026-05-17 01:00:08
Division 1 Men,Round 2,Sun 03 May 2026,09:00,Prince of Wales Park,SOBHC Ducks Men,Lucas HC Div 1 Men,0,5,Jeff Sly,Joshua Sly,Lucas HC Div 1 Men,Thomas B.,,,True,2,,,,https://www.revolutionise.com.au/hockeyballarat/game/2522120,2026-05-17 01:00:08
Division 1 Men,Round 2,Sun 03 May 2026,17:00,Prince of Wales Park,Blaze Blaze Div 1 Men,EGC,2,2,Craig Stevens,Lee Drury,Blaze Blaze Div 1 Men,Anthony P.,7,,True,,,,,https://www.revolutionise.com.au/hockeyballarat/game/2522119,2026-05-17 01:00:10
Division 1 Men,Round 2,Sun 03 May 2026,17:00,Prince of Wales Park,Blaze Blaze Div 1 Men,EGC,2,2,Craig Stevens,Lee Drury,Blaze Blaze Div 1 Men,Bailey P.,,,True,,,,,https://www.revolutionise.com.au/hockeyballarat/game/2522119,2026-05-17 01:00:10
Division 1 Men,Round 2,Sun 03 May 2026,17:00,Prince of Wales Park,Blaze Blaze Div 1 Men,EGC,2,2,Craig Stevens,Lee Drury,Blaze Blaze Div 1 Men,Bas G.,5,Goalkeeper,True,,,,,https://www.revolutionise.com.au/hockeyballarat/game/2522119,2026-05-17 01:00:10
Division 1 Men,Round 2,Sun 03 May 2026,17:00,Prince of Wales Park,Blaze Blaze Div 1 Men,EGC,2,2,Craig Stevens,Lee Drury,Blaze Blaze Div 1 Men,Ben S.,8,,True,,,,,https://www.revolutionise.com.au/hockeyballarat/game/2522119,2026-05-17 01:00:10
Division 1 Men,Round 2,Sun 03 May 2026,17:00,Prince of Wales Park,Blaze Blaze Div 1 Men,EGC,2,2,Craig Stevens,Lee Drury,Blaze Blaze Div 1 Men,Bryce R.,13,,True,,1,,,https://www.revolutionise.com.au/hockeyballarat/game/2522119,2026-05-17 01:00:10
Division 1 Men,Round 2,Sun 03 May 2026,17:00,Prince of Wales Park,Blaze Blaze Div 1 Men,EGC,2,2,Craig Stevens,Lee Drury,Blaze Blaze Div 1 Men,George A.,9,,True,,,,,https://www.revolutionise.com.au/hockeyballarat/game/2522119,2026-05-17 01:00:10
Division 1 Men,Round 2,Sun 03 May 2026,17:00,Prince of Wales Park,Blaze Blaze Div 1 Men,EGC,2,2,Craig Stevens,Lee Drury,Blaze Blaze Div 1 Men,Jayden I.,1,,True,,,,,https://www.revolutionise.com.au/hockeyballarat/game/2522119,2026-05-17 01:00:10
Division 1 Men,Round 2,Sun 03 May 2026,17:00,Prince of Wales Park,Blaze Blaze Div 1 Men,EGC,2,2,Craig Stevens,Lee Drury,Blaze Blaze Div 1 Men,Liam J.,6,,True,,,,,https://www.revolutionise.com.au/hockeyballarat/game/2522119,2026-05-17 01:00:10
Division 1 Men,Round 2,Sun 03 May 2026,17:00,Prince of Wales Park,Blaze Blaze Div 1 Men,EGC,2,2,Craig Stevens,Lee Drury,Blaze Blaze Div 1 Men,Maxim W.,14,,True,1,,,,https://www.revolutionise.com.au/hockeyballarat/game/2522119,2026-05-17 01:00:10
Division 1 Men,Round 2,Sun 03 May 2026,17:00,Prince of Wales Park,Blaze Blaze Div 1 Men,EGC,2,2,Craig Stevens,Lee Drury,Blaze Blaze Div 1 Men,Michael S.,3,,True,,,,,https://www.revolutionise.com.au/hockeyballarat/game/2522119,2026-05-17 01:00:10
Division 1 Men,Round 2,Sun 03 May 2026,17:00,Prince of Wales Park,Blaze Blaze Div 1 Men,EGC,2,2,Craig Stevens,Lee Drury,Blaze Blaze Div 1 Men,Mitchell S.,,,True,,,,,https://www.revolutionise.com.au/hockeyballarat/game/2522119,2026-05-17 01:00:10
Division 1 Men,Round 2,Sun 03 May 2026,17:00,Prince of Wales Park,Blaze Blaze Div 1 Men,EGC,2,2,Craig Stevens,Lee Drury,Blaze Blaze Div 1 Men,Ned J.,15,,True,1,,,,https://www.revolutionise.com.au/hockeyballarat/game/2522119,2026-05-17 01:00:10
Division 1 Men,Round 2,Sun 03 May 2026,17:00,Prince of Wales Park,Blaze Blaze Div 1 Men,EGC,2,2,Craig Stevens,Lee Drury,Blaze Blaze Div 1 Men,Nic H.,12,,True,,,,,https://www.revolutionise.com.au/hockeyballarat/game/2522119,2026-05-17 01:00:10
Division 1 Men,Round 2,Sun 03 May 2026,17:00,Prince of Wales Park,Blaze Blaze Div 1 Men,EGC,2,2,Craig Stevens,Lee Drury,Blaze Blaze Div 1 Men,Ronan T.,10,,True,,,,,https://www.revolutionise.com.au/hockeyballarat/game/2522119,2026-05-17 01:00:10
Division 1 Men,Round 2,Sun 03 May 2026,17:00,Prince of Wales Park,Blaze Blaze Div 1 Men,EGC,2,2,Craig Stevens,Lee Drury,Blaze Blaze Div 1 Men,Rory D.,4,,True,,,,,https://www.revolutionise.com.au/hockeyballarat/game/2522119,2026-05-17 01:00:10
Division 1 Men,Round 2,Sun 03 May 2026,17:00,Prince of Wales Park,Blaze Blaze Div 1 Men,EGC,2,2,Craig Stevens,Lee Drury,EGC,Adrian P.,6,,True,,,,,https://www.revolutionise.com.au/hockeyballarat/game/2522119,2026-05-17 01:00:10
Division 1 Men,Round 2,Sun 03 May 2026,17:00,Prince of Wales Park,Blaze Blaze Div 1 Men,EGC,2,2,Craig Stevens,Lee Drury,EGC,Alex S.,8,,False,,,,,https://www.revolutionise.com.au/hockeyballarat/game/2522119,2026-05-17 01:00:10
Division 1 Men,Round 2,Sun 03 May 2026,17:00,Prince of Wales Park,Blaze Blaze Div 1 Men,EGC,2,2,Craig Stevens,Lee Drury,EGC,Ben S.,5,,True,,,,,https://www.revolutionise.com.au/hockeyballarat/game/2522119,2026-05-17 01:00:10
Division 1 Men,Round 2,Sun 03 May 2026,17:00,Prince of Wales Park,Blaze Blaze Div 1 Men,EGC,2,2,Craig Stevens,Lee Drury,EGC,David S.,43,,True,,,,,https://www.revolutionise.com.au/hockeyballarat/game/2522119,2026-05-17 01:00:10
Division 1 Men,Round 2,Sun 03 May 2026,17:00,Prince of Wales Park,Blaze Blaze Div 1 Men,EGC,2,2,Craig Stevens,Lee Drury,EGC,Declan Z.,22,,True,,,,,https://www.revolutionise.com.au/hockeyballarat/game/2522119,2026-05-17 01:00:10
Division 1 Men,Round 2,Sun 03 May 2026,17:00,Prince of Wales Park,Blaze Blaze Div 1 Men,EGC,2,2,Craig Stevens,Lee Drury,EGC,Ed R.,4,,True,,,,,https://www.revolutionise.com.au/hockeyballarat/game/2522119,2026-05-17 01:00:10
Division 1 Men,Round 2,Sun 03 May 2026,17:00,Prince of Wales Park,Blaze Blaze Div 1 Men,EGC,2,2,Craig Stevens,Lee Drury,EGC,Evan D.,11,,False,,,,,https://www.revolutionise.com.au/hockeyballarat/game/2522119,2026-05-17 01:00:10
Division 1 Men,Round 2,Sun 03 May 2026,17:00,Prince of Wales Park,Blaze Blaze Div 1 Men,EGC,2,2,Craig Stevens,Lee Drury,EGC,Jack B.,34,,False,,,,,https://www.revolutionise.com.au/hockeyballarat/game/2522119,2026-05-17 01:00:10
Division 1 Men,Round 2,Sun 03 May 2026,17:00,Prince of Wales Park,Blaze Blaze Div 1 Men,EGC,2,2,Craig Stevens,Lee Drury,EGC,Joshua S.,7,,True,,,,,https://www.revolutionise.com.au/hockeyballarat/game/2522119,2026-05-17 01:00:10
Division 1 Men,Round 2,Sun 03 May 2026,17:00,Prince of Wales Park,Blaze Blaze Div 1 Men,EGC,2,2,Craig Stevens,Lee Drury,EGC,Kade K.,1,Goalkeeper,True,,,,,https://www.revolutionise.com.au/hockeyballarat/game/2522119,2026-05-17 01:00:10
Division 1 Men,Round 2,Sun 03 May 2026,17:00,Prince of Wales Park,Blaze Blaze Div 1 Men,EGC,2,2,Craig Stevens,Lee Drury,EGC,Lachlan T.,63,,True,,,,,https://www.revolutionise.com.au/hockeyballarat/game/2522119,2026-05-17 01:00:10
Division 1 Men,Round 2,Sun 03 May 2026,17:00,Prince of Wales Park,Blaze Blaze Div 1 Men,EGC,2,2,Craig Stevens,Lee Drury,EGC,Liam H.,16,,True,,,,,https://www.revolutionise.com.au/hockeyballarat/game/2522119,2026-05-17 01:00:10
Division 1 Men,Round 2,Sun 03 May 2026,17:00,Prince of Wales Park,Blaze Blaze Div 1 Men,EGC,2,2,Craig Stevens,Lee Drury,EGC,Luke E.,44,,True,,,,,https://www.revolutionise.com.au/hockeyballarat/game/2522119,2026-05-17 01:00:10
Division 1 Men,Round 2,Sun 03 May 2026,17:00,Prince of Wales Park,Blaze Blaze Div 1 Men,EGC,2,2,Craig Stevens,Lee Drury,EGC,Luke T.,20,Captain,True,,,,,https://www.revolutionise.com.au/hockeyballarat/game/2522119,2026-05-17 01:00:10
Division 1 Men,Round 2,Sun 03 May 2026,17:00,Prince of Wales Park,Blaze Blaze Div 1 Men,EGC,2,2,Craig Stevens,Lee Drury,EGC,Ned S.,14,,True,,,,,https://www.revolutionise.com.au/hockeyballarat/game/2522119,2026-05-17 01:00:10
Division 1 Men,Round 2,Sun 03 May 2026,17:00,Prince of Wales Park,Blaze Blaze Div 1 Men,EGC,2,2,Craig Stevens,Lee Drury,EGC,Ted B.,91,,True,,1,,,https://www.revolutionise.com.au/hockeyballarat/game/2522119,2026-05-17 01:00:10
Division 1 Men,Round 2,Sun 03 May 2026,17:00,Prince of Wales Park,Blaze Blaze Div 1 Men,EGC,2,2,Craig Stevens,Lee Drury,EGC,Toby H.,58,,True,2,,,,https://www.revolutionise.com.au/hockeyballarat/game/2522119,2026-05-17 01:00:10
Division 1 Men,Round 2,Sun 03 May 2026,17:00,Prince of Wales Park,Blaze Blaze Div 1 Men,EGC,2,2,Craig Stevens,Lee Drury,EGC,Will R.,9,,True,,,,,https://www.revolutionise.com.au/hockeyballarat/game/2522119,2026-05-17 01:00:10
Division 1 Men,Round 3,Sun 10 May 2026,12:15,Prince of Wales Park,Blaze Blaze Div 1 Men,Lucas HC Div 1 Men,4,3,Craig Stevens,Jeff Sly,Blaze Blaze Div 1 Men,Anthony P.,7,,True,,,,,https://www.revolutionise.com.au/hockeyballarat/game/2524126,2026-05-17 01:00:13
Division 1 Men,Round 3,Sun 10 May 2026,12:15,Prince of Wales Park,Blaze Blaze Div 1 Men,Lucas HC Div 1 Men,4,3,Craig Stevens,Jeff Sly,Blaze Blaze Div 1 Men,Bailey P.,,,True,,,,,https://www.revolutionise.com.au/hockeyballarat/game/2524126,2026-05-17 01:00:13
Division 1 Men,Round 3,Sun 10 May 2026,12:15,Prince of Wales Park,Blaze Blaze Div 1 Men,Lucas HC Div 1 Men,4,3,Craig Stevens,Jeff Sly,Blaze Blaze Div 1 Men,Bas G.,5,Goalkeeper,True,,,,,https://www.revolutionise.com.au/hockeyballarat/game/2524126,2026-05-17 01:00:13
Division 1 Men,Round 3,Sun 10 May 2026,12:15,Prince of Wales Park,Blaze Blaze Div 1 Men,Lucas HC Div 1 Men,4,3,Craig Stevens,Jeff Sly,Blaze Blaze Div 1 Men,Ben S.,8,,True,,,,,https://www.revolutionise.com.au/hockeyballarat/game/2524126,2026-05-17 01:00:13
Division 1 Men,Round 3,Sun 10 May 2026,12:15,Prince of Wales Park,Blaze Blaze Div 1 Men,Lucas HC Div 1 Men,4,3,Craig Stevens,Jeff Sly,Blaze Blaze Div 1 Men,Bryce R.,13,,True,2,,,,https://www.revolutionise.com.au/hockeyballarat/game/2524126,2026-05-17 01:00:13
Division 1 Men,Round 3,Sun 10 May 2026,12:15,Prince of Wales Park,Blaze Blaze Div 1 Men,Lucas HC Div 1 Men,4,3,Craig Stevens,Jeff Sly,Blaze Blaze Div 1 Men,George A.,9,,True,,,,,https://www.revolutionise.com.au/hockeyballarat/game/2524126,2026-05-17 01:00:13
Division 1 Men,Round 3,Sun 10 May 2026,12:15,Prince of Wales Park,Blaze Blaze Div 1 Men,Lucas HC Div 1 Men,4,3,Craig Stevens,Jeff Sly,Blaze Blaze Div 1 Men,Jayden I.,1,,True,,,,,https://www.revolutionise.com.au/hockeyballarat/game/2524126,2026-05-17 01:00:13
Division 1 Men,Round 3,Sun 10 May 2026,12:15,Prince of Wales Park,Blaze Blaze Div 1 Men,Lucas HC Div 1 Men,4,3,Craig Stevens,Jeff Sly,Blaze Blaze Div 1 Men,Liam J.,6,,True,,,,,https://www.revolutionise.com.au/hockeyballarat/game/2524126,2026-05-17 01:00:13
Division 1 Men,Round 3,Sun 10 May 2026,12:15,Prince of Wales Park,Blaze Blaze Div 1 Men,Lucas HC Div 1 Men,4,3,Craig Stevens,Jeff Sly,Blaze Blaze Div 1 Men,Maxim W.,14,,False,,,,,https://www.revolutionise.com.au/hockeyballarat/game/2524126,2026-05-17 01:00:13
Division 1 Men,Round 3,Sun 10 May 2026,12:15,Prince of Wales Park,Blaze Blaze Div 1 Men,Lucas HC Div 1 Men,4,3,Craig Stevens,Jeff Sly,Blaze Blaze Div 1 Men,Michael S.,3,,True,,1,,,https://www.revolutionise.com.au/hockeyballarat/game/2524126,2026-05-17 01:00:13
Division 1 Men,Round 3,Sun 10 May 2026,12:15,Prince of Wales Park,Blaze Blaze Div 1 Men,Lucas HC Div 1 Men,4,3,Craig Stevens,Jeff Sly,Blaze Blaze Div 1 Men,Mitchell S.,,,True,1,,,,https://www.revolutionise.com.au/hockeyballarat/game/2524126,2026-05-17 01:00:13
Division 1 Men,Round 3,Sun 10 May 2026,12:15,Prince of Wales Park,Blaze Blaze Div 1 Men,Lucas HC Div 1 Men,4,3,Craig Stevens,Jeff Sly,Blaze Blaze Div 1 Men,Ned J.,15,,False,,,,,https://www.revolutionise.com.au/hockeyballarat/game/2524126,2026-05-17 01:00:13
Division 1 Men,Round 3,Sun 10 May 2026,12:15,Prince of Wales Park,Blaze Blaze Div 1 Men,Lucas HC Div 1 Men,4,3,Craig Stevens,Jeff Sly,Blaze Blaze Div 1 Men,Nic H.,12,,True,1,,,,https://www.revolutionise.com.au/hockeyballarat/game/2524126,2026-05-17 01:00:13
Division 1 Men,Round 3,Sun 10 May 2026,12:15,Prince of Wales Park,Blaze Blaze Div 1 Men,Lucas HC Div 1 Men,4,3,Craig Stevens,Jeff Sly,Blaze Blaze Div 1 Men,Ronan T.,10,,True,,,,,https://www.revolutionise.com.au/hockeyballarat/game/2524126,2026-05-17 01:00:13
Division 1 Men,Round 3,Sun 10 May 2026,12:15,Prince of Wales Park,Blaze Blaze Div 1 Men,Lucas HC Div 1 Men,4,3,Craig Stevens,Jeff Sly,Blaze Blaze Div 1 Men,Rory D.,4,,True,,1,,,https://www.revolutionise.com.au/hockeyballarat/game/2524126,2026-05-17 01:00:13
Division 1 Men,Round 3,Sun 10 May 2026,12:15,Prince of Wales Park,Blaze Blaze Div 1 Men,Lucas HC Div 1 Men,4,3,Craig Stevens,Jeff Sly,Blaze Blaze Div 1 Men,KARL C.,,,True,,,,,https://www.revolutionise.com.au/hockeyballarat/game/2524126,2026-05-17 01:00:13
Division 1 Men,Round 3,Sun 10 May 2026,12:15,Prince of Wales Park,Blaze Blaze Div 1 Men,Lucas HC Div 1 Men,4,3,Craig Stevens,Jeff Sly,Lucas HC Div 1 Men,Caleb H.,10,,False,,,,,https://www.revolutionise.com.au/hockeyballarat/game/2524126,2026-05-17 01:00:13
Division 1 Men,Round 3,Sun 10 May 2026,12:15,Prince of Wales Park,Blaze Blaze Div 1 Men,Lucas HC Div 1 Men,4,3,Craig Stevens,Jeff Sly,Lucas HC Div 1 Men,Damon S.,35,,False,,,,,https://www.revolutionise.com.au/hockeyballarat/game/2524126,2026-05-17 01:00:13
Division 1 Men,Round 3,Sun 10 May 2026,12:15,Prince of Wales Park,Blaze Blaze Div 1 Men,Lucas HC Div 1 Men,4,3,Craig Stevens,Jeff Sly,Lucas HC Div 1 Men,Gabe P.,71,,True,,,,,https://www.revolutionise.com.au/hockeyballarat/game/2524126,2026-05-17 01:00:13
Division 1 Men,Round 3,Sun 10 May 2026,12:15,Prince of Wales Park,Blaze Blaze Div 1 Men,Lucas HC Div 1 Men,4,3,Craig Stevens,Jeff Sly,Lucas HC Div 1 Men,Glyn K.,13,,True,,,,,https://www.revolutionise.com.au/hockeyballarat/game/2524126,2026-05-17 01:00:13
Division 1 Men,Round 3,Sun 10 May 2026,12:15,Prince of Wales Park,Blaze Blaze Div 1 Men,Lucas HC Div 1 Men,4,3,Craig Stevens,Jeff Sly,Lucas HC Div 1 Men,Harley S.,21,,False,,,,,https://www.revolutionise.com.au/hockeyballarat/game/2524126,2026-05-17 01:00:13
Division 1 Men,Round 3,Sun 10 May 2026,12:15,Prince of Wales Park,Blaze Blaze Div 1 Men,Lucas HC Div 1 Men,4,3,Craig Stevens,Jeff Sly,Lucas HC Div 1 Men,Hayden S.,26,,True,,,,,https://www.revolutionise.com.au/hockeyballarat/game/2524126,2026-05-17 01:00:13
Division 1 Men,Round 3,Sun 10 May 2026,12:15,Prince of Wales Park,Blaze Blaze Div 1 Men,Lucas HC Div 1 Men,4,3,Craig Stevens,Jeff Sly,Lucas HC Div 1 Men,Henry B.,17,,True,,,,,https://www.revolutionise.com.au/hockeyballarat/game/2524126,2026-05-17 01:00:13
Division 1 Men,Round 3,Sun 10 May 2026,12:15,Prince of Wales Park,Blaze Blaze Div 1 Men,Lucas HC Div 1 Men,4,3,Craig Stevens,Jeff Sly,Lucas HC Div 1 Men,Jake R.,19,,False,,,,,https://www.revolutionise.com.au/hockeyballarat/game/2524126,2026-05-17 01:00:13
Division 1 Men,Round 3,Sun 10 May 2026,12:15,Prince of Wales Park,Blaze Blaze Div 1 Men,Lucas HC Div 1 Men,4,3,Craig Stevens,Jeff Sly,Lucas HC Div 1 Men,James V.,78,,False,,,,,https://www.revolutionise.com.au/hockeyballarat/game/2524126,2026-05-17 01:00:13
Division 1 Men,Round 3,Sun 10 May 2026,12:15,Prince of Wales Park,Blaze Blaze Div 1 Men,Lucas HC Div 1 Men,4,3,Craig Stevens,Jeff Sly,Lucas HC Div 1 Men,Jason H.,16,,True,,,,,https://www.revolutionise.com.au/hockeyballarat/game/2524126,2026-05-17 01:00:13
Division 1 Men,Round 3,Sun 10 May 2026,12:15,Prince of Wales Park,Blaze Blaze Div 1 Men,Lucas HC Div 1 Men,4,3,Craig Stevens,Jeff Sly,Lucas HC Div 1 Men,Jordan S.,22,,False,,,,,https://www.revolutionise.com.au/hockeyballarat/game/2524126,2026-05-17 01:00:13
Division 1 Men,Round 3,Sun 10 May 2026,12:15,Prince of Wales Park,Blaze Blaze Div 1 Men,Lucas HC Div 1 Men,4,3,Craig Stevens,Jeff Sly,Lucas HC Div 1 Men,Lachlan H.,36,,True,2,,,,https://www.revolutionise.com.au/hockeyballarat/game/2524126,2026-05-17 01:00:13
Division 1 Men,Round 3,Sun 10 May 2026,12:15,Prince of Wales Park,Blaze Blaze Div 1 Men,Lucas HC Div 1 Men,4,3,Craig Stevens,Jeff Sly,Lucas HC Div 1 Men,Lachlan N.,74,,False,,,,,https://www.revolutionise.com.au/hockeyballarat/game/2524126,2026-05-17 01:00:13
Division 1 Men,Round 3,Sun 10 May 2026,12:15,Prince of Wales Park,Blaze Blaze Div 1 Men,Lucas HC Div 1 Men,4,3,Craig Stevens,Jeff Sly,Lucas HC Div 1 Men,Luke P.,1,,True,,,,,https://www.revolutionise.com.au/hockeyballarat/game/2524126,2026-05-17 01:00:13
Division 1 Men,Round 3,Sun 10 May 2026,12:15,Prince of Wales Park,Blaze Blaze Div 1 Men,Lucas HC Div 1 Men,4,3,Craig Stevens,Jeff Sly,Lucas HC Div 1 Men,Mack H.,7,,False,,,,,https://www.revolutionise.com.au/hockeyballarat/game/2524126,2026-05-17 01:00:13
Division 1 Men,Round 3,Sun 10 May 2026,12:15,Prince of Wales Park,Blaze Blaze Div 1 Men,Lucas HC Div 1 Men,4,3,Craig Stevens,Jeff Sly,Lucas HC Div 1 Men,Matthew K.,73,,False,,,,,https://www.revolutionise.com.au/hockeyballarat/game/2524126,2026-05-17 01:00:13
Division 1 Men,Round 3,Sun 10 May 2026,12:15,Prince of Wales Park,Blaze Blaze Div 1 Men,Lucas HC Div 1 Men,4,3,Craig Stevens,Jeff Sly,Lucas HC Div 1 Men,Michael C.,77,,True,,,,,https://www.revolutionise.com.au/hockeyballarat/game/2524126,2026-05-17 01:00:13
Division 1 Men,Round 3,Sun 10 May 2026,12:15,Prince of Wales Park,Blaze Blaze Div 1 Men,Lucas HC Div 1 Men,4,3,Craig Stevens,Jeff Sly,Lucas HC Div 1 Men,Nathan H.,8,,False,,,,,https://www.revolutionise.com.au/hockeyballarat/game/2524126,2026-05-17 01:00:13
Division 1 Men,Round 3,Sun 10 May 2026,12:15,Prince of Wales Park,Blaze Blaze Div 1 Men,Lucas HC Div 1 Men,4,3,Craig Stevens,Jeff Sly,Lucas HC Div 1 Men,Nicholas H.,9,,False,,,,,https://www.revolutionise.com.au/hockeyballarat/game/2524126,2026-05-17 01:00:13
Division 1 Men,Round 3,Sun 10 May 2026,12:15,Prince of Wales Park,Blaze Blaze Div 1 Men,Lucas HC Div 1 Men,4,3,Craig Stevens,Jeff Sly,Lucas HC Div 1 Men,Nicholas J.,12,,True,,,,,https://www.revolutionise.com.au/hockeyballarat/game/2524126,2026-05-17 01:00:13
Division 1 Men,Round 3,Sun 10 May 2026,12:15,Prince of Wales Park,Blaze Blaze Div 1 Men,Lucas HC Div 1 Men,4,3,Craig Stevens,Jeff Sly,Lucas HC Div 1 Men,Noah B.,2,,False,,,,,https://www.revolutionise.com.au/hockeyballarat/game/2524126,2026-05-17 01:00:13
Division 1 Men,Round 3,Sun 10 May 2026,12:15,Prince of Wales Park,Blaze Blaze Div 1 Men,Lucas HC Div 1 Men,4,3,Craig Stevens,Jeff Sly,Lucas HC Div 1 Men,Reuben P.,18,,False,,,,,https://www.revolutionise.com.au/hockeyballarat/game/2524126,2026-05-17 01:00:13
Division 1 Men,Round 3,Sun 10 May 2026,12:15,Prince of Wales Park,Blaze Blaze Div 1 Men,Lucas HC Div 1 Men,4,3,Craig Stevens,Jeff Sly,Lucas HC Div 1 Men,Ryan G.,28,,True,,,,,https://www.revolutionise.com.au/hockeyballarat/game/2524126,2026-05-17 01:00:13
Division 1 Men,Round 3,Sun 10 May 2026,12:15,Prince of Wales Park,Blaze Blaze Div 1 Men,Lucas HC Div 1 Men,4,3,Craig Stevens,Jeff Sly,Lucas HC Div 1 Men,Scott H.,11,,False,,,,,https://www.revolutionise.com.au/hockeyballarat/game/2524126,2026-05-17 01:00:13
Division 1 Men,Round 3,Sun 10 May 2026,12:15,Prince of Wales Park,Blaze Blaze Div 1 Men,Lucas HC Div 1 Men,4,3,Craig Stevens,Jeff Sly,Lucas HC Div 1 Men,William M.,15,,False,,,,,https://www.revolutionise.com.au/hockeyballarat/game/2524126,2026-05-17 01:00:13
Division 1 Men,Round 3,Sun 10 May 2026,12:15,Prince of Wales Park,Blaze Blaze Div 1 Men,Lucas HC Div 1 Men,4,3,Craig Stevens,Jeff Sly,Lucas HC Div 1 Men,Zoe K.,14,,False,,,,,https://www.revolutionise.com.au/hockeyballarat/game/2524126,2026-05-17 01:00:13
Division 1 Men,Round 3,Sun 10 May 2026,12:15,Prince of Wales Park,Blaze Blaze Div 1 Men,Lucas HC Div 1 Men,4,3,Craig Stevens,Jeff Sly,Lucas HC Div 1 Men,Thomas B.,,,True,1,,,,https://www.revolutionise.com.au/hockeyballarat/game/2524126,2026-05-17 01:00:13
Division 1 Men,Round 3,Sun 10 May 2026,12:15,Prince of Wales Park,Blaze Blaze Div 1 Men,Lucas HC Div 1 Men,4,3,Craig Stevens,Jeff Sly,Lucas HC Div 1 Men,Traiyth L.,,,True,,,,,https://www.revolutionise.com.au/hockeyballarat/game/2524126,2026-05-17 01:00:13
Division 1 Men,Round 3,Sun 10 May 2026,12:15,"John Vernon Field, Ballarat Grammar",SOBHC Ducks Men,Bobcats Div 1 Men,2,1,Daniel Ryan,Tucker Kooloos,SOBHC Ducks Men,Adham H.,11,,True,,,,,https://www.revolutionise.com.au/hockeyballarat/game/2524127,2026-05-17 01:00:15
Division 1 Men,Round 3,Sun 10 May 2026,12:15,"John Vernon Field, Ballarat Grammar",SOBHC Ducks Men,Bobcats Div 1 Men,2,1,Daniel Ryan,Tucker Kooloos,SOBHC Ducks Men,Ashley G.,19,Captain,True,,,,,https://www.revolutionise.com.au/hockeyballarat/game/2524127,2026-05-17 01:00:15
Division 1 Men,Round 3,Sun 10 May 2026,12:15,"John Vernon Field, Ballarat Grammar",SOBHC Ducks Men,Bobcats Div 1 Men,2,1,Daniel Ryan,Tucker Kooloos,SOBHC Ducks Men,Ayden E.,1,Goalkeeper,True,,,,,https://www.revolutionise.com.au/hockeyballarat/game/2524127,2026-05-17 01:00:15
Division 1 Men,Round 3,Sun 10 May 2026,12:15,"John Vernon Field, Ballarat Grammar",SOBHC Ducks Men,Bobcats Div 1 Men,2,1,Daniel Ryan,Tucker Kooloos,SOBHC Ducks Men,Ben G.,70,,True,,,,,https://www.revolutionise.com.au/hockeyballarat/game/2524127,2026-05-17 01:00:15
Division 1 Men,Round 3,Sun 10 May 2026,12:15,"John Vernon Field, Ballarat Grammar",SOBHC Ducks Men,Bobcats Div 1 Men,2,1,Daniel Ryan,Tucker Kooloos,SOBHC Ducks Men,Benjamin W.,43,,False,,,,,https://www.revolutionise.com.au/hockeyballarat/game/2524127,2026-05-17 01:00:15
Division 1 Men,Round 3,Sun 10 May 2026,12:15,"John Vernon Field, Ballarat Grammar",SOBHC Ducks Men,Bobcats Div 1 Men,2,1,Daniel Ryan,Tucker Kooloos,SOBHC Ducks Men,Brennan D.,102,,False,,,,,https://www.revolutionise.com.au/hockeyballarat/game/2524127,2026-05-17 01:00:15
Division 1 Men,Round 3,Sun 10 May 2026,12:15,"John Vernon Field, Ballarat Grammar",SOBHC Ducks Men,Bobcats Div 1 Men,2,1,Daniel Ryan,Tucker Kooloos,SOBHC Ducks Men,David H.,96,,True,1,,,,https://www.revolutionise.com.au/hockeyballarat/game/2524127,2026-05-17 01:00:15
Division 1 Men,Round 3,Sun 10 May 2026,12:15,"John Vernon Field, Ballarat Grammar",SOBHC Ducks Men,Bobcats Div 1 Men,2,1,Daniel Ryan,Tucker Kooloos,SOBHC Ducks Men,Douglas B.,17,,True,,,,,https://www.revolutionise.com.au/hockeyballarat/game/2524127,2026-05-17 01:00:15
Division 1 Men,Round 3,Sun 10 May 2026,12:15,"John Vernon Field, Ballarat Grammar",SOBHC Ducks Men,Bobcats Div 1 Men,2,1,Daniel Ryan,Tucker Kooloos,SOBHC Ducks Men,Hayden E.,23,,False,,,,,https://www.revolutionise.com.au/hockeyballarat/game/2524127,2026-05-17 01:00:15
Division 1 Men,Round 3,Sun 10 May 2026,12:15,"John Vernon Field, Ballarat Grammar",SOBHC Ducks Men,Bobcats Div 1 Men,2,1,Daniel Ryan,Tucker Kooloos,SOBHC Ducks Men,Hayden G.,101,,True,,,,,https://www.revolutionise.com.au/hockeyballarat/game/2524127,2026-05-17 01:00:15
Division 1 Men,Round 3,Sun 10 May 2026,12:15,"John Vernon Field, Ballarat Grammar",SOBHC Ducks Men,Bobcats Div 1 Men,2,1,Daniel Ryan,Tucker Kooloos,SOBHC Ducks Men,Hayden S.,4,,True,,,,,https://www.revolutionise.com.au/hockeyballarat/game/2524127,2026-05-17 01:00:15
Division 1 Men,Round 3,Sun 10 May 2026,12:15,"John Vernon Field, Ballarat Grammar",SOBHC Ducks Men,Bobcats Div 1 Men,2,1,Daniel Ryan,Tucker Kooloos,SOBHC Ducks Men,Jaedon F.,13,,True,1,,,,https://www.revolutionise.com.au/hockeyballarat/game/2524127,2026-05-17 01:00:15
Division 1 Men,Round 3,Sun 10 May 2026,12:15,"John Vernon Field, Ballarat Grammar",SOBHC Ducks Men,Bobcats Div 1 Men,2,1,Daniel Ryan,Tucker Kooloos,SOBHC Ducks Men,John B.,69,,True,,,,,https://www.revolutionise.com.au/hockeyballarat/game/2524127,2026-05-17 01:00:15
Division 1 Men,Round 3,Sun 10 May 2026,12:15,"John Vernon Field, Ballarat Grammar",SOBHC Ducks Men,Bobcats Div 1 Men,2,1,Daniel Ryan,Tucker Kooloos,SOBHC Ducks Men,Lachlan M.,44,,True,,,,,https://www.revolutionise.com.au/hockeyballarat/game/2524127,2026-05-17 01:00:15
Division 1 Men,Round 3,Sun 10 May 2026,12:15,"John Vernon Field, Ballarat Grammar",SOBHC Ducks Men,Bobcats Div 1 Men,2,1,Daniel Ryan,Tucker Kooloos,SOBHC Ducks Men,Liam T.,103,,True,,,,,https://www.revolutionise.com.au/hockeyballarat/game/2524127,2026-05-17 01:00:15
Division 1 Men,Round 3,Sun 10 May 2026,12:15,"John Vernon Field, Ballarat Grammar",SOBHC Ducks Men,Bobcats Div 1 Men,2,1,Daniel Ryan,Tucker Kooloos,SOBHC Ducks Men,Nick M.,29,,True,,,,,https://www.revolutionise.com.au/hockeyballarat/game/2524127,2026-05-17 01:00:15
Division 1 Men,Round 3,Sun 10 May 2026,12:15,"John Vernon Field, Ballarat Grammar",SOBHC Ducks Men,Bobcats Div 1 Men,2,1,Daniel Ryan,Tucker Kooloos,Bobcats Div 1 Men,Anthony M.,13,,False,,,,,https://www.revolutionise.com.au/hockeyballarat/game/2524127,2026-05-17 01:00:15
Division 1 Men,Round 3,Sun 10 May 2026,12:15,"John Vernon Field, Ballarat Grammar",SOBHC Ducks Men,Bobcats Div 1 Men,2,1,Daniel Ryan,Tucker Kooloos,Bobcats Div 1 Men,Benjamin T.,17,,True,,,,,https://www.revolutionise.com.au/hockeyballarat/game/2524127,2026-05-17 01:00:15
Division 1 Men,Round 3,Sun 10 May 2026,12:15,"John Vernon Field, Ballarat Grammar",SOBHC Ducks Men,Bobcats Div 1 Men,2,1,Daniel Ryan,Tucker Kooloos,Bobcats Div 1 Men,Blake C.,6,,True,1,,,,https://www.revolutionise.com.au/hockeyballarat/game/2524127,2026-05-17 01:00:15
Division 1 Men,Round 3,Sun 10 May 2026,12:15,"John Vernon Field, Ballarat Grammar",SOBHC Ducks Men,Bobcats Div 1 Men,2,1,Daniel Ryan,Tucker Kooloos,Bobcats Div 1 Men,Callum B.,3,,False,,,,,https://www.revolutionise.com.au/hockeyballarat/game/2524127,2026-05-17 01:00:15
Division 1 Men,Round 3,Sun 10 May 2026,12:15,"John Vernon Field, Ballarat Grammar",SOBHC Ducks Men,Bobcats Div 1 Men,2,1,Daniel Ryan,Tucker Kooloos,Bobcats Div 1 Men,Craig W.,18,,True,,,,,https://www.revolutionise.com.au/hockeyballarat/game/2524127,2026-05-17 01:00:15
Division 1 Men,Round 3,Sun 10 May 2026,12:15,"John Vernon Field, Ballarat Grammar",SOBHC Ducks Men,Bobcats Div 1 Men,2,1,Daniel Ryan,Tucker Kooloos,Bobcats Div 1 Men,Ethan O.,14,,True,,,,,https://www.revolutionise.com.au/hockeyballarat/game/2524127,2026-05-17 01:00:15
Division 1 Men,Round 3,Sun 10 May 2026,12:15,"John Vernon Field, Ballarat Grammar",SOBHC Ducks Men,Bobcats Div 1 Men,2,1,Daniel Ryan,Tucker Kooloos,Bobcats Div 1 Men,Jacob B.,4,,False,,,,,https://www.revolutionise.com.au/hockeyballarat/game/2524127,2026-05-17 01:00:15
Division 1 Men,Round 3,Sun 10 May 2026,12:15,"John Vernon Field, Ballarat Grammar",SOBHC Ducks Men,Bobcats Div 1 Men,2,1,Daniel Ryan,Tucker Kooloos,Bobcats Div 1 Men,Lucas B.,5,,False,,,,,https://www.revolutionise.com.au/hockeyballarat/game/2524127,2026-05-17 01:00:15
Division 1 Men,Round 3,Sun 10 May 2026,12:15,"John Vernon Field, Ballarat Grammar",SOBHC Ducks Men,Bobcats Div 1 Men,2,1,Daniel Ryan,Tucker Kooloos,Bobcats Div 1 Men,Mitchell R.,15,,True,,,,,https://www.revolutionise.com.au/hockeyballarat/game/2524127,2026-05-17 01:00:15
Division 1 Men,Round 3,Sun 10 May 2026,12:15,"John Vernon Field, Ballarat Grammar",SOBHC Ducks Men,Bobcats Div 1 Men,2,1,Daniel Ryan,Tucker Kooloos,Bobcats Div 1 Men,Nigel D.,,,True,,,,,https://www.revolutionise.com.au/hockeyballarat/game/2524127,2026-05-17 01:00:15
Division 1 Men,Round 3,Sun 10 May 2026,12:15,"John Vernon Field, Ballarat Grammar",SOBHC Ducks Men,Bobcats Div 1 Men,2,1,Daniel Ryan,Tucker Kooloos,Bobcats Div 1 Men,Reg B.,1,,False,,,,,https://www.revolutionise.com.au/hockeyballarat/game/2524127,2026-05-17 01:00:15
Division 1 Men,Round 3,Sun 10 May 2026,12:15,"John Vernon Field, Ballarat Grammar",SOBHC Ducks Men,Bobcats Div 1 Men,2,1,Daniel Ryan,Tucker Kooloos,Bobcats Div 1 Men,Sam C.,7,,True,,,,,https://www.revolutionise.com.au/hockeyballarat/game/2524127,2026-05-17 01:00:15
Division 1 Men,Round 3,Sun 10 May 2026,12:15,"John Vernon Field, Ballarat Grammar",SOBHC Ducks Men,Bobcats Div 1 Men,2,1,Daniel Ryan,Tucker Kooloos,Bobcats Div 1 Men,Thane B.,2,,True,,,,,https://www.revolutionise.com.au/hockeyballarat/game/2524127,2026-05-17 01:00:15
Division 1 Men,Round 3,Sun 10 May 2026,12:15,"John Vernon Field, Ballarat Grammar",SOBHC Ducks Men,Bobcats Div 1 Men,2,1,Daniel Ryan,Tucker Kooloos,Bobcats Div 1 Men,Timothy D.,8,,True,,,,,https://www.revolutionise.com.au/hockeyballarat/game/2524127,2026-05-17 01:00:15
Division 1 Men,Round 3,Sun 10 May 2026,12:15,"John Vernon Field, Ballarat Grammar",SOBHC Ducks Men,Bobcats Div 1 Men,2,1,Daniel Ryan,Tucker Kooloos,Bobcats Div 1 Men,Timothy O.,9,,True,,,,,https://www.revolutionise.com.au/hockeyballarat/game/2524127,2026-05-17 01:00:15
Division 1 Men,Round 3,Sun 10 May 2026,12:15,"John Vernon Field, Ballarat Grammar",SOBHC Ducks Men,Bobcats Div 1 Men,2,1,Daniel Ryan,Tucker Kooloos,Bobcats Div 1 Men,Troy S.,,,False,,,,,https://www.revolutionise.com.au/hockeyballarat/game/2524127,2026-05-17 01:00:15
Division 1 Men,Round 3,Sun 10 May 2026,12:15,"John Vernon Field, Ballarat Grammar",SOBHC Ducks Men,Bobcats Div 1 Men,2,1,Daniel Ryan,Tucker Kooloos,Bobcats Div 1 Men,Tyson J.,12,,False,,,,,https://www.revolutionise.com.au/hockeyballarat/game/2524127,2026-05-17 01:00:15
Division 1 Men,Round 3,Sun 10 May 2026,12:15,"John Vernon Field, Ballarat Grammar",SOBHC Ducks Men,Bobcats Div 1 Men,2,1,Daniel Ryan,Tucker Kooloos,Bobcats Div 1 Men,william D.,11,,True,,,,,https://www.revolutionise.com.au/hockeyballarat/game/2524127,2026-05-17 01:00:15
Division 1 Men,Round 3,Sun 10 May 2026,12:15,"John Vernon Field, Ballarat Grammar",SOBHC Ducks Men,Bobcats Div 1 Men,2,1,Daniel Ryan,Tucker Kooloos,Bobcats Div 1 Men,Digby S.,,,True,,,,,https://www.revolutionise.com.au/hockeyballarat/game/2524127,2026-05-17 01:00:15
Division 1 Men,Round 3,Sun 10 May 2026,12:15,"John Vernon Field, Ballarat Grammar",SOBHC Ducks Men,Bobcats Div 1 Men,2,1,Daniel Ryan,Tucker Kooloos,Bobcats Div 1 Men,Max F.,,,True,,,,,https://www.revolutionise.com.au/hockeyballarat/game/2524127,2026-05-17 01:00:15
Division 1 Men,Round 4,Sun 24 May 2026,13:45,Prince of Wales Park,Bobcats Div 1 Men,Blaze Blaze Div 1 Men,,,,,Bobcats Div 1 Men,Anthony M.,13,,False,,,,,https://www.revolutionise.com.au/hockeyballarat/game/2524128,2026-05-17 01:00:18
Division 1 Men,Round 4,Sun 24 May 2026,13:45,Prince of Wales Park,Bobcats Div 1 Men,Blaze Blaze Div 1 Men,,,,,Bobcats Div 1 Men,Benjamin T.,17,,False,,,,,https://www.revolutionise.com.au/hockeyballarat/game/2524128,2026-05-17 01:00:18
Division 1 Men,Round 4,Sun 24 May 2026,13:45,Prince of Wales Park,Bobcats Div 1 Men,Blaze Blaze Div 1 Men,,,,,Bobcats Div 1 Men,Blake C.,6,,False,,,,,https://www.revolutionise.com.au/hockeyballarat/game/2524128,2026-05-17 01:00:18
Division 1 Men,Round 4,Sun 24 May 2026,13:45,Prince of Wales Park,Bobcats Div 1 Men,Blaze Blaze Div 1 Men,,,,,Bobcats Div 1 Men,Callum B.,3,,False,,,,,https://www.revolutionise.com.au/hockeyballarat/game/2524128,2026-05-17 01:00:18
Division 1 Men,Round 4,Sun 24 May 2026,13:45,Prince of Wales Park,Bobcats Div 1 Men,Blaze Blaze Div 1 Men,,,,,Bobcats Div 1 Men,Craig W.,18,,False,,,,,https://www.revolutionise.com.au/hockeyballarat/game/2524128,2026-05-17 01:00:18
Division 1 Men,Round 4,Sun 24 May 2026,13:45,Prince of Wales Park,Bobcats Div 1 Men,Blaze Blaze Div 1 Men,,,,,Bobcats Div 1 Men,Ethan O.,14,,False,,,,,https://www.revolutionise.com.au/hockeyballarat/game/2524128,2026-05-17 01:00:18
Division 1 Men,Round 4,Sun 24 May 2026,13:45,Prince of Wales Park,Bobcats Div 1 Men,Blaze Blaze Div 1 Men,,,,,Bobcats Div 1 Men,Jacob B.,4,,False,,,,,https://www.revolutionise.com.au/hockeyballarat/game/2524128,2026-05-17 01:00:18
Division 1 Men,Round 4,Sun 24 May 2026,13:45,Prince of Wales Park,Bobcats Div 1 Men,Blaze Blaze Div 1 Men,,,,,Bobcats Div 1 Men,Lucas B.,5,,False,,,,,https://www.revolutionise.com.au/hockeyballarat/game/2524128,2026-05-17 01:00:18
Division 1 Men,Round 4,Sun 24 May 2026,13:45,Prince of Wales Park,Bobcats Div 1 Men,Blaze Blaze Div 1 Men,,,,,Bobcats Div 1 Men,Mitchell R.,15,,False,,,,,https://www.revolutionise.com.au/hockeyballarat/game/2524128,2026-05-17 01:00:18
Division 1 Men,Round 4,Sun 24 May 2026,13:45,Prince of Wales Park,Bobcats Div 1 Men,Blaze Blaze Div 1 Men,,,,,Bobcats Div 1 Men,Nigel D.,,,False,,,,,https://www.revolutionise.com.au/hockeyballarat/game/2524128,2026-05-17 01:00:18
Division 1 Men,Round 4,Sun 24 May 2026,13:45,Prince of Wales Park,Bobcats Div 1 Men,Blaze Blaze Div 1 Men,,,,,Bobcats Div 1 Men,Reg B.,1,,False,,,,,https://www.revolutionise.com.au/hockeyballarat/game/2524128,2026-05-17 01:00:18
Division 1 Men,Round 4,Sun 24 May 2026,13:45,Prince of Wales Park,Bobcats Div 1 Men,Blaze Blaze Div 1 Men,,,,,Bobcats Div 1 Men,Sam C.,7,,False,,,,,https://www.revolutionise.com.au/hockeyballarat/game/2524128,2026-05-17 01:00:18
Division 1 Men,Round 4,Sun 24 May 2026,13:45,Prince of Wales Park,Bobcats Div 1 Men,Blaze Blaze Div 1 Men,,,,,Bobcats Div 1 Men,Thane B.,2,,False,,,,,https://www.revolutionise.com.au/hockeyballarat/game/2524128,2026-05-17 01:00:18
Division 1 Men,Round 4,Sun 24 May 2026,13:45,Prince of Wales Park,Bobcats Div 1 Men,Blaze Blaze Div 1 Men,,,,,Bobcats Div 1 Men,Timothy D.,8,,False,,,,,https://www.revolutionise.com.au/hockeyballarat/game/2524128,2026-05-17 01:00:18
Division 1 Men,Round 4,Sun 24 May 2026,13:45,Prince of Wales Park,Bobcats Div 1 Men,Blaze Blaze Div 1 Men,,,,,Bobcats Div 1 Men,Timothy O.,9,,False,,,,,https://www.revolutionise.com.au/hockeyballarat/game/2524128,2026-05-17 01:00:18
Division 1 Men,Round 4,Sun 24 May 2026,13:45,Prince of Wales Park,Bobcats Div 1 Men,Blaze Blaze Div 1 Men,,,,,Bobcats Div 1 Men,Troy S.,,,False,,,,,https://www.revolutionise.com.au/hockeyballarat/game/2524128,2026-05-17 01:00:18
Division 1 Men,Round 4,Sun 24 May 2026,13:45,Prince of Wales Park,Bobcats Div 1 Men,Blaze Blaze Div 1 Men,,,,,Bobcats Div 1 Men,Tyson J.,12,,False,,,,,https://www.revolutionise.com.au/hockeyballarat/game/2524128,2026-05-17 01:00:18
Division 1 Men,Round 4,Sun 24 May 2026,13:45,Prince of Wales Park,Bobcats Div 1 Men,Blaze Blaze Div 1 Men,,,,,Bobcats Div 1 Men,william D.,11,,False,,,,,https://www.revolutionise.com.au/hockeyballarat/game/2524128,2026-05-17 01:00:18
Division 1 Men,Round 4,Sun 24 May 2026,13:45,Prince of Wales Park,Bobcats Div 1 Men,Blaze Blaze Div 1 Men,,,,,Blaze Blaze Div 1 Men,Anthony P.,7,,False,,,,,https://www.revolutionise.com.au/hockeyballarat/game/2524128,2026-05-17 01:00:18
Division 1 Men,Round 4,Sun 24 May 2026,13:45,Prince of Wales Park,Bobcats Div 1 Men,Blaze Blaze Div 1 Men,,,,,Blaze Blaze Div 1 Men,Bailey P.,,,False,,,,,https://www.revolutionise.com.au/hockeyballarat/game/2524128,2026-05-17 01:00:18
Division 1 Men,Round 4,Sun 24 May 2026,13:45,Prince of Wales Park,Bobcats Div 1 Men,Blaze Blaze Div 1 Men,,,,,Blaze Blaze Div 1 Men,Bas G.,5,Goalkeeper,False,,,,,https://www.revolutionise.com.au/hockeyballarat/game/2524128,2026-05-17 01:00:18
Division 1 Men,Round 4,Sun 24 May 2026,13:45,Prince of Wales Park,Bobcats Div 1 Men,Blaze Blaze Div 1 Men,,,,,Blaze Blaze Div 1 Men,Ben S.,8,,False,,,,,https://www.revolutionise.com.au/hockeyballarat/game/2524128,2026-05-17 01:00:18
Division 1 Men,Round 4,Sun 24 May 2026,13:45,Prince of Wales Park,Bobcats Div 1 Men,Blaze Blaze Div 1 Men,,,,,Blaze Blaze Div 1 Men,Bryce R.,13,,False,,,,,https://www.revolutionise.com.au/hockeyballarat/game/2524128,2026-05-17 01:00:18
Division 1 Men,Round 4,Sun 24 May 2026,13:45,Prince of Wales Park,Bobcats Div 1 Men,Blaze Blaze Div 1 Men,,,,,Blaze Blaze Div 1 Men,George A.,9,,False,,,,,https://www.revolutionise.com.au/hockeyballarat/game/2524128,2026-05-17 01:00:18
Division 1 Men,Round 4,Sun 24 May 2026,13:45,Prince of Wales Park,Bobcats Div 1 Men,Blaze Blaze Div 1 Men,,,,,Blaze Blaze Div 1 Men,Jayden I.,1,,False,,,,,https://www.revolutionise.com.au/hockeyballarat/game/2524128,2026-05-17 01:00:18
Division 1 Men,Round 4,Sun 24 May 2026,13:45,Prince of Wales Park,Bobcats Div 1 Men,Blaze Blaze Div 1 Men,,,,,Blaze Blaze Div 1 Men,Liam J.,6,,False,,,,,https://www.revolutionise.com.au/hockeyballarat/game/2524128,2026-05-17 01:00:18
Division 1 Men,Round 4,Sun 24 May 2026,13:45,Prince of Wales Park,Bobcats Div 1 Men,Blaze Blaze Div 1 Men,,,,,Blaze Blaze Div 1 Men,Maxim W.,14,,False,,,,,https://www.revolutionise.com.au/hockeyballarat/game/2524128,2026-05-17 01:00:18
Division 1 Men,Round 4,Sun 24 May 2026,13:45,Prince of Wales Park,Bobcats Div 1 Men,Blaze Blaze Div 1 Men,,,,,Blaze Blaze Div 1 Men,Michael S.,3,,False,,,,,https://www.revolutionise.com.au/hockeyballarat/game/2524128,2026-05-17 01:00:18
Division 1 Men,Round 4,Sun 24 May 2026,13:45,Prince of Wales Park,Bobcats Div 1 Men,Blaze Blaze Div 1 Men,,,,,Blaze Blaze Div 1 Men,Mitchell S.,,,False,,,,,https://www.revolutionise.com.au/hockeyballarat/game/2524128,2026-05-17 01:00:18
Division 1 Men,Round 4,Sun 24 May 2026,13:45,Prince of Wales Park,Bobcats Div 1 Men,Blaze Blaze Div 1 Men,,,,,Blaze Blaze Div 1 Men,Ned J.,15,,False,,,,,https://www.revolutionise.com.au/hockeyballarat/game/2524128,2026-05-17 01:00:18
Division 1 Men,Round 4,Sun 24 May 2026,13:45,Prince of Wales Park,Bobcats Div 1 Men,Blaze Blaze Div 1 Men,,,,,Blaze Blaze Div 1 Men,Nic H.,12,,False,,,,,https://www.revolutionise.com.au/hockeyballarat/game/2524128,2026-05-17 01:00:18
Division 1 Men,Round 4,Sun 24 May 2026,13:45,Prince of Wales Park,Bobcats Div 1 Men,Blaze Blaze Div 1 Men,,,,,Blaze Blaze Div 1 Men,Ronan T.,10,,False,,,,,https://www.revolutionise.com.au/hockeyballarat/game/2524128,2026-05-17 01:00:18
Division 1 Men,Round 4,Sun 24 May 2026,13:45,Prince of Wales Park,Bobcats Div 1 Men,Blaze Blaze Div 1 Men,,,,,Blaze Blaze Div 1 Men,Rory D.,4,,False,,,,,https://www.revolutionise.com.au/hockeyballarat/game/2524128,2026-05-17 01:00:18
Division 1 Men,Round 4,Sun 24 May 2026,17:00,Prince of Wales Park,EGC,Lucas HC Div 1 Men,,,,,EGC,Adrian P.,6,,False,,,,,https://www.revolutionise.com.au/hockeyballarat/game/2524129,2026-05-17 01:00:19
Division 1 Men,Round 4,Sun 24 May 2026,17:00,Prince of Wales Park,EGC,Lucas HC Div 1 Men,,,,,EGC,Alex S.,8,,False,,,,,https://www.revolutionise.com.au/hockeyballarat/game/2524129,2026-05-17 01:00:19
Division 1 Men,Round 4,Sun 24 May 2026,17:00,Prince of Wales Park,EGC,Lucas HC Div 1 Men,,,,,EGC,Ben S.,5,,False,,,,,https://www.revolutionise.com.au/hockeyballarat/game/2524129,2026-05-17 01:00:19
Division 1 Men,Round 4,Sun 24 May 2026,17:00,Prince of Wales Park,EGC,Lucas HC Div 1 Men,,,,,EGC,David S.,43,,False,,,,,https://www.revolutionise.com.au/hockeyballarat/game/2524129,2026-05-17 01:00:19
Division 1 Men,Round 4,Sun 24 May 2026,17:00,Prince of Wales Park,EGC,Lucas HC Div 1 Men,,,,,EGC,Declan Z.,22,,False,,,,,https://www.revolutionise.com.au/hockeyballarat/game/2524129,2026-05-17 01:00:19
Division 1 Men,Round 4,Sun 24 May 2026,17:00,Prince of Wales Park,EGC,Lucas HC Div 1 Men,,,,,EGC,Ed R.,4,,False,,,,,https://www.revolutionise.com.au/hockeyballarat/game/2524129,2026-05-17 01:00:19
Division 1 Men,Round 4,Sun 24 May 2026,17:00,Prince of Wales Park,EGC,Lucas HC Div 1 Men,,,,,EGC,Evan D.,11,,False,,,,,https://www.revolutionise.com.au/hockeyballarat/game/2524129,2026-05-17 01:00:19
Division 1 Men,Round 4,Sun 24 May 2026,17:00,Prince of Wales Park,EGC,Lucas HC Div 1 Men,,,,,EGC,Jack B.,34,,False,,,,,https://www.revolutionise.com.au/hockeyballarat/game/2524129,2026-05-17 01:00:19
Division 1 Men,Round 4,Sun 24 May 2026,17:00,Prince of Wales Park,EGC,Lucas HC Div 1 Men,,,,,EGC,Joshua S.,7,,False,,,,,https://www.revolutionise.com.au/hockeyballarat/game/2524129,2026-05-17 01:00:19
Division 1 Men,Round 4,Sun 24 May 2026,17:00,Prince of Wales Park,EGC,Lucas HC Div 1 Men,,,,,EGC,Kade K.,1,Goalkeeper,False,,,,,https://www.revolutionise.com.au/hockeyballarat/game/2524129,2026-05-17 01:00:19
Division 1 Men,Round 4,Sun 24 May 2026,17:00,Prince of Wales Park,EGC,Lucas HC Div 1 Men,,,,,EGC,Lachlan T.,63,,False,,,,,https://www.revolutionise.com.au/hockeyballarat/game/2524129,2026-05-17 01:00:19
Division 1 Men,Round 4,Sun 24 May 2026,17:00,Prince of Wales Park,EGC,Lucas HC Div 1 Men,,,,,EGC,Liam H.,16,,False,,,,,https://www.revolutionise.com.au/hockeyballarat/game/2524129,2026-05-17 01:00:19
Division 1 Men,Round 4,Sun 24 May 2026,17:00,Prince of Wales Park,EGC,Lucas HC Div 1 Men,,,,,EGC,Luke E.,44,,False,,,,,https://www.revolutionise.com.au/hockeyballarat/game/2524129,2026-05-17 01:00:19
Division 1 Men,Round 4,Sun 24 May 2026,17:00,Prince of Wales Park,EGC,Lucas HC Div 1 Men,,,,,EGC,Luke T.,20,Captain,False,,,,,https://www.revolutionise.com.au/hockeyballarat/game/2524129,2026-05-17 01:00:19
Division 1 Men,Round 4,Sun 24 May 2026,17:00,Prince of Wales Park,EGC,Lucas HC Div 1 Men,,,,,EGC,Ned S.,14,,False,,,,,https://www.revolutionise.com.au/hockeyballarat/game/2524129,2026-05-17 01:00:19
Division 1 Men,Round 4,Sun 24 May 2026,17:00,Prince of Wales Park,EGC,Lucas HC Div 1 Men,,,,,EGC,Ted B.,91,,False,,,,,https://www.revolutionise.com.au/hockeyballarat/game/2524129,2026-05-17 01:00:19
Division 1 Men,Round 4,Sun 24 May 2026,17:00,Prince of Wales Park,EGC,Lucas HC Div 1 Men,,,,,EGC,Toby H.,58,,False,,,,,https://www.revolutionise.com.au/hockeyballarat/game/2524129,2026-05-17 01:00:19
Division 1 Men,Round 4,Sun 24 May 2026,17:00,Prince of Wales Park,EGC,Lucas HC Div 1 Men,,,,,EGC,Will R.,9,,False,,,,,https://www.revolutionise.com.au/hockeyballarat/game/2524129,2026-05-17 01:00:19
Division 1 Men,Round 4,Sun 24 May 2026,17:00,Prince of Wales Park,EGC,Lucas HC Div 1 Men,,,,,Lucas HC Div 1 Men,Caleb H.,10,,False,,,,,https://www.revolutionise.com.au/hockeyballarat/game/2524129,2026-05-17 01:00:19
Division 1 Men,Round 4,Sun 24 May 2026,17:00,Prince of Wales Park,EGC,Lucas HC Div 1 Men,,,,,Lucas HC Div 1 Men,Damon S.,35,,False,,,,,https://www.revolutionise.com.au/hockeyballarat/game/2524129,2026-05-17 01:00:19
Division 1 Men,Round 4,Sun 24 May 2026,17:00,Prince of Wales Park,EGC,Lucas HC Div 1 Men,,,,,Lucas HC Div 1 Men,Gabe P.,71,,False,,,,,https://www.revolutionise.com.au/hockeyballarat/game/2524129,2026-05-17 01:00:19
Division 1 Men,Round 4,Sun 24 May 2026,17:00,Prince of Wales Park,EGC,Lucas HC Div 1 Men,,,,,Lucas HC Div 1 Men,Glyn K.,13,,False,,,,,https://www.revolutionise.com.au/hockeyballarat/game/2524129,2026-05-17 01:00:19
Division 1 Men,Round 4,Sun 24 May 2026,17:00,Prince of Wales Park,EGC,Lucas HC Div 1 Men,,,,,Lucas HC Div 1 Men,Harley S.,21,,False,,,,,https://www.revolutionise.com.au/hockeyballarat/game/2524129,2026-05-17 01:00:19
Division 1 Men,Round 4,Sun 24 May 2026,17:00,Prince of Wales Park,EGC,Lucas HC Div 1 Men,,,,,Lucas HC Div 1 Men,Hayden S.,26,,False,,,,,https://www.revolutionise.com.au/hockeyballarat/game/2524129,2026-05-17 01:00:19
Division 1 Men,Round 4,Sun 24 May 2026,17:00,Prince of Wales Park,EGC,Lucas HC Div 1 Men,,,,,Lucas HC Div 1 Men,Henry B.,17,,False,,,,,https://www.revolutionise.com.au/hockeyballarat/game/2524129,2026-05-17 01:00:19
Division 1 Men,Round 4,Sun 24 May 2026,17:00,Prince of Wales Park,EGC,Lucas HC Div 1 Men,,,,,Lucas HC Div 1 Men,Jake R.,19,,False,,,,,https://www.revolutionise.com.au/hockeyballarat/game/2524129,2026-05-17 01:00:19
Division 1 Men,Round 4,Sun 24 May 2026,17:00,Prince of Wales Park,EGC,Lucas HC Div 1 Men,,,,,Lucas HC Div 1 Men,James V.,78,,False,,,,,https://www.revolutionise.com.au/hockeyballarat/game/2524129,2026-05-17 01:00:19
Division 1 Men,Round 4,Sun 24 May 2026,17:00,Prince of Wales Park,EGC,Lucas HC Div 1 Men,,,,,Lucas HC Div 1 Men,Jason H.,16,,False,,,,,https://www.revolutionise.com.au/hockeyballarat/game/2524129,2026-05-17 01:00:19
Division 1 Men,Round 4,Sun 24 May 2026,17:00,Prince of Wales Park,EGC,Lucas HC Div 1 Men,,,,,Lucas HC Div 1 Men,Jordan S.,22,,False,,,,,https://www.revolutionise.com.au/hockeyballarat/game/2524129,2026-05-17 01:00:19
Division 1 Men,Round 4,Sun 24 May 2026,17:00,Prince of Wales Park,EGC,Lucas HC Div 1 Men,,,,,Lucas HC Div 1 Men,Lachlan H.,36,,False,,,,,https://www.revolutionise.com.au/hockeyballarat/game/2524129,2026-05-17 01:00:19
Division 1 Men,Round 4,Sun 24 May 2026,17:00,Prince of Wales Park,EGC,Lucas HC Div 1 Men,,,,,Lucas HC Div 1 Men,Lachlan N.,74,,False,,,,,https://www.revolutionise.com.au/hockeyballarat/game/2524129,2026-05-17 01:00:19
Division 1 Men,Round 4,Sun 24 May 2026,17:00,Prince of Wales Park,EGC,Lucas HC Div 1 Men,,,,,Lucas HC Div 1 Men,Luke P.,1,,False,,,,,https://www.revolutionise.com.au/hockeyballarat/game/2524129,2026-05-17 01:00:19
Division 1 Men,Round 4,Sun 24 May 2026,17:00,Prince of Wales Park,EGC,Lucas HC Div 1 Men,,,,,Lucas HC Div 1 Men,Mack H.,7,,False,,,,,https://www.revolutionise.com.au/hockeyballarat/game/2524129,2026-05-17 01:00:19
Division 1 Men,Round 4,Sun 24 May 2026,17:00,Prince of Wales Park,EGC,Lucas HC Div 1 Men,,,,,Lucas HC Div 1 Men,Matthew K.,73,,False,,,,,https://www.revolutionise.com.au/hockeyballarat/game/2524129,2026-05-17 01:00:19
Division 1 Men,Round 4,Sun 24 May 2026,17:00,Prince of Wales Park,EGC,Lucas HC Div 1 Men,,,,,Lucas HC Div 1 Men,Michael C.,77,,False,,,,,https://www.revolutionise.com.au/hockeyballarat/game/2524129,2026-05-17 01:00:19
Division 1 Men,Round 4,Sun 24 May 2026,17:00,Prince of Wales Park,EGC,Lucas HC Div 1 Men,,,,,Lucas HC Div 1 Men,Nathan H.,8,,False,,,,,https://www.revolutionise.com.au/hockeyballarat/game/2524129,2026-05-17 01:00:19
Division 1 Men,Round 4,Sun 24 May 2026,17:00,Prince of Wales Park,EGC,Lucas HC Div 1 Men,,,,,Lucas HC Div 1 Men,Nicholas H.,9,,False,,,,,https://www.revolutionise.com.au/hockeyballarat/game/2524129,2026-05-17 01:00:19
Division 1 Men,Round 4,Sun 24 May 2026,17:00,Prince of Wales Park,EGC,Lucas HC Div 1 Men,,,,,Lucas HC Div 1 Men,Nicholas J.,12,,False,,,,,https://www.revolutionise.com.au/hockeyballarat/game/2524129,2026-05-17 01:00:19
Division 1 Men,Round 4,Sun 24 May 2026,17:00,Prince of Wales Park,EGC,Lucas HC Div 1 Men,,,,,Lucas HC Div 1 Men,Noah B.,2,,False,,,,,https://www.revolutionise.com.au/hockeyballarat/game/2524129,2026-05-17 01:00:19
Division 1 Men,Round 4,Sun 24 May 2026,17:00,Prince of Wales Park,EGC,Lucas HC Div 1 Men,,,,,Lucas HC Div 1 Men,Reuben P.,18,,False,,,,,https://www.revolutionise.com.au/hockeyballarat/game/2524129,2026-05-17 01:00:19
Division 1 Men,Round 4,Sun 24 May 2026,17:00,Prince of Wales Park,EGC,Lucas HC Div 1 Men,,,,,Lucas HC Div 1 Men,Ryan G.,28,,False,,,,,https://www.revolutionise.com.au/hockeyballarat/game/2524129,2026-05-17 01:00:19
Division 1 Men,Round 4,Sun 24 May 2026,17:00,Prince of Wales Park,EGC,Lucas HC Div 1 Men,,,,,Lucas HC Div 1 Men,Scott H.,11,,False,,,,,https://www.revolutionise.com.au/hockeyballarat/game/2524129,2026-05-17 01:00:19
Division 1 Men,Round 4,Sun 24 May 2026,17:00,Prince of Wales Park,EGC,Lucas HC Div 1 Men,,,,,Lucas HC Div 1 Men,William M.,15,,False,,,,,https://www.revolutionise.com.au/hockeyballarat/game/2524129,2026-05-17 01:00:19
Division 1 Men,Round 4,Sun 24 May 2026,17:00,Prince of Wales Park,EGC,Lucas HC Div 1 Men,,,,,Lucas HC Div 1 Men,Zoe K.,14,,False,,,,,https://www.revolutionise.com.au/hockeyballarat/game/2524129,2026-05-17 01:00:19
Division 1 Men,Round 5,Sun 31 May 2026,12:15,"John Vernon Field, Ballarat Grammar",SOBHC Ducks Men,Blaze Blaze Div 1 Men,,,,,SOBHC Ducks Men,Adham H.,11,,False,,,,,https://www.revolutionise.com.au/hockeyballarat/game/2524133,2026-05-17 01:00:22
Division 1 Men,Round 5,Sun 31 May 2026,12:15,"John Vernon Field, Ballarat Grammar",SOBHC Ducks Men,Blaze Blaze Div 1 Men,,,,,SOBHC Ducks Men,Ashley G.,19,Captain,False,,,,,https://www.revolutionise.com.au/hockeyballarat/game/2524133,2026-05-17 01:00:22
Division 1 Men,Round 5,Sun 31 May 2026,12:15,"John Vernon Field, Ballarat Grammar",SOBHC Ducks Men,Blaze Blaze Div 1 Men,,,,,SOBHC Ducks Men,Ayden E.,1,Goalkeeper,False,,,,,https://www.revolutionise.com.au/hockeyballarat/game/2524133,2026-05-17 01:00:22
Division 1 Men,Round 5,Sun 31 May 2026,12:15,"John Vernon Field, Ballarat Grammar",SOBHC Ducks Men,Blaze Blaze Div 1 Men,,,,,SOBHC Ducks Men,Ben G.,70,,False,,,,,https://www.revolutionise.com.au/hockeyballarat/game/2524133,2026-05-17 01:00:22
Division 1 Men,Round 5,Sun 31 May 2026,12:15,"John Vernon Field, Ballarat Grammar",SOBHC Ducks Men,Blaze Blaze Div 1 Men,,,,,SOBHC Ducks Men,Benjamin W.,43,,False,,,,,https://www.revolutionise.com.au/hockeyballarat/game/2524133,2026-05-17 01:00:22
Division 1 Men,Round 5,Sun 31 May 2026,12:15,"John Vernon Field, Ballarat Grammar",SOBHC Ducks Men,Blaze Blaze Div 1 Men,,,,,SOBHC Ducks Men,Brennan D.,102,,False,,,,,https://www.revolutionise.com.au/hockeyballarat/game/2524133,2026-05-17 01:00:22
Division 1 Men,Round 5,Sun 31 May 2026,12:15,"John Vernon Field, Ballarat Grammar",SOBHC Ducks Men,Blaze Blaze Div 1 Men,,,,,SOBHC Ducks Men,David H.,96,,False,,,,,https://www.revolutionise.com.au/hockeyballarat/game/2524133,2026-05-17 01:00:22
Division 1 Men,Round 5,Sun 31 May 2026,12:15,"John Vernon Field, Ballarat Grammar",SOBHC Ducks Men,Blaze Blaze Div 1 Men,,,,,SOBHC Ducks Men,Douglas B.,17,,False,,,,,https://www.revolutionise.com.au/hockeyballarat/game/2524133,2026-05-17 01:00:22
Division 1 Men,Round 5,Sun 31 May 2026,12:15,"John Vernon Field, Ballarat Grammar",SOBHC Ducks Men,Blaze Blaze Div 1 Men,,,,,SOBHC Ducks Men,Hayden E.,23,,False,,,,,https://www.revolutionise.com.au/hockeyballarat/game/2524133,2026-05-17 01:00:22
Division 1 Men,Round 5,Sun 31 May 2026,12:15,"John Vernon Field, Ballarat Grammar",SOBHC Ducks Men,Blaze Blaze Div 1 Men,,,,,SOBHC Ducks Men,Hayden G.,101,,False,,,,,https://www.revolutionise.com.au/hockeyballarat/game/2524133,2026-05-17 01:00:22
Division 1 Men,Round 5,Sun 31 May 2026,12:15,"John Vernon Field, Ballarat Grammar",SOBHC Ducks Men,Blaze Blaze Div 1 Men,,,,,SOBHC Ducks Men,Hayden S.,4,,False,,,,,https://www.revolutionise.com.au/hockeyballarat/game/2524133,2026-05-17 01:00:22
Division 1 Men,Round 5,Sun 31 May 2026,12:15,"John Vernon Field, Ballarat Grammar",SOBHC Ducks Men,Blaze Blaze Div 1 Men,,,,,SOBHC Ducks Men,Jaedon F.,13,,False,,,,,https://www.revolutionise.com.au/hockeyballarat/game/2524133,2026-05-17 01:00:22
Division 1 Men,Round 5,Sun 31 May 2026,12:15,"John Vernon Field, Ballarat Grammar",SOBHC Ducks Men,Blaze Blaze Div 1 Men,,,,,SOBHC Ducks Men,John B.,69,,False,,,,,https://www.revolutionise.com.au/hockeyballarat/game/2524133,2026-05-17 01:00:22
Division 1 Men,Round 5,Sun 31 May 2026,12:15,"John Vernon Field, Ballarat Grammar",SOBHC Ducks Men,Blaze Blaze Div 1 Men,,,,,SOBHC Ducks Men,Lachlan M.,44,,False,,,,,https://www.revolutionise.com.au/hockeyballarat/game/2524133,2026-05-17 01:00:22
Division 1 Men,Round 5,Sun 31 May 2026,12:15,"John Vernon Field, Ballarat Grammar",SOBHC Ducks Men,Blaze Blaze Div 1 Men,,,,,SOBHC Ducks Men,Liam T.,103,,False,,,,,https://www.revolutionise.com.au/hockeyballarat/game/2524133,2026-05-17 01:00:22
Division 1 Men,Round 5,Sun 31 May 2026,12:15,"John Vernon Field, Ballarat Grammar",SOBHC Ducks Men,Blaze Blaze Div 1 Men,,,,,SOBHC Ducks Men,Nick M.,29,,False,,,,,https://www.revolutionise.com.au/hockeyballarat/game/2524133,2026-05-17 01:00:22
Division 1 Men,Round 5,Sun 31 May 2026,12:15,"John Vernon Field, Ballarat Grammar",SOBHC Ducks Men,Blaze Blaze Div 1 Men,,,,,Blaze Blaze Div 1 Men,Anthony P.,7,,False,,,,,https://www.revolutionise.com.au/hockeyballarat/game/2524133,2026-05-17 01:00:22
Division 1 Men,Round 5,Sun 31 May 2026,12:15,"John Vernon Field, Ballarat Grammar",SOBHC Ducks Men,Blaze Blaze Div 1 Men,,,,,Blaze Blaze Div 1 Men,Bailey P.,,,False,,,,,https://www.revolutionise.com.au/hockeyballarat/game/2524133,2026-05-17 01:00:22
Division 1 Men,Round 5,Sun 31 May 2026,12:15,"John Vernon Field, Ballarat Grammar",SOBHC Ducks Men,Blaze Blaze Div 1 Men,,,,,Blaze Blaze Div 1 Men,Bas G.,5,Goalkeeper,False,,,,,https://www.revolutionise.com.au/hockeyballarat/game/2524133,2026-05-17 01:00:22
Division 1 Men,Round 5,Sun 31 May 2026,12:15,"John Vernon Field, Ballarat Grammar",SOBHC Ducks Men,Blaze Blaze Div 1 Men,,,,,Blaze Blaze Div 1 Men,Ben S.,8,,False,,,,,https://www.revolutionise.com.au/hockeyballarat/game/2524133,2026-05-17 01:00:22
Division 1 Men,Round 5,Sun 31 May 2026,12:15,"John Vernon Field, Ballarat Grammar",SOBHC Ducks Men,Blaze Blaze Div 1 Men,,,,,Blaze Blaze Div 1 Men,Bryce R.,13,,False,,,,,https://www.revolutionise.com.au/hockeyballarat/game/2524133,2026-05-17 01:00:22
Division 1 Men,Round 5,Sun 31 May 2026,12:15,"John Vernon Field, Ballarat Grammar",SOBHC Ducks Men,Blaze Blaze Div 1 Men,,,,,Blaze Blaze Div 1 Men,George A.,9,,False,,,,,https://www.revolutionise.com.au/hockeyballarat/game/2524133,2026-05-17 01:00:22
Division 1 Men,Round 5,Sun 31 May 2026,12:15,"John Vernon Field, Ballarat Grammar",SOBHC Ducks Men,Blaze Blaze Div 1 Men,,,,,Blaze Blaze Div 1 Men,Jayden I.,1,,False,,,,,https://www.revolutionise.com.au/hockeyballarat/game/2524133,2026-05-17 01:00:22
Division 1 Men,Round 5,Sun 31 May 2026,12:15,"John Vernon Field, Ballarat Grammar",SOBHC Ducks Men,Blaze Blaze Div 1 Men,,,,,Blaze Blaze Div 1 Men,Liam J.,6,,False,,,,,https://www.revolutionise.com.au/hockeyballarat/game/2524133,2026-05-17 01:00:22
Division 1 Men,Round 5,Sun 31 May 2026,12:15,"John Vernon Field, Ballarat Grammar",SOBHC Ducks Men,Blaze Blaze Div 1 Men,,,,,Blaze Blaze Div 1 Men,Maxim W.,14,,False,,,,,https://www.revolutionise.com.au/hockeyballarat/game/2524133,2026-05-17 01:00:22
Division 1 Men,Round 5,Sun 31 May 2026,12:15,"John Vernon Field, Ballarat Grammar",SOBHC Ducks Men,Blaze Blaze Div 1 Men,,,,,Blaze Blaze Div 1 Men,Michael S.,3,,False,,,,,https://www.revolutionise.com.au/hockeyballarat/game/2524133,2026-05-17 01:00:22
Division 1 Men,Round 5,Sun 31 May 2026,12:15,"John Vernon Field, Ballarat Grammar",SOBHC Ducks Men,Blaze Blaze Div 1 Men,,,,,Blaze Blaze Div 1 Men,Mitchell S.,,,False,,,,,https://www.revolutionise.com.au/hockeyballarat/game/2524133,2026-05-17 01:00:22
Division 1 Men,Round 5,Sun 31 May 2026,12:15,"John Vernon Field, Ballarat Grammar",SOBHC Ducks Men,Blaze Blaze Div 1 Men,,,,,Blaze Blaze Div 1 Men,Ned J.,15,,False,,,,,https://www.revolutionise.com.au/hockeyballarat/game/2524133,2026-05-17 01:00:22
Division 1 Men,Round 5,Sun 31 May 2026,12:15,"John Vernon Field, Ballarat Grammar",SOBHC Ducks Men,Blaze Blaze Div 1 Men,,,,,Blaze Blaze Div 1 Men,Nic H.,12,,False,,,,,https://www.revolutionise.com.au/hockeyballarat/game/2524133,2026-05-17 01:00:22
Division 1 Men,Round 5,Sun 31 May 2026,12:15,"John Vernon Field, Ballarat Grammar",SOBHC Ducks Men,Blaze Blaze Div 1 Men,,,,,Blaze Blaze Div 1 Men,Ronan T.,10,,False,,,,,https://www.revolutionise.com.au/hockeyballarat/game/2524133,2026-05-17 01:00:22
Division 1 Men,Round 5,Sun 31 May 2026,12:15,"John Vernon Field, Ballarat Grammar",SOBHC Ducks Men,Blaze Blaze Div 1 Men,,,,,Blaze Blaze Div 1 Men,Rory D.,4,,False,,,,,https://www.revolutionise.com.au/hockeyballarat/game/2524133,2026-05-17 01:00:22
Division 1 Men,Round 5,Sun 31 May 2026,17:00,Prince of Wales Park,Bobcats Div 1 Men,EGC,,,,,Bobcats Div 1 Men,Anthony M.,13,,False,,,,,https://www.revolutionise.com.au/hockeyballarat/game/2524134,2026-05-17 01:00:24
Division 1 Men,Round 5,Sun 31 May 2026,17:00,Prince of Wales Park,Bobcats Div 1 Men,EGC,,,,,Bobcats Div 1 Men,Benjamin T.,17,,False,,,,,https://www.revolutionise.com.au/hockeyballarat/game/2524134,2026-05-17 01:00:24
Division 1 Men,Round 5,Sun 31 May 2026,17:00,Prince of Wales Park,Bobcats Div 1 Men,EGC,,,,,Bobcats Div 1 Men,Blake C.,6,,False,,,,,https://www.revolutionise.com.au/hockeyballarat/game/2524134,2026-05-17 01:00:24
Division 1 Men,Round 5,Sun 31 May 2026,17:00,Prince of Wales Park,Bobcats Div 1 Men,EGC,,,,,Bobcats Div 1 Men,Callum B.,3,,False,,,,,https://www.revolutionise.com.au/hockeyballarat/game/2524134,2026-05-17 01:00:24
Division 1 Men,Round 5,Sun 31 May 2026,17:00,Prince of Wales Park,Bobcats Div 1 Men,EGC,,,,,Bobcats Div 1 Men,Craig W.,18,,False,,,,,https://www.revolutionise.com.au/hockeyballarat/game/2524134,2026-05-17 01:00:24
Division 1 Men,Round 5,Sun 31 May 2026,17:00,Prince of Wales Park,Bobcats Div 1 Men,EGC,,,,,Bobcats Div 1 Men,Ethan O.,14,,False,,,,,https://www.revolutionise.com.au/hockeyballarat/game/2524134,2026-05-17 01:00:24
Division 1 Men,Round 5,Sun 31 May 2026,17:00,Prince of Wales Park,Bobcats Div 1 Men,EGC,,,,,Bobcats Div 1 Men,Jacob B.,4,,False,,,,,https://www.revolutionise.com.au/hockeyballarat/game/2524134,2026-05-17 01:00:24
Division 1 Men,Round 5,Sun 31 May 2026,17:00,Prince of Wales Park,Bobcats Div 1 Men,EGC,,,,,Bobcats Div 1 Men,Lucas B.,5,,False,,,,,https://www.revolutionise.com.au/hockeyballarat/game/2524134,2026-05-17 01:00:24
Division 1 Men,Round 5,Sun 31 May 2026,17:00,Prince of Wales Park,Bobcats Div 1 Men,EGC,,,,,Bobcats Div 1 Men,Mitchell R.,15,,False,,,,,https://www.revolutionise.com.au/hockeyballarat/game/2524134,2026-05-17 01:00:24
Division 1 Men,Round 5,Sun 31 May 2026,17:00,Prince of Wales Park,Bobcats Div 1 Men,EGC,,,,,Bobcats Div 1 Men,Nigel D.,,,False,,,,,https://www.revolutionise.com.au/hockeyballarat/game/2524134,2026-05-17 01:00:24
Division 1 Men,Round 5,Sun 31 May 2026,17:00,Prince of Wales Park,Bobcats Div 1 Men,EGC,,,,,Bobcats Div 1 Men,Reg B.,1,,False,,,,,https://www.revolutionise.com.au/hockeyballarat/game/2524134,2026-05-17 01:00:24
Division 1 Men,Round 5,Sun 31 May 2026,17:00,Prince of Wales Park,Bobcats Div 1 Men,EGC,,,,,Bobcats Div 1 Men,Sam C.,7,,False,,,,,https://www.revolutionise.com.au/hockeyballarat/game/2524134,2026-05-17 01:00:24
Division 1 Men,Round 5,Sun 31 May 2026,17:00,Prince of Wales Park,Bobcats Div 1 Men,EGC,,,,,Bobcats Div 1 Men,Thane B.,2,,False,,,,,https://www.revolutionise.com.au/hockeyballarat/game/2524134,2026-05-17 01:00:24
Division 1 Men,Round 5,Sun 31 May 2026,17:00,Prince of Wales Park,Bobcats Div 1 Men,EGC,,,,,Bobcats Div 1 Men,Timothy D.,8,,False,,,,,https://www.revolutionise.com.au/hockeyballarat/game/2524134,2026-05-17 01:00:24
Division 1 Men,Round 5,Sun 31 May 2026,17:00,Prince of Wales Park,Bobcats Div 1 Men,EGC,,,,,Bobcats Div 1 Men,Timothy O.,9,,False,,,,,https://www.revolutionise.com.au/hockeyballarat/game/2524134,2026-05-17 01:00:24
Division 1 Men,Round 5,Sun 31 May 2026,17:00,Prince of Wales Park,Bobcats Div 1 Men,EGC,,,,,Bobcats Div 1 Men,Troy S.,,,False,,,,,https://www.revolutionise.com.au/hockeyballarat/game/2524134,2026-05-17 01:00:24
Division 1 Men,Round 5,Sun 31 May 2026,17:00,Prince of Wales Park,Bobcats Div 1 Men,EGC,,,,,Bobcats Div 1 Men,Tyson J.,12,,False,,,,,https://www.revolutionise.com.au/hockeyballarat/game/2524134,2026-05-17 01:00:24
Division 1 Men,Round 5,Sun 31 May 2026,17:00,Prince of Wales Park,Bobcats Div 1 Men,EGC,,,,,Bobcats Div 1 Men,william D.,11,,False,,,,,https://www.revolutionise.com.au/hockeyballarat/game/2524134,2026-05-17 01:00:24
Division 1 Men,Round 5,Sun 31 May 2026,17:00,Prince of Wales Park,Bobcats Div 1 Men,EGC,,,,,EGC,Adrian P.,6,,False,,,,,https://www.revolutionise.com.au/hockeyballarat/game/2524134,2026-05-17 01:00:24
Division 1 Men,Round 5,Sun 31 May 2026,17:00,Prince of Wales Park,Bobcats Div 1 Men,EGC,,,,,EGC,Alex S.,8,,False,,,,,https://www.revolutionise.com.au/hockeyballarat/game/2524134,2026-05-17 01:00:24
Division 1 Men,Round 5,Sun 31 May 2026,17:00,Prince of Wales Park,Bobcats Div 1 Men,EGC,,,,,EGC,Ben S.,5,,False,,,,,https://www.revolutionise.com.au/hockeyballarat/game/2524134,2026-05-17 01:00:24
Division 1 Men,Round 5,Sun 31 May 2026,17:00,Prince of Wales Park,Bobcats Div 1 Men,EGC,,,,,EGC,David S.,43,,False,,,,,https://www.revolutionise.com.au/hockeyballarat/game/2524134,2026-05-17 01:00:24
Division 1 Men,Round 5,Sun 31 May 2026,17:00,Prince of Wales Park,Bobcats Div 1 Men,EGC,,,,,EGC,Declan Z.,22,,False,,,,,https://www.revolutionise.com.au/hockeyballarat/game/2524134,2026-05-17 01:00:24
Division 1 Men,Round 5,Sun 31 May 2026,17:00,Prince of Wales Park,Bobcats Div 1 Men,EGC,,,,,EGC,Ed R.,4,,False,,,,,https://www.revolutionise.com.au/hockeyballarat/game/2524134,2026-05-17 01:00:24
Division 1 Men,Round 5,Sun 31 May 2026,17:00,Prince of Wales Park,Bobcats Div 1 Men,EGC,,,,,EGC,Evan D.,11,,False,,,,,https://www.revolutionise.com.au/hockeyballarat/game/2524134,2026-05-17 01:00:24
Division 1 Men,Round 5,Sun 31 May 2026,17:00,Prince of Wales Park,Bobcats Div 1 Men,EGC,,,,,EGC,Jack B.,34,,False,,,,,https://www.revolutionise.com.au/hockeyballarat/game/2524134,2026-05-17 01:00:24
Division 1 Men,Round 5,Sun 31 May 2026,17:00,Prince of Wales Park,Bobcats Div 1 Men,EGC,,,,,EGC,Joshua S.,7,,False,,,,,https://www.revolutionise.com.au/hockeyballarat/game/2524134,2026-05-17 01:00:24
Division 1 Men,Round 5,Sun 31 May 2026,17:00,Prince of Wales Park,Bobcats Div 1 Men,EGC,,,,,EGC,Kade K.,1,Goalkeeper,False,,,,,https://www.revolutionise.com.au/hockeyballarat/game/2524134,2026-05-17 01:00:24
Division 1 Men,Round 5,Sun 31 May 2026,17:00,Prince of Wales Park,Bobcats Div 1 Men,EGC,,,,,EGC,Lachlan T.,63,,False,,,,,https://www.revolutionise.com.au/hockeyballarat/game/2524134,2026-05-17 01:00:24
Division 1 Men,Round 5,Sun 31 May 2026,17:00,Prince of Wales Park,Bobcats Div 1 Men,EGC,,,,,EGC,Liam H.,16,,False,,,,,https://www.revolutionise.com.au/hockeyballarat/game/2524134,2026-05-17 01:00:24
Division 1 Men,Round 5,Sun 31 May 2026,17:00,Prince of Wales Park,Bobcats Div 1 Men,EGC,,,,,EGC,Luke E.,44,,False,,,,,https://www.revolutionise.com.au/hockeyballarat/game/2524134,2026-05-17 01:00:24
Division 1 Men,Round 5,Sun 31 May 2026,17:00,Prince of Wales Park,Bobcats Div 1 Men,EGC,,,,,EGC,Luke T.,20,Captain,False,,,,,https://www.revolutionise.com.au/hockeyballarat/game/2524134,2026-05-17 01:00:24
Division 1 Men,Round 5,Sun 31 May 2026,17:00,Prince of Wales Park,Bobcats Div 1 Men,EGC,,,,,EGC,Ned S.,14,,False,,,,,https://www.revolutionise.com.au/hockeyballarat/game/2524134,2026-05-17 01:00:24
Division 1 Men,Round 5,Sun 31 May 2026,17:00,Prince of Wales Park,Bobcats Div 1 Men,EGC,,,,,EGC,Ted B.,91,,False,,,,,https://www.revolutionise.com.au/hockeyballarat/game/2524134,2026-05-17 01:00:24
Division 1 Men,Round 5,Sun 31 May 2026,17:00,Prince of Wales Park,Bobcats Div 1 Men,EGC,,,,,EGC,Toby H.,58,,False,,,,,https://www.revolutionise.com.au/hockeyballarat/game/2524134,2026-05-17 01:00:24
Division 1 Men,Round 5,Sun 31 May 2026,17:00,Prince of Wales Park,Bobcats Div 1 Men,EGC,,,,,EGC,Will R.,9,,False,,,,,https://www.revolutionise.com.au/hockeyballarat/game/2524134,2026-05-17 01:00:24
Womens,Round 1,Sun 26 Apr 2026,09:00,Prince of Wales Park,EGC EGC Blue,SOBHC Ducks Women,0,3,Aliyah Kochi,Nicholas Hargreaves,EGC EGC Blue,Charli B.,,Goalkeeper,True,,,,,https://www.revolutionise.com.au/hockeyballarat/game/2524136,2026-05-17 01:00:29
Womens,Round 1,Sun 26 Apr 2026,09:00,Prince of Wales Park,EGC EGC Blue,SOBHC Ducks Women,0,3,Aliyah Kochi,Nicholas Hargreaves,EGC EGC Blue,Clare D.,52,,False,,,,,https://www.revolutionise.com.au/hockeyballarat/game/2524136,2026-05-17 01:00:29
Womens,Round 1,Sun 26 Apr 2026,09:00,Prince of Wales Park,EGC EGC Blue,SOBHC Ducks Women,0,3,Aliyah Kochi,Nicholas Hargreaves,EGC EGC Blue,Ebonie S.,50,,True,,,,,https://www.revolutionise.com.au/hockeyballarat/game/2524136,2026-05-17 01:00:29
Womens,Round 1,Sun 26 Apr 2026,09:00,Prince of Wales Park,EGC EGC Blue,SOBHC Ducks Women,0,3,Aliyah Kochi,Nicholas Hargreaves,EGC EGC Blue,Jasmine M.,26,,True,,,,,https://www.revolutionise.com.au/hockeyballarat/game/2524136,2026-05-17 01:00:29
Womens,Round 1,Sun 26 Apr 2026,09:00,Prince of Wales Park,EGC EGC Blue,SOBHC Ducks Women,0,3,Aliyah Kochi,Nicholas Hargreaves,EGC EGC Blue,Judith Y.,3,,True,,,,,https://www.revolutionise.com.au/hockeyballarat/game/2524136,2026-05-17 01:00:29
Womens,Round 1,Sun 26 Apr 2026,09:00,Prince of Wales Park,EGC EGC Blue,SOBHC Ducks Women,0,3,Aliyah Kochi,Nicholas Hargreaves,EGC EGC Blue,Kahlua S.,30,,False,,,,,https://www.revolutionise.com.au/hockeyballarat/game/2524136,2026-05-17 01:00:29
Womens,Round 1,Sun 26 Apr 2026,09:00,Prince of Wales Park,EGC EGC Blue,SOBHC Ducks Women,0,3,Aliyah Kochi,Nicholas Hargreaves,EGC EGC Blue,Kay D.,49,,True,,,,,https://www.revolutionise.com.au/hockeyballarat/game/2524136,2026-05-17 01:00:29
Womens,Round 1,Sun 26 Apr 2026,09:00,Prince of Wales Park,EGC EGC Blue,SOBHC Ducks Women,0,3,Aliyah Kochi,Nicholas Hargreaves,EGC EGC Blue,Lauren M.,21,,True,,,,,https://www.revolutionise.com.au/hockeyballarat/game/2524136,2026-05-17 01:00:29
Womens,Round 1,Sun 26 Apr 2026,09:00,Prince of Wales Park,EGC EGC Blue,SOBHC Ducks Women,0,3,Aliyah Kochi,Nicholas Hargreaves,EGC EGC Blue,Mia B.,35,,True,,,,,https://www.revolutionise.com.au/hockeyballarat/game/2524136,2026-05-17 01:00:29
Womens,Round 1,Sun 26 Apr 2026,09:00,Prince of Wales Park,EGC EGC Blue,SOBHC Ducks Women,0,3,Aliyah Kochi,Nicholas Hargreaves,EGC EGC Blue,Quinn B.,46,,True,,,,,https://www.revolutionise.com.au/hockeyballarat/game/2524136,2026-05-17 01:00:29
Womens,Round 1,Sun 26 Apr 2026,09:00,Prince of Wales Park,EGC EGC Blue,SOBHC Ducks Women,0,3,Aliyah Kochi,Nicholas Hargreaves,EGC EGC Blue,Susan M.,92,,True,,,,,https://www.revolutionise.com.au/hockeyballarat/game/2524136,2026-05-17 01:00:29
Womens,Round 1,Sun 26 Apr 2026,09:00,Prince of Wales Park,EGC EGC Blue,SOBHC Ducks Women,0,3,Aliyah Kochi,Nicholas Hargreaves,EGC EGC Blue,Meletta D.,,,True,,,,,https://www.revolutionise.com.au/hockeyballarat/game/2524136,2026-05-17 01:00:29
Womens,Round 1,Sun 26 Apr 2026,09:00,Prince of Wales Park,EGC EGC Blue,SOBHC Ducks Women,0,3,Aliyah Kochi,Nicholas Hargreaves,SOBHC Ducks Women,Breanna J.,10,,True,,,,,https://www.revolutionise.com.au/hockeyballarat/game/2524136,2026-05-17 01:00:29
Womens,Round 1,Sun 26 Apr 2026,09:00,Prince of Wales Park,EGC EGC Blue,SOBHC Ducks Women,0,3,Aliyah Kochi,Nicholas Hargreaves,SOBHC Ducks Women,Bridget d.,4,,True,,,,,https://www.revolutionise.com.au/hockeyballarat/game/2524136,2026-05-17 01:00:29
Womens,Round 1,Sun 26 Apr 2026,09:00,Prince of Wales Park,EGC EGC Blue,SOBHC Ducks Women,0,3,Aliyah Kochi,Nicholas Hargreaves,SOBHC Ducks Women,Claire B.,2,,True,1,,,,https://www.revolutionise.com.au/hockeyballarat/game/2524136,2026-05-17 01:00:29
Womens,Round 1,Sun 26 Apr 2026,09:00,Prince of Wales Park,EGC EGC Blue,SOBHC Ducks Women,0,3,Aliyah Kochi,Nicholas Hargreaves,SOBHC Ducks Women,Demi S.,7,,True,1,,,,https://www.revolutionise.com.au/hockeyballarat/game/2524136,2026-05-17 01:00:29
Womens,Round 1,Sun 26 Apr 2026,09:00,Prince of Wales Park,EGC EGC Blue,SOBHC Ducks Women,0,3,Aliyah Kochi,Nicholas Hargreaves,SOBHC Ducks Women,Kate C.,3,,False,,,,,https://www.revolutionise.com.au/hockeyballarat/game/2524136,2026-05-17 01:00:29
Womens,Round 1,Sun 26 Apr 2026,09:00,Prince of Wales Park,EGC EGC Blue,SOBHC Ducks Women,0,3,Aliyah Kochi,Nicholas Hargreaves,SOBHC Ducks Women,Kate M.,,,True,,,,,https://www.revolutionise.com.au/hockeyballarat/game/2524136,2026-05-17 01:00:29
Womens,Round 1,Sun 26 Apr 2026,09:00,Prince of Wales Park,EGC EGC Blue,SOBHC Ducks Women,0,3,Aliyah Kochi,Nicholas Hargreaves,SOBHC Ducks Women,Kira B.,8,,True,1,,,,https://www.revolutionise.com.au/hockeyballarat/game/2524136,2026-05-17 01:00:29
Womens,Round 1,Sun 26 Apr 2026,09:00,Prince of Wales Park,EGC EGC Blue,SOBHC Ducks Women,0,3,Aliyah Kochi,Nicholas Hargreaves,SOBHC Ducks Women,Lyndal B.,9,,True,,,,,https://www.revolutionise.com.au/hockeyballarat/game/2524136,2026-05-17 01:00:29
Womens,Round 1,Sun 26 Apr 2026,09:00,Prince of Wales Park,EGC EGC Blue,SOBHC Ducks Women,0,3,Aliyah Kochi,Nicholas Hargreaves,SOBHC Ducks Women,Rebecca L.,5,,True,,,,,https://www.revolutionise.com.au/hockeyballarat/game/2524136,2026-05-17 01:00:29
Womens,Round 1,Sun 26 Apr 2026,09:00,Prince of Wales Park,EGC EGC Blue,SOBHC Ducks Women,0,3,Aliyah Kochi,Nicholas Hargreaves,SOBHC Ducks Women,Sarah A.,1,,True,,,,,https://www.revolutionise.com.au/hockeyballarat/game/2524136,2026-05-17 01:00:29
Womens,Round 1,Sun 26 Apr 2026,09:00,Prince of Wales Park,EGC EGC Blue,SOBHC Ducks Women,0,3,Aliyah Kochi,Nicholas Hargreaves,SOBHC Ducks Women,Sarah M.,,,False,,,,,https://www.revolutionise.com.au/hockeyballarat/game/2524136,2026-05-17 01:00:29
Womens,Round 1,Sun 26 Apr 2026,09:00,Prince of Wales Park,EGC EGC Blue,SOBHC Ducks Women,0,3,Aliyah Kochi,Nicholas Hargreaves,SOBHC Ducks Women,Isabelle S.,,,True,,,,,https://www.revolutionise.com.au/hockeyballarat/game/2524136,2026-05-17 01:00:29
Womens,Round 1,Sun 26 Apr 2026,12:15,Prince of Wales Park,Blaze Women Blaze Orange,Bobcats Bobcats Women,1,7,Ben Sturmfels,,Blaze Women Blaze Orange,Aliyah K.,2,,True,,,,,https://www.revolutionise.com.au/hockeyballarat/game/2524137,2026-05-17 01:00:30
Womens,Round 1,Sun 26 Apr 2026,12:15,Prince of Wales Park,Blaze Women Blaze Orange,Bobcats Bobcats Women,1,7,Ben Sturmfels,,Blaze Women Blaze Orange,Cristin R.,14,,False,,,,,https://www.revolutionise.com.au/hockeyballarat/game/2524137,2026-05-17 01:00:30
Womens,Round 1,Sun 26 Apr 2026,12:15,Prince of Wales Park,Blaze Women Blaze Orange,Bobcats Bobcats Women,1,7,Ben Sturmfels,,Blaze Women Blaze Orange,Danielle L.,12,,True,,,,,https://www.revolutionise.com.au/hockeyballarat/game/2524137,2026-05-17 01:00:30
Womens,Round 1,Sun 26 Apr 2026,12:15,Prince of Wales Park,Blaze Women Blaze Orange,Bobcats Bobcats Women,1,7,Ben Sturmfels,,Blaze Women Blaze Orange,Dione E.,11,,True,,,,,https://www.revolutionise.com.au/hockeyballarat/game/2524137,2026-05-17 01:00:30
Womens,Round 1,Sun 26 Apr 2026,12:15,Prince of Wales Park,Blaze Women Blaze Orange,Bobcats Bobcats Women,1,7,Ben Sturmfels,,Blaze Women Blaze Orange,Elizabeth M.,3,,True,,,,,https://www.revolutionise.com.au/hockeyballarat/game/2524137,2026-05-17 01:00:30
Womens,Round 1,Sun 26 Apr 2026,12:15,Prince of Wales Park,Blaze Women Blaze Orange,Bobcats Bobcats Women,1,7,Ben Sturmfels,,Blaze Women Blaze Orange,Isabelle S.,10,,True,,,,,https://www.revolutionise.com.au/hockeyballarat/game/2524137,2026-05-17 01:00:30
Womens,Round 1,Sun 26 Apr 2026,12:15,Prince of Wales Park,Blaze Women Blaze Orange,Bobcats Bobcats Women,1,7,Ben Sturmfels,,Blaze Women Blaze Orange,Jennifer F.,1,,True,,,,,https://www.revolutionise.com.au/hockeyballarat/game/2524137,2026-05-17 01:00:30
Womens,Round 1,Sun 26 Apr 2026,12:15,Prince of Wales Park,Blaze Women Blaze Orange,Bobcats Bobcats Women,1,7,Ben Sturmfels,,Blaze Women Blaze Orange,Katy R.,5,,True,,,,,https://www.revolutionise.com.au/hockeyballarat/game/2524137,2026-05-17 01:00:30
Womens,Round 1,Sun 26 Apr 2026,12:15,Prince of Wales Park,Blaze Women Blaze Orange,Bobcats Bobcats Women,1,7,Ben Sturmfels,,Blaze Women Blaze Orange,Leona L.,7,,True,,,,,https://www.revolutionise.com.au/hockeyballarat/game/2524137,2026-05-17 01:00:30
Womens,Round 1,Sun 26 Apr 2026,12:15,Prince of Wales Park,Blaze Women Blaze Orange,Bobcats Bobcats Women,1,7,Ben Sturmfels,,Blaze Women Blaze Orange,Mary B.,6,,True,,,,,https://www.revolutionise.com.au/hockeyballarat/game/2524137,2026-05-17 01:00:30
Womens,Round 1,Sun 26 Apr 2026,12:15,Prince of Wales Park,Blaze Women Blaze Orange,Bobcats Bobcats Women,1,7,Ben Sturmfels,,Blaze Women Blaze Orange,Meg M.,4,,True,1,,,,https://www.revolutionise.com.au/hockeyballarat/game/2524137,2026-05-17 01:00:30
Womens,Round 1,Sun 26 Apr 2026,12:15,Prince of Wales Park,Blaze Women Blaze Orange,Bobcats Bobcats Women,1,7,Ben Sturmfels,,Blaze Women Blaze Orange,Natasha L.,9,,True,,,,,https://www.revolutionise.com.au/hockeyballarat/game/2524137,2026-05-17 01:00:30
Womens,Round 1,Sun 26 Apr 2026,12:15,Prince of Wales Park,Blaze Women Blaze Orange,Bobcats Bobcats Women,1,7,Ben Sturmfels,,Blaze Women Blaze Orange,Natasha O.,,,False,,,,,https://www.revolutionise.com.au/hockeyballarat/game/2524137,2026-05-17 01:00:30
Womens,Round 1,Sun 26 Apr 2026,12:15,Prince of Wales Park,Blaze Women Blaze Orange,Bobcats Bobcats Women,1,7,Ben Sturmfels,,Blaze Women Blaze Orange,Samara D.,8,,True,,,,,https://www.revolutionise.com.au/hockeyballarat/game/2524137,2026-05-17 01:00:30
Womens,Round 1,Sun 26 Apr 2026,12:15,Prince of Wales Park,Blaze Women Blaze Orange,Bobcats Bobcats Women,1,7,Ben Sturmfels,,Blaze Women Blaze Orange,Charli B.,,,True,,,,,https://www.revolutionise.com.au/hockeyballarat/game/2524137,2026-05-17 01:00:30
Womens,Round 1,Sun 26 Apr 2026,12:15,Prince of Wales Park,Blaze Women Blaze Orange,Bobcats Bobcats Women,1,7,Ben Sturmfels,,Bobcats Bobcats Women,Amelia B.,3,,False,,,,,https://www.revolutionise.com.au/hockeyballarat/game/2524137,2026-05-17 01:00:30
Womens,Round 1,Sun 26 Apr 2026,12:15,Prince of Wales Park,Blaze Women Blaze Orange,Bobcats Bobcats Women,1,7,Ben Sturmfels,,Bobcats Bobcats Women,Cecily F.,27,,False,,,,,https://www.revolutionise.com.au/hockeyballarat/game/2524137,2026-05-17 01:00:30
Womens,Round 1,Sun 26 Apr 2026,12:15,Prince of Wales Park,Blaze Women Blaze Orange,Bobcats Bobcats Women,1,7,Ben Sturmfels,,Bobcats Bobcats Women,Claire B.,1,,True,,,,,https://www.revolutionise.com.au/hockeyballarat/game/2524137,2026-05-17 01:00:30
Womens,Round 1,Sun 26 Apr 2026,12:15,Prince of Wales Park,Blaze Women Blaze Orange,Bobcats Bobcats Women,1,7,Ben Sturmfels,,Bobcats Bobcats Women,Connie L.,11,,True,,,,,https://www.revolutionise.com.au/hockeyballarat/game/2524137,2026-05-17 01:00:30
Womens,Round 1,Sun 26 Apr 2026,12:15,Prince of Wales Park,Blaze Women Blaze Orange,Bobcats Bobcats Women,1,7,Ben Sturmfels,,Bobcats Bobcats Women,Elise W.,88,,True,5,1,,,https://www.revolutionise.com.au/hockeyballarat/game/2524137,2026-05-17 01:00:30
Womens,Round 1,Sun 26 Apr 2026,12:15,Prince of Wales Park,Blaze Women Blaze Orange,Bobcats Bobcats Women,1,7,Ben Sturmfels,,Bobcats Bobcats Women,Elizabeth W.,89,,False,,,,,https://www.revolutionise.com.au/hockeyballarat/game/2524137,2026-05-17 01:00:30
Womens,Round 1,Sun 26 Apr 2026,12:15,Prince of Wales Park,Blaze Women Blaze Orange,Bobcats Bobcats Women,1,7,Ben Sturmfels,,Bobcats Bobcats Women,Emily L.,12,,False,,,,,https://www.revolutionise.com.au/hockeyballarat/game/2524137,2026-05-17 01:00:30
Womens,Round 1,Sun 26 Apr 2026,12:15,Prince of Wales Park,Blaze Women Blaze Orange,Bobcats Bobcats Women,1,7,Ben Sturmfels,,Bobcats Bobcats Women,Felicity W.,96,,True,2,,,,https://www.revolutionise.com.au/hockeyballarat/game/2524137,2026-05-17 01:00:30
Womens,Round 1,Sun 26 Apr 2026,12:15,Prince of Wales Park,Blaze Women Blaze Orange,Bobcats Bobcats Women,1,7,Ben Sturmfels,,Bobcats Bobcats Women,Hannah H.,6,,True,,,,,https://www.revolutionise.com.au/hockeyballarat/game/2524137,2026-05-17 01:00:30
Womens,Round 1,Sun 26 Apr 2026,12:15,Prince of Wales Park,Blaze Women Blaze Orange,Bobcats Bobcats Women,1,7,Ben Sturmfels,,Bobcats Bobcats Women,Joanna P.,,,True,,,,,https://www.revolutionise.com.au/hockeyballarat/game/2524137,2026-05-17 01:00:30
Womens,Round 1,Sun 26 Apr 2026,12:15,Prince of Wales Park,Blaze Women Blaze Orange,Bobcats Bobcats Women,1,7,Ben Sturmfels,,Bobcats Bobcats Women,Julie T.,16,,True,,,,,https://www.revolutionise.com.au/hockeyballarat/game/2524137,2026-05-17 01:00:30
Womens,Round 1,Sun 26 Apr 2026,12:15,Prince of Wales Park,Blaze Women Blaze Orange,Bobcats Bobcats Women,1,7,Ben Sturmfels,,Bobcats Bobcats Women,Kate B.,32,,True,,,,,https://www.revolutionise.com.au/hockeyballarat/game/2524137,2026-05-17 01:00:30
Womens,Round 1,Sun 26 Apr 2026,12:15,Prince of Wales Park,Blaze Women Blaze Orange,Bobcats Bobcats Women,1,7,Ben Sturmfels,,Bobcats Bobcats Women,Kirsty T.,19,,False,,,,,https://www.revolutionise.com.au/hockeyballarat/game/2524137,2026-05-17 01:00:30
Womens,Round 1,Sun 26 Apr 2026,12:15,Prince of Wales Park,Blaze Women Blaze Orange,Bobcats Bobcats Women,1,7,Ben Sturmfels,,Bobcats Bobcats Women,Molly D.,7,,True,,,,,https://www.revolutionise.com.au/hockeyballarat/game/2524137,2026-05-17 01:00:30
Womens,Round 1,Sun 26 Apr 2026,12:15,Prince of Wales Park,Blaze Women Blaze Orange,Bobcats Bobcats Women,1,7,Ben Sturmfels,,Bobcats Bobcats Women,Pippa L.,13,,False,,,,,https://www.revolutionise.com.au/hockeyballarat/game/2524137,2026-05-17 01:00:30
Womens,Round 1,Sun 26 Apr 2026,12:15,Prince of Wales Park,Blaze Women Blaze Orange,Bobcats Bobcats Women,1,7,Ben Sturmfels,,Bobcats Bobcats Women,Rachel B.,2,,False,,,,,https://www.revolutionise.com.au/hockeyballarat/game/2524137,2026-05-17 01:00:30
Womens,Round 1,Sun 26 Apr 2026,12:15,Prince of Wales Park,Blaze Women Blaze Orange,Bobcats Bobcats Women,1,7,Ben Sturmfels,,Bobcats Bobcats Women,Rajinder U.,,,False,,,,,https://www.revolutionise.com.au/hockeyballarat/game/2524137,2026-05-17 01:00:30
Womens,Round 1,Sun 26 Apr 2026,12:15,Prince of Wales Park,Blaze Women Blaze Orange,Bobcats Bobcats Women,1,7,Ben Sturmfels,,Bobcats Bobcats Women,Rebekah C.,5,,False,,,,,https://www.revolutionise.com.au/hockeyballarat/game/2524137,2026-05-17 01:00:30
Womens,Round 1,Sun 26 Apr 2026,12:15,Prince of Wales Park,Blaze Women Blaze Orange,Bobcats Bobcats Women,1,7,Ben Sturmfels,,Bobcats Bobcats Women,Sabrina G.,9,,True,,,,,https://www.revolutionise.com.au/hockeyballarat/game/2524137,2026-05-17 01:00:30
Womens,Round 1,Sun 26 Apr 2026,12:15,Prince of Wales Park,Blaze Women Blaze Orange,Bobcats Bobcats Women,1,7,Ben Sturmfels,,Bobcats Bobcats Women,Shara B.,199,,False,,,,,https://www.revolutionise.com.au/hockeyballarat/game/2524137,2026-05-17 01:00:30
Womens,Round 1,Sun 26 Apr 2026,12:15,Prince of Wales Park,Blaze Women Blaze Orange,Bobcats Bobcats Women,1,7,Ben Sturmfels,,Bobcats Bobcats Women,Siphesihle M.,14,Goalkeeper,True,,,,,https://www.revolutionise.com.au/hockeyballarat/game/2524137,2026-05-17 01:00:30
Womens,Round 1,Sun 26 Apr 2026,12:15,Prince of Wales Park,Blaze Women Blaze Orange,Bobcats Bobcats Women,1,7,Ben Sturmfels,,Bobcats Bobcats Women,Victoria C.,63,,True,,,,,https://www.revolutionise.com.au/hockeyballarat/game/2524137,2026-05-17 01:00:30
Womens,Round 1,Sun 26 Apr 2026,12:15,"John Vernon Field, Ballarat Grammar",EGC EGC Gold,Lucas HC Women,8,1,Stephen Matthews,,EGC EGC Gold,Abbey P.,79,,False,,,,,https://www.revolutionise.com.au/hockeyballarat/game/2524138,2026-05-17 01:00:32
Womens,Round 1,Sun 26 Apr 2026,12:15,"John Vernon Field, Ballarat Grammar",EGC EGC Gold,Lucas HC Women,8,1,Stephen Matthews,,EGC EGC Gold,Ashleigh B.,6,,True,1,,,,https://www.revolutionise.com.au/hockeyballarat/game/2524138,2026-05-17 01:00:32
Womens,Round 1,Sun 26 Apr 2026,12:15,"John Vernon Field, Ballarat Grammar",EGC EGC Gold,Lucas HC Women,8,1,Stephen Matthews,,EGC EGC Gold,Clarabel W.,33,,False,,,,,https://www.revolutionise.com.au/hockeyballarat/game/2524138,2026-05-17 01:00:32
Womens,Round 1,Sun 26 Apr 2026,12:15,"John Vernon Field, Ballarat Grammar",EGC EGC Gold,Lucas HC Women,8,1,Stephen Matthews,,EGC EGC Gold,Ella M.,16,Captain,True,1,,,,https://www.revolutionise.com.au/hockeyballarat/game/2524138,2026-05-17 01:00:32
Womens,Round 1,Sun 26 Apr 2026,12:15,"John Vernon Field, Ballarat Grammar",EGC EGC Gold,Lucas HC Women,8,1,Stephen Matthews,,EGC EGC Gold,Emily M.,11,,True,3,,,,https://www.revolutionise.com.au/hockeyballarat/game/2524138,2026-05-17 01:00:32
Womens,Round 1,Sun 26 Apr 2026,12:15,"John Vernon Field, Ballarat Grammar",EGC EGC Gold,Lucas HC Women,8,1,Stephen Matthews,,EGC EGC Gold,Emma M.,2,,True,,,,,https://www.revolutionise.com.au/hockeyballarat/game/2524138,2026-05-17 01:00:32
Womens,Round 1,Sun 26 Apr 2026,12:15,"John Vernon Field, Ballarat Grammar",EGC EGC Gold,Lucas HC Women,8,1,Stephen Matthews,,EGC EGC Gold,Helen R.,1,Goalkeeper,True,,,,,https://www.revolutionise.com.au/hockeyballarat/game/2524138,2026-05-17 01:00:32
Womens,Round 1,Sun 26 Apr 2026,12:15,"John Vernon Field, Ballarat Grammar",EGC EGC Gold,Lucas HC Women,8,1,Stephen Matthews,,EGC EGC Gold,Lana W.,59,,False,,,,,https://www.revolutionise.com.au/hockeyballarat/game/2524138,2026-05-17 01:00:32
Womens,Round 1,Sun 26 Apr 2026,12:15,"John Vernon Field, Ballarat Grammar",EGC EGC Gold,Lucas HC Women,8,1,Stephen Matthews,,EGC EGC Gold,Meletta D.,10,,True,,,,,https://www.revolutionise.com.au/hockeyballarat/game/2524138,2026-05-17 01:00:32
Womens,Round 1,Sun 26 Apr 2026,12:15,"John Vernon Field, Ballarat Grammar",EGC EGC Gold,Lucas HC Women,8,1,Stephen Matthews,,EGC EGC Gold,Paige K.,76,,True,,,,,https://www.revolutionise.com.au/hockeyballarat/game/2524138,2026-05-17 01:00:32
Womens,Round 1,Sun 26 Apr 2026,12:15,"John Vernon Field, Ballarat Grammar",EGC EGC Gold,Lucas HC Women,8,1,Stephen Matthews,,EGC EGC Gold,Poppy L.,55,,False,,,,,https://www.revolutionise.com.au/hockeyballarat/game/2524138,2026-05-17 01:00:32
Womens,Round 1,Sun 26 Apr 2026,12:15,"John Vernon Field, Ballarat Grammar",EGC EGC Gold,Lucas HC Women,8,1,Stephen Matthews,,EGC EGC Gold,Sophia P.,72,,True,3,,,,https://www.revolutionise.com.au/hockeyballarat/game/2524138,2026-05-17 01:00:32
Womens,Round 1,Sun 26 Apr 2026,12:15,"John Vernon Field, Ballarat Grammar",EGC EGC Gold,Lucas HC Women,8,1,Stephen Matthews,,EGC EGC Gold,Sophie R.,63,,True,,,,,https://www.revolutionise.com.au/hockeyballarat/game/2524138,2026-05-17 01:00:32
Womens,Round 1,Sun 26 Apr 2026,12:15,"John Vernon Field, Ballarat Grammar",EGC EGC Gold,Lucas HC Women,8,1,Stephen Matthews,,EGC EGC Gold,Susan W.,24,,False,,,,,https://www.revolutionise.com.au/hockeyballarat/game/2524138,2026-05-17 01:00:32
Womens,Round 1,Sun 26 Apr 2026,12:15,"John Vernon Field, Ballarat Grammar",EGC EGC Gold,Lucas HC Women,8,1,Stephen Matthews,,EGC EGC Gold,Vera S.,44,,False,,,,,https://www.revolutionise.com.au/hockeyballarat/game/2524138,2026-05-17 01:00:32
Womens,Round 1,Sun 26 Apr 2026,12:15,"John Vernon Field, Ballarat Grammar",EGC EGC Gold,Lucas HC Women,8,1,Stephen Matthews,,EGC EGC Gold,Claire N.,,,True,,,,,https://www.revolutionise.com.au/hockeyballarat/game/2524138,2026-05-17 01:00:32
Womens,Round 1,Sun 26 Apr 2026,12:15,"John Vernon Field, Ballarat Grammar",EGC EGC Gold,Lucas HC Women,8,1,Stephen Matthews,,EGC EGC Gold,Hannah M.,,,True,,,,,https://www.revolutionise.com.au/hockeyballarat/game/2524138,2026-05-17 01:00:32
Womens,Round 1,Sun 26 Apr 2026,12:15,"John Vernon Field, Ballarat Grammar",EGC EGC Gold,Lucas HC Women,8,1,Stephen Matthews,,Lucas HC Women,Angela W.,54,,False,,,,,https://www.revolutionise.com.au/hockeyballarat/game/2524138,2026-05-17 01:00:32
Womens,Round 1,Sun 26 Apr 2026,12:15,"John Vernon Field, Ballarat Grammar",EGC EGC Gold,Lucas HC Women,8,1,Stephen Matthews,,Lucas HC Women,Annabelle H.,111,,False,,,,,https://www.revolutionise.com.au/hockeyballarat/game/2524138,2026-05-17 01:00:32
Womens,Round 1,Sun 26 Apr 2026,12:15,"John Vernon Field, Ballarat Grammar",EGC EGC Gold,Lucas HC Women,8,1,Stephen Matthews,,Lucas HC Women,Belinda H.,109,,False,,,,,https://www.revolutionise.com.au/hockeyballarat/game/2524138,2026-05-17 01:00:32
Womens,Round 1,Sun 26 Apr 2026,12:15,"John Vernon Field, Ballarat Grammar",EGC EGC Gold,Lucas HC Women,8,1,Stephen Matthews,,Lucas HC Women,Bella J.,113,,False,,,,,https://www.revolutionise.com.au/hockeyballarat/game/2524138,2026-05-17 01:00:32
Womens,Round 1,Sun 26 Apr 2026,12:15,"John Vernon Field, Ballarat Grammar",EGC EGC Gold,Lucas HC Women,8,1,Stephen Matthews,,Lucas HC Women,Bonnie A.,107,,True,1,,,,https://www.revolutionise.com.au/hockeyballarat/game/2524138,2026-05-17 01:00:32
Womens,Round 1,Sun 26 Apr 2026,12:15,"John Vernon Field, Ballarat Grammar",EGC EGC Gold,Lucas HC Women,8,1,Stephen Matthews,,Lucas HC Women,Emily W.,57,,False,,,,,https://www.revolutionise.com.au/hockeyballarat/game/2524138,2026-05-17 01:00:32
Womens,Round 1,Sun 26 Apr 2026,12:15,"John Vernon Field, Ballarat Grammar",EGC EGC Gold,Lucas HC Women,8,1,Stephen Matthews,,Lucas HC Women,Isabelle H.,103,,False,,,,,https://www.revolutionise.com.au/hockeyballarat/game/2524138,2026-05-17 01:00:32
Womens,Round 1,Sun 26 Apr 2026,12:15,"John Vernon Field, Ballarat Grammar",EGC EGC Gold,Lucas HC Women,8,1,Stephen Matthews,,Lucas HC Women,Joanne S.,60,,True,,,,,https://www.revolutionise.com.au/hockeyballarat/game/2524138,2026-05-17 01:00:32
Womens,Round 1,Sun 26 Apr 2026,12:15,"John Vernon Field, Ballarat Grammar",EGC EGC Gold,Lucas HC Women,8,1,Stephen Matthews,,Lucas HC Women,Kerryn P.,110,,False,,,,,https://www.revolutionise.com.au/hockeyballarat/game/2524138,2026-05-17 01:00:32
Womens,Round 1,Sun 26 Apr 2026,12:15,"John Vernon Field, Ballarat Grammar",EGC EGC Gold,Lucas HC Women,8,1,Stephen Matthews,,Lucas HC Women,Klyti G.,102,,False,,,,,https://www.revolutionise.com.au/hockeyballarat/game/2524138,2026-05-17 01:00:32
Womens,Round 1,Sun 26 Apr 2026,12:15,"John Vernon Field, Ballarat Grammar",EGC EGC Gold,Lucas HC Women,8,1,Stephen Matthews,,Lucas HC Women,Maleah V.,105,,True,,,,,https://www.revolutionise.com.au/hockeyballarat/game/2524138,2026-05-17 01:00:32
Womens,Round 1,Sun 26 Apr 2026,12:15,"John Vernon Field, Ballarat Grammar",EGC EGC Gold,Lucas HC Women,8,1,Stephen Matthews,,Lucas HC Women,Mietta G.,101,,True,,,,,https://www.revolutionise.com.au/hockeyballarat/game/2524138,2026-05-17 01:00:32
Womens,Round 1,Sun 26 Apr 2026,12:15,"John Vernon Field, Ballarat Grammar",EGC EGC Gold,Lucas HC Women,8,1,Stephen Matthews,,Lucas HC Women,Nicole S.,112,,False,,,,,https://www.revolutionise.com.au/hockeyballarat/game/2524138,2026-05-17 01:00:32
Womens,Round 1,Sun 26 Apr 2026,12:15,"John Vernon Field, Ballarat Grammar",EGC EGC Gold,Lucas HC Women,8,1,Stephen Matthews,,Lucas HC Women,Olivia H.,100,,True,,,,,https://www.revolutionise.com.au/hockeyballarat/game/2524138,2026-05-17 01:00:32
Womens,Round 1,Sun 26 Apr 2026,12:15,"John Vernon Field, Ballarat Grammar",EGC EGC Gold,Lucas HC Women,8,1,Stephen Matthews,,Lucas HC Women,Sebastian P.,106,Goalkeeper,True,,,,,https://www.revolutionise.com.au/hockeyballarat/game/2524138,2026-05-17 01:00:32
Womens,Round 1,Sun 26 Apr 2026,12:15,"John Vernon Field, Ballarat Grammar",EGC EGC Gold,Lucas HC Women,8,1,Stephen Matthews,,Lucas HC Women,Zara S.,108,,True,,,,,https://www.revolutionise.com.au/hockeyballarat/game/2524138,2026-05-17 01:00:32
Womens,Round 1,Sun 26 Apr 2026,12:15,"John Vernon Field, Ballarat Grammar",EGC EGC Gold,Lucas HC Women,8,1,Stephen Matthews,,Lucas HC Women,Zoe K.,104,,False,,,,,https://www.revolutionise.com.au/hockeyballarat/game/2524138,2026-05-17 01:00:32
Womens,Round 1,Sun 26 Apr 2026,12:15,"John Vernon Field, Ballarat Grammar",EGC EGC Gold,Lucas HC Women,8,1,Stephen Matthews,,Lucas HC Women,Annabelle H.,,,True,,,,,https://www.revolutionise.com.au/hockeyballarat/game/2524138,2026-05-17 01:00:32
Womens,Round 1,Sun 26 Apr 2026,12:15,"John Vernon Field, Ballarat Grammar",EGC EGC Gold,Lucas HC Women,8,1,Stephen Matthews,,Lucas HC Women,Belinda H.,,,True,,,,,https://www.revolutionise.com.au/hockeyballarat/game/2524138,2026-05-17 01:00:32
Womens,Round 1,Sun 26 Apr 2026,12:15,"John Vernon Field, Ballarat Grammar",EGC EGC Gold,Lucas HC Women,8,1,Stephen Matthews,,Lucas HC Women,Kerryn P.,,,True,,,,,https://www.revolutionise.com.au/hockeyballarat/game/2524138,2026-05-17 01:00:32
Womens,Round 2,Sun 03 May 2026,10:30,Prince of Wales Park,Blaze Women Blaze Black,Bobcats Bobcats Women,3,0,Aliyah Kochi,Ethan Oldaker,Blaze Women Blaze Black,Alicia C.,10,,True,,,,,https://www.revolutionise.com.au/hockeyballarat/game/2524140,2026-05-17 01:00:36
Womens,Round 2,Sun 03 May 2026,10:30,Prince of Wales Park,Blaze Women Blaze Black,Bobcats Bobcats Women,3,0,Aliyah Kochi,Ethan Oldaker,Blaze Women Blaze Black,Arlen E.,82,,True,,,,,https://www.revolutionise.com.au/hockeyballarat/game/2524140,2026-05-17 01:00:36
Womens,Round 2,Sun 03 May 2026,10:30,Prince of Wales Park,Blaze Women Blaze Black,Bobcats Bobcats Women,3,0,Aliyah Kochi,Ethan Oldaker,Blaze Women Blaze Black,Chloe N.,83,,True,,,,,https://www.revolutionise.com.au/hockeyballarat/game/2524140,2026-05-17 01:00:36
Womens,Round 2,Sun 03 May 2026,10:30,Prince of Wales Park,Blaze Women Blaze Black,Bobcats Bobcats Women,3,0,Aliyah Kochi,Ethan Oldaker,Blaze Women Blaze Black,Claire H.,11,,False,,,,,https://www.revolutionise.com.au/hockeyballarat/game/2524140,2026-05-17 01:00:36
Womens,Round 2,Sun 03 May 2026,10:30,Prince of Wales Park,Blaze Women Blaze Black,Bobcats Bobcats Women,3,0,Aliyah Kochi,Ethan Oldaker,Blaze Women Blaze Black,Cora T.,84,,False,,,,,https://www.revolutionise.com.au/hockeyballarat/game/2524140,2026-05-17 01:00:36
Womens,Round 2,Sun 03 May 2026,10:30,Prince of Wales Park,Blaze Women Blaze Black,Bobcats Bobcats Women,3,0,Aliyah Kochi,Ethan Oldaker,Blaze Women Blaze Black,Cristin R.,3,,False,,,,,https://www.revolutionise.com.au/hockeyballarat/game/2524140,2026-05-17 01:00:36
Womens,Round 2,Sun 03 May 2026,10:30,Prince of Wales Park,Blaze Women Blaze Black,Bobcats Bobcats Women,3,0,Aliyah Kochi,Ethan Oldaker,Blaze Women Blaze Black,Kizanne D.,,,True,1,,,,https://www.revolutionise.com.au/hockeyballarat/game/2524140,2026-05-17 01:00:36
Womens,Round 2,Sun 03 May 2026,10:30,Prince of Wales Park,Blaze Women Blaze Black,Bobcats Bobcats Women,3,0,Aliyah Kochi,Ethan Oldaker,Blaze Women Blaze Black,Kym N.,6,,True,1,,,,https://www.revolutionise.com.au/hockeyballarat/game/2524140,2026-05-17 01:00:36
Womens,Round 2,Sun 03 May 2026,10:30,Prince of Wales Park,Blaze Women Blaze Black,Bobcats Bobcats Women,3,0,Aliyah Kochi,Ethan Oldaker,Blaze Women Blaze Black,Leanne M.,8,,True,1,,,,https://www.revolutionise.com.au/hockeyballarat/game/2524140,2026-05-17 01:00:36
Womens,Round 2,Sun 03 May 2026,10:30,Prince of Wales Park,Blaze Women Blaze Black,Bobcats Bobcats Women,3,0,Aliyah Kochi,Ethan Oldaker,Blaze Women Blaze Black,Lola W.,5,,True,,1,,,https://www.revolutionise.com.au/hockeyballarat/game/2524140,2026-05-17 01:00:36
Womens,Round 2,Sun 03 May 2026,10:30,Prince of Wales Park,Blaze Women Blaze Black,Bobcats Bobcats Women,3,0,Aliyah Kochi,Ethan Oldaker,Blaze Women Blaze Black,Natasha O.,1,Goalkeeper,True,,,,,https://www.revolutionise.com.au/hockeyballarat/game/2524140,2026-05-17 01:00:36
Womens,Round 2,Sun 03 May 2026,10:30,Prince of Wales Park,Blaze Women Blaze Black,Bobcats Bobcats Women,3,0,Aliyah Kochi,Ethan Oldaker,Blaze Women Blaze Black,Samantha D.,2,,False,,,,,https://www.revolutionise.com.au/hockeyballarat/game/2524140,2026-05-17 01:00:36
Womens,Round 2,Sun 03 May 2026,10:30,Prince of Wales Park,Blaze Women Blaze Black,Bobcats Bobcats Women,3,0,Aliyah Kochi,Ethan Oldaker,Blaze Women Blaze Black,Tayla M.,4,,True,,,,,https://www.revolutionise.com.au/hockeyballarat/game/2524140,2026-05-17 01:00:36
Womens,Round 2,Sun 03 May 2026,10:30,Prince of Wales Park,Blaze Women Blaze Black,Bobcats Bobcats Women,3,0,Aliyah Kochi,Ethan Oldaker,Blaze Women Blaze Black,Zoe M.,12,,True,,,,,https://www.revolutionise.com.au/hockeyballarat/game/2524140,2026-05-17 01:00:36
Womens,Round 2,Sun 03 May 2026,10:30,Prince of Wales Park,Blaze Women Blaze Black,Bobcats Bobcats Women,3,0,Aliyah Kochi,Ethan Oldaker,Blaze Women Blaze Black,Aria Q.,,,True,,,,,https://www.revolutionise.com.au/hockeyballarat/game/2524140,2026-05-17 01:00:36
Womens,Round 2,Sun 03 May 2026,10:30,Prince of Wales Park,Blaze Women Blaze Black,Bobcats Bobcats Women,3,0,Aliyah Kochi,Ethan Oldaker,Blaze Women Blaze Black,Isabelle S.,,,True,,1,,,https://www.revolutionise.com.au/hockeyballarat/game/2524140,2026-05-17 01:00:36
Womens,Round 2,Sun 03 May 2026,10:30,Prince of Wales Park,Blaze Women Blaze Black,Bobcats Bobcats Women,3,0,Aliyah Kochi,Ethan Oldaker,Bobcats Bobcats Women,Amelia B.,3,,True,,,,,https://www.revolutionise.com.au/hockeyballarat/game/2524140,2026-05-17 01:00:36
Womens,Round 2,Sun 03 May 2026,10:30,Prince of Wales Park,Blaze Women Blaze Black,Bobcats Bobcats Women,3,0,Aliyah Kochi,Ethan Oldaker,Bobcats Bobcats Women,Cecily F.,27,,False,,,,,https://www.revolutionise.com.au/hockeyballarat/game/2524140,2026-05-17 01:00:36
Womens,Round 2,Sun 03 May 2026,10:30,Prince of Wales Park,Blaze Women Blaze Black,Bobcats Bobcats Women,3,0,Aliyah Kochi,Ethan Oldaker,Bobcats Bobcats Women,Claire B.,1,,True,,,,,https://www.revolutionise.com.au/hockeyballarat/game/2524140,2026-05-17 01:00:36
Womens,Round 2,Sun 03 May 2026,10:30,Prince of Wales Park,Blaze Women Blaze Black,Bobcats Bobcats Women,3,0,Aliyah Kochi,Ethan Oldaker,Bobcats Bobcats Women,Connie L.,11,,True,,,,,https://www.revolutionise.com.au/hockeyballarat/game/2524140,2026-05-17 01:00:36
Womens,Round 2,Sun 03 May 2026,10:30,Prince of Wales Park,Blaze Women Blaze Black,Bobcats Bobcats Women,3,0,Aliyah Kochi,Ethan Oldaker,Bobcats Bobcats Women,Elise W.,88,,True,,,,,https://www.revolutionise.com.au/hockeyballarat/game/2524140,2026-05-17 01:00:36
Womens,Round 2,Sun 03 May 2026,10:30,Prince of Wales Park,Blaze Women Blaze Black,Bobcats Bobcats Women,3,0,Aliyah Kochi,Ethan Oldaker,Bobcats Bobcats Women,Elizabeth W.,89,,True,,,,,https://www.revolutionise.com.au/hockeyballarat/game/2524140,2026-05-17 01:00:36
Womens,Round 2,Sun 03 May 2026,10:30,Prince of Wales Park,Blaze Women Blaze Black,Bobcats Bobcats Women,3,0,Aliyah Kochi,Ethan Oldaker,Bobcats Bobcats Women,Emily L.,12,,False,,,,,https://www.revolutionise.com.au/hockeyballarat/game/2524140,2026-05-17 01:00:36
Womens,Round 2,Sun 03 May 2026,10:30,Prince of Wales Park,Blaze Women Blaze Black,Bobcats Bobcats Women,3,0,Aliyah Kochi,Ethan Oldaker,Bobcats Bobcats Women,Felicity W.,96,,True,,,,,https://www.revolutionise.com.au/hockeyballarat/game/2524140,2026-05-17 01:00:36
Womens,Round 2,Sun 03 May 2026,10:30,Prince of Wales Park,Blaze Women Blaze Black,Bobcats Bobcats Women,3,0,Aliyah Kochi,Ethan Oldaker,Bobcats Bobcats Women,Hannah H.,6,,False,,,,,https://www.revolutionise.com.au/hockeyballarat/game/2524140,2026-05-17 01:00:36
Womens,Round 2,Sun 03 May 2026,10:30,Prince of Wales Park,Blaze Women Blaze Black,Bobcats Bobcats Women,3,0,Aliyah Kochi,Ethan Oldaker,Bobcats Bobcats Women,Joanna P.,,,True,,,,,https://www.revolutionise.com.au/hockeyballarat/game/2524140,2026-05-17 01:00:36
Womens,Round 2,Sun 03 May 2026,10:30,Prince of Wales Park,Blaze Women Blaze Black,Bobcats Bobcats Women,3,0,Aliyah Kochi,Ethan Oldaker,Bobcats Bobcats Women,Julie T.,16,,True,,,,,https://www.revolutionise.com.au/hockeyballarat/game/2524140,2026-05-17 01:00:36
Womens,Round 2,Sun 03 May 2026,10:30,Prince of Wales Park,Blaze Women Blaze Black,Bobcats Bobcats Women,3,0,Aliyah Kochi,Ethan Oldaker,Bobcats Bobcats Women,Kate B.,32,,False,,,,,https://www.revolutionise.com.au/hockeyballarat/game/2524140,2026-05-17 01:00:36
Womens,Round 2,Sun 03 May 2026,10:30,Prince of Wales Park,Blaze Women Blaze Black,Bobcats Bobcats Women,3,0,Aliyah Kochi,Ethan Oldaker,Bobcats Bobcats Women,Kirsty T.,19,,False,,,,,https://www.revolutionise.com.au/hockeyballarat/game/2524140,2026-05-17 01:00:36
Womens,Round 2,Sun 03 May 2026,10:30,Prince of Wales Park,Blaze Women Blaze Black,Bobcats Bobcats Women,3,0,Aliyah Kochi,Ethan Oldaker,Bobcats Bobcats Women,Molly D.,7,,True,,,,,https://www.revolutionise.com.au/hockeyballarat/game/2524140,2026-05-17 01:00:36
Womens,Round 2,Sun 03 May 2026,10:30,Prince of Wales Park,Blaze Women Blaze Black,Bobcats Bobcats Women,3,0,Aliyah Kochi,Ethan Oldaker,Bobcats Bobcats Women,Pippa L.,13,,False,,,,,https://www.revolutionise.com.au/hockeyballarat/game/2524140,2026-05-17 01:00:36
Womens,Round 2,Sun 03 May 2026,10:30,Prince of Wales Park,Blaze Women Blaze Black,Bobcats Bobcats Women,3,0,Aliyah Kochi,Ethan Oldaker,Bobcats Bobcats Women,Rachel B.,2,,True,,,,,https://www.revolutionise.com.au/hockeyballarat/game/2524140,2026-05-17 01:00:36
Womens,Round 2,Sun 03 May 2026,10:30,Prince of Wales Park,Blaze Women Blaze Black,Bobcats Bobcats Women,3,0,Aliyah Kochi,Ethan Oldaker,Bobcats Bobcats Women,Rajinder U.,,,True,,,,,https://www.revolutionise.com.au/hockeyballarat/game/2524140,2026-05-17 01:00:36
Womens,Round 2,Sun 03 May 2026,10:30,Prince of Wales Park,Blaze Women Blaze Black,Bobcats Bobcats Women,3,0,Aliyah Kochi,Ethan Oldaker,Bobcats Bobcats Women,Rebekah C.,5,,False,,,,,https://www.revolutionise.com.au/hockeyballarat/game/2524140,2026-05-17 01:00:36
Womens,Round 2,Sun 03 May 2026,10:30,Prince of Wales Park,Blaze Women Blaze Black,Bobcats Bobcats Women,3,0,Aliyah Kochi,Ethan Oldaker,Bobcats Bobcats Women,Sabrina G.,9,,True,,,,,https://www.revolutionise.com.au/hockeyballarat/game/2524140,2026-05-17 01:00:36
Womens,Round 2,Sun 03 May 2026,10:30,Prince of Wales Park,Blaze Women Blaze Black,Bobcats Bobcats Women,3,0,Aliyah Kochi,Ethan Oldaker,Bobcats Bobcats Women,Shara B.,199,,True,,,,,https://www.revolutionise.com.au/hockeyballarat/game/2524140,2026-05-17 01:00:36
Womens,Round 2,Sun 03 May 2026,10:30,Prince of Wales Park,Blaze Women Blaze Black,Bobcats Bobcats Women,3,0,Aliyah Kochi,Ethan Oldaker,Bobcats Bobcats Women,Siphesihle M.,14,Goalkeeper,True,,,,,https://www.revolutionise.com.au/hockeyballarat/game/2524140,2026-05-17 01:00:36
Womens,Round 2,Sun 03 May 2026,10:30,Prince of Wales Park,Blaze Women Blaze Black,Bobcats Bobcats Women,3,0,Aliyah Kochi,Ethan Oldaker,Bobcats Bobcats Women,Victoria C.,63,,True,,,,,https://www.revolutionise.com.au/hockeyballarat/game/2524140,2026-05-17 01:00:36
Womens,Round 2,Sun 03 May 2026,13:45,Prince of Wales Park,Blaze Women Blaze Orange,SOBHC Ducks Women,1,0,Craig Stevens,Mitchell Ryan,Blaze Women Blaze Orange,Aliyah K.,2,,True,,,,,https://www.revolutionise.com.au/hockeyballarat/game/2524141,2026-05-17 01:00:37
Womens,Round 2,Sun 03 May 2026,13:45,Prince of Wales Park,Blaze Women Blaze Orange,SOBHC Ducks Women,1,0,Craig Stevens,Mitchell Ryan,Blaze Women Blaze Orange,Cristin R.,14,,True,,,,,https://www.revolutionise.com.au/hockeyballarat/game/2524141,2026-05-17 01:00:37
Womens,Round 2,Sun 03 May 2026,13:45,Prince of Wales Park,Blaze Women Blaze Orange,SOBHC Ducks Women,1,0,Craig Stevens,Mitchell Ryan,Blaze Women Blaze Orange,Danielle L.,12,,False,,,,,https://www.revolutionise.com.au/hockeyballarat/game/2524141,2026-05-17 01:00:37
Womens,Round 2,Sun 03 May 2026,13:45,Prince of Wales Park,Blaze Women Blaze Orange,SOBHC Ducks Women,1,0,Craig Stevens,Mitchell Ryan,Blaze Women Blaze Orange,Dione E.,11,,True,1,,,,https://www.revolutionise.com.au/hockeyballarat/game/2524141,2026-05-17 01:00:37
Womens,Round 2,Sun 03 May 2026,13:45,Prince of Wales Park,Blaze Women Blaze Orange,SOBHC Ducks Women,1,0,Craig Stevens,Mitchell Ryan,Blaze Women Blaze Orange,Elizabeth M.,3,,True,,,,,https://www.revolutionise.com.au/hockeyballarat/game/2524141,2026-05-17 01:00:37
Womens,Round 2,Sun 03 May 2026,13:45,Prince of Wales Park,Blaze Women Blaze Orange,SOBHC Ducks Women,1,0,Craig Stevens,Mitchell Ryan,Blaze Women Blaze Orange,Isabelle S.,10,,True,,,,,https://www.revolutionise.com.au/hockeyballarat/game/2524141,2026-05-17 01:00:37
Womens,Round 2,Sun 03 May 2026,13:45,Prince of Wales Park,Blaze Women Blaze Orange,SOBHC Ducks Women,1,0,Craig Stevens,Mitchell Ryan,Blaze Women Blaze Orange,Jennifer F.,1,,True,,,,,https://www.revolutionise.com.au/hockeyballarat/game/2524141,2026-05-17 01:00:37
Womens,Round 2,Sun 03 May 2026,13:45,Prince of Wales Park,Blaze Women Blaze Orange,SOBHC Ducks Women,1,0,Craig Stevens,Mitchell Ryan,Blaze Women Blaze Orange,Katy R.,5,,True,,,,,https://www.revolutionise.com.au/hockeyballarat/game/2524141,2026-05-17 01:00:37
Womens,Round 2,Sun 03 May 2026,13:45,Prince of Wales Park,Blaze Women Blaze Orange,SOBHC Ducks Women,1,0,Craig Stevens,Mitchell Ryan,Blaze Women Blaze Orange,Leona L.,7,,True,,,,,https://www.revolutionise.com.au/hockeyballarat/game/2524141,2026-05-17 01:00:37
Womens,Round 2,Sun 03 May 2026,13:45,Prince of Wales Park,Blaze Women Blaze Orange,SOBHC Ducks Women,1,0,Craig Stevens,Mitchell Ryan,Blaze Women Blaze Orange,Mary B.,6,,True,,,,,https://www.revolutionise.com.au/hockeyballarat/game/2524141,2026-05-17 01:00:37
Womens,Round 2,Sun 03 May 2026,13:45,Prince of Wales Park,Blaze Women Blaze Orange,SOBHC Ducks Women,1,0,Craig Stevens,Mitchell Ryan,Blaze Women Blaze Orange,Meg M.,4,,True,,,,,https://www.revolutionise.com.au/hockeyballarat/game/2524141,2026-05-17 01:00:37
Womens,Round 2,Sun 03 May 2026,13:45,Prince of Wales Park,Blaze Women Blaze Orange,SOBHC Ducks Women,1,0,Craig Stevens,Mitchell Ryan,Blaze Women Blaze Orange,Natasha L.,9,,True,,,,,https://www.revolutionise.com.au/hockeyballarat/game/2524141,2026-05-17 01:00:37
Womens,Round 2,Sun 03 May 2026,13:45,Prince of Wales Park,Blaze Women Blaze Orange,SOBHC Ducks Women,1,0,Craig Stevens,Mitchell Ryan,Blaze Women Blaze Orange,Natasha O.,,,True,,,,,https://www.revolutionise.com.au/hockeyballarat/game/2524141,2026-05-17 01:00:37
Womens,Round 2,Sun 03 May 2026,13:45,Prince of Wales Park,Blaze Women Blaze Orange,SOBHC Ducks Women,1,0,Craig Stevens,Mitchell Ryan,Blaze Women Blaze Orange,Samara D.,8,,False,,,,,https://www.revolutionise.com.au/hockeyballarat/game/2524141,2026-05-17 01:00:37
Womens,Round 2,Sun 03 May 2026,13:45,Prince of Wales Park,Blaze Women Blaze Orange,SOBHC Ducks Women,1,0,Craig Stevens,Mitchell Ryan,SOBHC Ducks Women,Breanna J.,10,,True,,,,,https://www.revolutionise.com.au/hockeyballarat/game/2524141,2026-05-17 01:00:37
Womens,Round 2,Sun 03 May 2026,13:45,Prince of Wales Park,Blaze Women Blaze Orange,SOBHC Ducks Women,1,0,Craig Stevens,Mitchell Ryan,SOBHC Ducks Women,Bridget d.,4,,True,,,,,https://www.revolutionise.com.au/hockeyballarat/game/2524141,2026-05-17 01:00:37
Womens,Round 2,Sun 03 May 2026,13:45,Prince of Wales Park,Blaze Women Blaze Orange,SOBHC Ducks Women,1,0,Craig Stevens,Mitchell Ryan,SOBHC Ducks Women,Claire B.,2,,True,,,,,https://www.revolutionise.com.au/hockeyballarat/game/2524141,2026-05-17 01:00:37
Womens,Round 2,Sun 03 May 2026,13:45,Prince of Wales Park,Blaze Women Blaze Orange,SOBHC Ducks Women,1,0,Craig Stevens,Mitchell Ryan,SOBHC Ducks Women,Demi S.,7,,False,,,,,https://www.revolutionise.com.au/hockeyballarat/game/2524141,2026-05-17 01:00:37
Womens,Round 2,Sun 03 May 2026,13:45,Prince of Wales Park,Blaze Women Blaze Orange,SOBHC Ducks Women,1,0,Craig Stevens,Mitchell Ryan,SOBHC Ducks Women,Kate C.,3,,False,,,,,https://www.revolutionise.com.au/hockeyballarat/game/2524141,2026-05-17 01:00:37
Womens,Round 2,Sun 03 May 2026,13:45,Prince of Wales Park,Blaze Women Blaze Orange,SOBHC Ducks Women,1,0,Craig Stevens,Mitchell Ryan,SOBHC Ducks Women,Kate M.,,,True,,,,,https://www.revolutionise.com.au/hockeyballarat/game/2524141,2026-05-17 01:00:37
Womens,Round 2,Sun 03 May 2026,13:45,Prince of Wales Park,Blaze Women Blaze Orange,SOBHC Ducks Women,1,0,Craig Stevens,Mitchell Ryan,SOBHC Ducks Women,Kira B.,8,,True,,,,,https://www.revolutionise.com.au/hockeyballarat/game/2524141,2026-05-17 01:00:37
Womens,Round 2,Sun 03 May 2026,13:45,Prince of Wales Park,Blaze Women Blaze Orange,SOBHC Ducks Women,1,0,Craig Stevens,Mitchell Ryan,SOBHC Ducks Women,Lyndal B.,9,,True,,,,,https://www.revolutionise.com.au/hockeyballarat/game/2524141,2026-05-17 01:00:37
Womens,Round 2,Sun 03 May 2026,13:45,Prince of Wales Park,Blaze Women Blaze Orange,SOBHC Ducks Women,1,0,Craig Stevens,Mitchell Ryan,SOBHC Ducks Women,Rebecca L.,5,,True,,,,,https://www.revolutionise.com.au/hockeyballarat/game/2524141,2026-05-17 01:00:37
Womens,Round 2,Sun 03 May 2026,13:45,Prince of Wales Park,Blaze Women Blaze Orange,SOBHC Ducks Women,1,0,Craig Stevens,Mitchell Ryan,SOBHC Ducks Women,Sarah A.,1,,True,,,,,https://www.revolutionise.com.au/hockeyballarat/game/2524141,2026-05-17 01:00:37
Womens,Round 2,Sun 03 May 2026,13:45,Prince of Wales Park,Blaze Women Blaze Orange,SOBHC Ducks Women,1,0,Craig Stevens,Mitchell Ryan,SOBHC Ducks Women,Sarah M.,,,True,,,,,https://www.revolutionise.com.au/hockeyballarat/game/2524141,2026-05-17 01:00:37
Womens,Round 2,Sun 03 May 2026,13:45,Prince of Wales Park,Blaze Women Blaze Orange,SOBHC Ducks Women,1,0,Craig Stevens,Mitchell Ryan,SOBHC Ducks Women,Joanna P.,,,True,,,,,https://www.revolutionise.com.au/hockeyballarat/game/2524141,2026-05-17 01:00:37
Womens,Round 2,Sun 03 May 2026,13:45,"John Vernon Field, Ballarat Grammar",EGC EGC Gold,EGC EGC Blue,1,12,Tucker Kooloos,,EGC EGC Gold,Abbey P.,79,,False,,,,,https://www.revolutionise.com.au/hockeyballarat/game/2524142,2026-05-17 01:00:38
Womens,Round 2,Sun 03 May 2026,13:45,"John Vernon Field, Ballarat Grammar",EGC EGC Gold,EGC EGC Blue,1,12,Tucker Kooloos,,EGC EGC Gold,Ashleigh B.,6,,True,,,,,https://www.revolutionise.com.au/hockeyballarat/game/2524142,2026-05-17 01:00:38
Womens,Round 2,Sun 03 May 2026,13:45,"John Vernon Field, Ballarat Grammar",EGC EGC Gold,EGC EGC Blue,1,12,Tucker Kooloos,,EGC EGC Gold,Clarabel W.,33,,True,,,,,https://www.revolutionise.com.au/hockeyballarat/game/2524142,2026-05-17 01:00:38
Womens,Round 2,Sun 03 May 2026,13:45,"John Vernon Field, Ballarat Grammar",EGC EGC Gold,EGC EGC Blue,1,12,Tucker Kooloos,,EGC EGC Gold,Ella M.,16,Captain,True,,,,,https://www.revolutionise.com.au/hockeyballarat/game/2524142,2026-05-17 01:00:38
Womens,Round 2,Sun 03 May 2026,13:45,"John Vernon Field, Ballarat Grammar",EGC EGC Gold,EGC EGC Blue,1,12,Tucker Kooloos,,EGC EGC Gold,Emily M.,11,,True,,,,,https://www.revolutionise.com.au/hockeyballarat/game/2524142,2026-05-17 01:00:38
Womens,Round 2,Sun 03 May 2026,13:45,"John Vernon Field, Ballarat Grammar",EGC EGC Gold,EGC EGC Blue,1,12,Tucker Kooloos,,EGC EGC Gold,Emma M.,2,,False,,,,,https://www.revolutionise.com.au/hockeyballarat/game/2524142,2026-05-17 01:00:38
Womens,Round 2,Sun 03 May 2026,13:45,"John Vernon Field, Ballarat Grammar",EGC EGC Gold,EGC EGC Blue,1,12,Tucker Kooloos,,EGC EGC Gold,Helen R.,1,Goalkeeper,True,,,,,https://www.revolutionise.com.au/hockeyballarat/game/2524142,2026-05-17 01:00:38
Womens,Round 2,Sun 03 May 2026,13:45,"John Vernon Field, Ballarat Grammar",EGC EGC Gold,EGC EGC Blue,1,12,Tucker Kooloos,,EGC EGC Gold,Lana W.,59,,True,,,,,https://www.revolutionise.com.au/hockeyballarat/game/2524142,2026-05-17 01:00:38
Womens,Round 2,Sun 03 May 2026,13:45,"John Vernon Field, Ballarat Grammar",EGC EGC Gold,EGC EGC Blue,1,12,Tucker Kooloos,,EGC EGC Gold,Meletta D.,10,,True,,,,,https://www.revolutionise.com.au/hockeyballarat/game/2524142,2026-05-17 01:00:38
Womens,Round 2,Sun 03 May 2026,13:45,"John Vernon Field, Ballarat Grammar",EGC EGC Gold,EGC EGC Blue,1,12,Tucker Kooloos,,EGC EGC Gold,Paige K.,76,,False,,,,,https://www.revolutionise.com.au/hockeyballarat/game/2524142,2026-05-17 01:00:38
Womens,Round 2,Sun 03 May 2026,13:45,"John Vernon Field, Ballarat Grammar",EGC EGC Gold,EGC EGC Blue,1,12,Tucker Kooloos,,EGC EGC Gold,Poppy L.,55,,False,,,,,https://www.revolutionise.com.au/hockeyballarat/game/2524142,2026-05-17 01:00:38
Womens,Round 2,Sun 03 May 2026,13:45,"John Vernon Field, Ballarat Grammar",EGC EGC Gold,EGC EGC Blue,1,12,Tucker Kooloos,,EGC EGC Gold,Sophia P.,72,,True,,,,,https://www.revolutionise.com.au/hockeyballarat/game/2524142,2026-05-17 01:00:38
Womens,Round 2,Sun 03 May 2026,13:45,"John Vernon Field, Ballarat Grammar",EGC EGC Gold,EGC EGC Blue,1,12,Tucker Kooloos,,EGC EGC Gold,Sophie R.,63,,True,1,,,,https://www.revolutionise.com.au/hockeyballarat/game/2524142,2026-05-17 01:00:38
Womens,Round 2,Sun 03 May 2026,13:45,"John Vernon Field, Ballarat Grammar",EGC EGC Gold,EGC EGC Blue,1,12,Tucker Kooloos,,EGC EGC Gold,Susan W.,24,,False,,,,,https://www.revolutionise.com.au/hockeyballarat/game/2524142,2026-05-17 01:00:38
Womens,Round 2,Sun 03 May 2026,13:45,"John Vernon Field, Ballarat Grammar",EGC EGC Gold,EGC EGC Blue,1,12,Tucker Kooloos,,EGC EGC Gold,Vera S.,44,,False,,,,,https://www.revolutionise.com.au/hockeyballarat/game/2524142,2026-05-17 01:00:38
Womens,Round 2,Sun 03 May 2026,13:45,"John Vernon Field, Ballarat Grammar",EGC EGC Gold,EGC EGC Blue,1,12,Tucker Kooloos,,EGC EGC Blue,Charli B.,,Goalkeeper,True,,,,,https://www.revolutionise.com.au/hockeyballarat/game/2524142,2026-05-17 01:00:38
Womens,Round 2,Sun 03 May 2026,13:45,"John Vernon Field, Ballarat Grammar",EGC EGC Gold,EGC EGC Blue,1,12,Tucker Kooloos,,EGC EGC Blue,Clare D.,52,,True,1,,,,https://www.revolutionise.com.au/hockeyballarat/game/2524142,2026-05-17 01:00:38
Womens,Round 2,Sun 03 May 2026,13:45,"John Vernon Field, Ballarat Grammar",EGC EGC Gold,EGC EGC Blue,1,12,Tucker Kooloos,,EGC EGC Blue,Ebonie S.,50,,True,4,,,,https://www.revolutionise.com.au/hockeyballarat/game/2524142,2026-05-17 01:00:38
Womens,Round 2,Sun 03 May 2026,13:45,"John Vernon Field, Ballarat Grammar",EGC EGC Gold,EGC EGC Blue,1,12,Tucker Kooloos,,EGC EGC Blue,Jasmine M.,26,,True,,,,,https://www.revolutionise.com.au/hockeyballarat/game/2524142,2026-05-17 01:00:38
Womens,Round 2,Sun 03 May 2026,13:45,"John Vernon Field, Ballarat Grammar",EGC EGC Gold,EGC EGC Blue,1,12,Tucker Kooloos,,EGC EGC Blue,Judith Y.,3,,False,,,,,https://www.revolutionise.com.au/hockeyballarat/game/2524142,2026-05-17 01:00:38
Womens,Round 2,Sun 03 May 2026,13:45,"John Vernon Field, Ballarat Grammar",EGC EGC Gold,EGC EGC Blue,1,12,Tucker Kooloos,,EGC EGC Blue,Kahlua S.,30,,True,4,1,,,https://www.revolutionise.com.au/hockeyballarat/game/2524142,2026-05-17 01:00:38
Womens,Round 2,Sun 03 May 2026,13:45,"John Vernon Field, Ballarat Grammar",EGC EGC Gold,EGC EGC Blue,1,12,Tucker Kooloos,,EGC EGC Blue,Kay D.,49,,True,,,,,https://www.revolutionise.com.au/hockeyballarat/game/2524142,2026-05-17 01:00:38
Womens,Round 2,Sun 03 May 2026,13:45,"John Vernon Field, Ballarat Grammar",EGC EGC Gold,EGC EGC Blue,1,12,Tucker Kooloos,,EGC EGC Blue,Lauren M.,21,,True,1,,,,https://www.revolutionise.com.au/hockeyballarat/game/2524142,2026-05-17 01:00:38
Womens,Round 2,Sun 03 May 2026,13:45,"John Vernon Field, Ballarat Grammar",EGC EGC Gold,EGC EGC Blue,1,12,Tucker Kooloos,,EGC EGC Blue,Mia B.,35,,True,,,,,https://www.revolutionise.com.au/hockeyballarat/game/2524142,2026-05-17 01:00:38
Womens,Round 2,Sun 03 May 2026,13:45,"John Vernon Field, Ballarat Grammar",EGC EGC Gold,EGC EGC Blue,1,12,Tucker Kooloos,,EGC EGC Blue,Quinn B.,46,,True,2,,,,https://www.revolutionise.com.au/hockeyballarat/game/2524142,2026-05-17 01:00:38
Womens,Round 2,Sun 03 May 2026,13:45,"John Vernon Field, Ballarat Grammar",EGC EGC Gold,EGC EGC Blue,1,12,Tucker Kooloos,,EGC EGC Blue,Susan M.,92,,True,,,,,https://www.revolutionise.com.au/hockeyballarat/game/2524142,2026-05-17 01:00:38
Womens,Round 3,Sun 10 May 2026,13:45,"John Vernon Field, Ballarat Grammar",Bobcats Bobcats Women,SOBHC Ducks Women,1,1,Daniel Ryan,Tucker Kooloos,Bobcats Bobcats Women,Amelia B.,3,,True,,,,,https://www.revolutionise.com.au/hockeyballarat/game/2524144,2026-05-17 01:00:42
Womens,Round 3,Sun 10 May 2026,13:45,"John Vernon Field, Ballarat Grammar",Bobcats Bobcats Women,SOBHC Ducks Women,1,1,Daniel Ryan,Tucker Kooloos,Bobcats Bobcats Women,Cecily F.,27,,True,,,,,https://www.revolutionise.com.au/hockeyballarat/game/2524144,2026-05-17 01:00:42
Womens,Round 3,Sun 10 May 2026,13:45,"John Vernon Field, Ballarat Grammar",Bobcats Bobcats Women,SOBHC Ducks Women,1,1,Daniel Ryan,Tucker Kooloos,Bobcats Bobcats Women,Claire B.,1,,True,,,,,https://www.revolutionise.com.au/hockeyballarat/game/2524144,2026-05-17 01:00:42
Womens,Round 3,Sun 10 May 2026,13:45,"John Vernon Field, Ballarat Grammar",Bobcats Bobcats Women,SOBHC Ducks Women,1,1,Daniel Ryan,Tucker Kooloos,Bobcats Bobcats Women,Connie L.,11,,True,,,,,https://www.revolutionise.com.au/hockeyballarat/game/2524144,2026-05-17 01:00:42
Womens,Round 3,Sun 10 May 2026,13:45,"John Vernon Field, Ballarat Grammar",Bobcats Bobcats Women,SOBHC Ducks Women,1,1,Daniel Ryan,Tucker Kooloos,Bobcats Bobcats Women,Elise W.,88,,True,,,,,https://www.revolutionise.com.au/hockeyballarat/game/2524144,2026-05-17 01:00:42
Womens,Round 3,Sun 10 May 2026,13:45,"John Vernon Field, Ballarat Grammar",Bobcats Bobcats Women,SOBHC Ducks Women,1,1,Daniel Ryan,Tucker Kooloos,Bobcats Bobcats Women,Elizabeth W.,89,,False,,,,,https://www.revolutionise.com.au/hockeyballarat/game/2524144,2026-05-17 01:00:42
Womens,Round 3,Sun 10 May 2026,13:45,"John Vernon Field, Ballarat Grammar",Bobcats Bobcats Women,SOBHC Ducks Women,1,1,Daniel Ryan,Tucker Kooloos,Bobcats Bobcats Women,Emily L.,12,,False,,,,,https://www.revolutionise.com.au/hockeyballarat/game/2524144,2026-05-17 01:00:42
Womens,Round 3,Sun 10 May 2026,13:45,"John Vernon Field, Ballarat Grammar",Bobcats Bobcats Women,SOBHC Ducks Women,1,1,Daniel Ryan,Tucker Kooloos,Bobcats Bobcats Women,Felicity W.,96,,True,1,,,,https://www.revolutionise.com.au/hockeyballarat/game/2524144,2026-05-17 01:00:42
Womens,Round 3,Sun 10 May 2026,13:45,"John Vernon Field, Ballarat Grammar",Bobcats Bobcats Women,SOBHC Ducks Women,1,1,Daniel Ryan,Tucker Kooloos,Bobcats Bobcats Women,Hannah H.,6,,True,,,,,https://www.revolutionise.com.au/hockeyballarat/game/2524144,2026-05-17 01:00:42
Womens,Round 3,Sun 10 May 2026,13:45,"John Vernon Field, Ballarat Grammar",Bobcats Bobcats Women,SOBHC Ducks Women,1,1,Daniel Ryan,Tucker Kooloos,Bobcats Bobcats Women,Joanna P.,,,True,,,,,https://www.revolutionise.com.au/hockeyballarat/game/2524144,2026-05-17 01:00:42
Womens,Round 3,Sun 10 May 2026,13:45,"John Vernon Field, Ballarat Grammar",Bobcats Bobcats Women,SOBHC Ducks Women,1,1,Daniel Ryan,Tucker Kooloos,Bobcats Bobcats Women,Julie T.,16,,True,,,,,https://www.revolutionise.com.au/hockeyballarat/game/2524144,2026-05-17 01:00:42
Womens,Round 3,Sun 10 May 2026,13:45,"John Vernon Field, Ballarat Grammar",Bobcats Bobcats Women,SOBHC Ducks Women,1,1,Daniel Ryan,Tucker Kooloos,Bobcats Bobcats Women,Kate B.,32,,True,,,,,https://www.revolutionise.com.au/hockeyballarat/game/2524144,2026-05-17 01:00:42
Womens,Round 3,Sun 10 May 2026,13:45,"John Vernon Field, Ballarat Grammar",Bobcats Bobcats Women,SOBHC Ducks Women,1,1,Daniel Ryan,Tucker Kooloos,Bobcats Bobcats Women,Kirsty T.,19,,False,,,,,https://www.revolutionise.com.au/hockeyballarat/game/2524144,2026-05-17 01:00:42
Womens,Round 3,Sun 10 May 2026,13:45,"John Vernon Field, Ballarat Grammar",Bobcats Bobcats Women,SOBHC Ducks Women,1,1,Daniel Ryan,Tucker Kooloos,Bobcats Bobcats Women,Molly D.,7,,True,,1,,,https://www.revolutionise.com.au/hockeyballarat/game/2524144,2026-05-17 01:00:42
Womens,Round 3,Sun 10 May 2026,13:45,"John Vernon Field, Ballarat Grammar",Bobcats Bobcats Women,SOBHC Ducks Women,1,1,Daniel Ryan,Tucker Kooloos,Bobcats Bobcats Women,Pippa L.,13,,False,,,,,https://www.revolutionise.com.au/hockeyballarat/game/2524144,2026-05-17 01:00:42
Womens,Round 3,Sun 10 May 2026,13:45,"John Vernon Field, Ballarat Grammar",Bobcats Bobcats Women,SOBHC Ducks Women,1,1,Daniel Ryan,Tucker Kooloos,Bobcats Bobcats Women,Rachel B.,2,,False,,,,,https://www.revolutionise.com.au/hockeyballarat/game/2524144,2026-05-17 01:00:42
Womens,Round 3,Sun 10 May 2026,13:45,"John Vernon Field, Ballarat Grammar",Bobcats Bobcats Women,SOBHC Ducks Women,1,1,Daniel Ryan,Tucker Kooloos,Bobcats Bobcats Women,Rajinder U.,,,True,,,,,https://www.revolutionise.com.au/hockeyballarat/game/2524144,2026-05-17 01:00:42
Womens,Round 3,Sun 10 May 2026,13:45,"John Vernon Field, Ballarat Grammar",Bobcats Bobcats Women,SOBHC Ducks Women,1,1,Daniel Ryan,Tucker Kooloos,Bobcats Bobcats Women,Rebekah C.,5,,False,,,,,https://www.revolutionise.com.au/hockeyballarat/game/2524144,2026-05-17 01:00:42
Womens,Round 3,Sun 10 May 2026,13:45,"John Vernon Field, Ballarat Grammar",Bobcats Bobcats Women,SOBHC Ducks Women,1,1,Daniel Ryan,Tucker Kooloos,Bobcats Bobcats Women,Sabrina G.,9,,True,,,,,https://www.revolutionise.com.au/hockeyballarat/game/2524144,2026-05-17 01:00:42
Womens,Round 3,Sun 10 May 2026,13:45,"John Vernon Field, Ballarat Grammar",Bobcats Bobcats Women,SOBHC Ducks Women,1,1,Daniel Ryan,Tucker Kooloos,Bobcats Bobcats Women,Shara B.,199,,True,,,,,https://www.revolutionise.com.au/hockeyballarat/game/2524144,2026-05-17 01:00:42
Womens,Round 3,Sun 10 May 2026,13:45,"John Vernon Field, Ballarat Grammar",Bobcats Bobcats Women,SOBHC Ducks Women,1,1,Daniel Ryan,Tucker Kooloos,Bobcats Bobcats Women,Siphesihle M.,14,Goalkeeper,True,,,,,https://www.revolutionise.com.au/hockeyballarat/game/2524144,2026-05-17 01:00:42
Womens,Round 3,Sun 10 May 2026,13:45,"John Vernon Field, Ballarat Grammar",Bobcats Bobcats Women,SOBHC Ducks Women,1,1,Daniel Ryan,Tucker Kooloos,Bobcats Bobcats Women,Victoria C.,63,,True,,,,,https://www.revolutionise.com.au/hockeyballarat/game/2524144,2026-05-17 01:00:42
Womens,Round 3,Sun 10 May 2026,13:45,"John Vernon Field, Ballarat Grammar",Bobcats Bobcats Women,SOBHC Ducks Women,1,1,Daniel Ryan,Tucker Kooloos,SOBHC Ducks Women,Breanna J.,10,,True,,,,,https://www.revolutionise.com.au/hockeyballarat/game/2524144,2026-05-17 01:00:42
Womens,Round 3,Sun 10 May 2026,13:45,"John Vernon Field, Ballarat Grammar",Bobcats Bobcats Women,SOBHC Ducks Women,1,1,Daniel Ryan,Tucker Kooloos,SOBHC Ducks Women,Bridget d.,4,,True,,,,,https://www.revolutionise.com.au/hockeyballarat/game/2524144,2026-05-17 01:00:42
Womens,Round 3,Sun 10 May 2026,13:45,"John Vernon Field, Ballarat Grammar",Bobcats Bobcats Women,SOBHC Ducks Women,1,1,Daniel Ryan,Tucker Kooloos,SOBHC Ducks Women,Claire B.,2,,True,1,,,,https://www.revolutionise.com.au/hockeyballarat/game/2524144,2026-05-17 01:00:42
Womens,Round 3,Sun 10 May 2026,13:45,"John Vernon Field, Ballarat Grammar",Bobcats Bobcats Women,SOBHC Ducks Women,1,1,Daniel Ryan,Tucker Kooloos,SOBHC Ducks Women,Demi S.,7,,True,,,,,https://www.revolutionise.com.au/hockeyballarat/game/2524144,2026-05-17 01:00:42
Womens,Round 3,Sun 10 May 2026,13:45,"John Vernon Field, Ballarat Grammar",Bobcats Bobcats Women,SOBHC Ducks Women,1,1,Daniel Ryan,Tucker Kooloos,SOBHC Ducks Women,Kate C.,3,,False,,,,,https://www.revolutionise.com.au/hockeyballarat/game/2524144,2026-05-17 01:00:42
Womens,Round 3,Sun 10 May 2026,13:45,"John Vernon Field, Ballarat Grammar",Bobcats Bobcats Women,SOBHC Ducks Women,1,1,Daniel Ryan,Tucker Kooloos,SOBHC Ducks Women,Kate M.,,,True,,,,,https://www.revolutionise.com.au/hockeyballarat/game/2524144,2026-05-17 01:00:42
Womens,Round 3,Sun 10 May 2026,13:45,"John Vernon Field, Ballarat Grammar",Bobcats Bobcats Women,SOBHC Ducks Women,1,1,Daniel Ryan,Tucker Kooloos,SOBHC Ducks Women,Kira B.,8,,True,,,,,https://www.revolutionise.com.au/hockeyballarat/game/2524144,2026-05-17 01:00:42
Womens,Round 3,Sun 10 May 2026,13:45,"John Vernon Field, Ballarat Grammar",Bobcats Bobcats Women,SOBHC Ducks Women,1,1,Daniel Ryan,Tucker Kooloos,SOBHC Ducks Women,Lyndal B.,9,,True,,,,,https://www.revolutionise.com.au/hockeyballarat/game/2524144,2026-05-17 01:00:42
Womens,Round 3,Sun 10 May 2026,13:45,"John Vernon Field, Ballarat Grammar",Bobcats Bobcats Women,SOBHC Ducks Women,1,1,Daniel Ryan,Tucker Kooloos,SOBHC Ducks Women,Rebecca L.,5,,True,,,,,https://www.revolutionise.com.au/hockeyballarat/game/2524144,2026-05-17 01:00:42
Womens,Round 3,Sun 10 May 2026,13:45,"John Vernon Field, Ballarat Grammar",Bobcats Bobcats Women,SOBHC Ducks Women,1,1,Daniel Ryan,Tucker Kooloos,SOBHC Ducks Women,Sarah A.,1,,True,,1,,,https://www.revolutionise.com.au/hockeyballarat/game/2524144,2026-05-17 01:00:42
Womens,Round 3,Sun 10 May 2026,13:45,"John Vernon Field, Ballarat Grammar",Bobcats Bobcats Women,SOBHC Ducks Women,1,1,Daniel Ryan,Tucker Kooloos,SOBHC Ducks Women,Sarah M.,,,True,,,,,https://www.revolutionise.com.au/hockeyballarat/game/2524144,2026-05-17 01:00:42
Womens,Round 3,Sun 10 May 2026,13:45,"John Vernon Field, Ballarat Grammar",Bobcats Bobcats Women,SOBHC Ducks Women,1,1,Daniel Ryan,Tucker Kooloos,SOBHC Ducks Women,Gina M.,,,True,,,,,https://www.revolutionise.com.au/hockeyballarat/game/2524144,2026-05-17 01:00:42
Womens,Round 3,Sun 10 May 2026,15:30,Prince of Wales Park,Blaze Women Blaze Orange,EGC EGC Gold,5,0,Ethan Oldaker,Timothy O'Sullivan,Blaze Women Blaze Orange,Aliyah K.,2,,True,,,,,https://www.revolutionise.com.au/hockeyballarat/game/2524145,2026-05-17 01:00:43
Womens,Round 3,Sun 10 May 2026,15:30,Prince of Wales Park,Blaze Women Blaze Orange,EGC EGC Gold,5,0,Ethan Oldaker,Timothy O'Sullivan,Blaze Women Blaze Orange,Cristin R.,14,,False,,,,,https://www.revolutionise.com.au/hockeyballarat/game/2524145,2026-05-17 01:00:43
Womens,Round 3,Sun 10 May 2026,15:30,Prince of Wales Park,Blaze Women Blaze Orange,EGC EGC Gold,5,0,Ethan Oldaker,Timothy O'Sullivan,Blaze Women Blaze Orange,Danielle L.,12,,True,,,,,https://www.revolutionise.com.au/hockeyballarat/game/2524145,2026-05-17 01:00:43
Womens,Round 3,Sun 10 May 2026,15:30,Prince of Wales Park,Blaze Women Blaze Orange,EGC EGC Gold,5,0,Ethan Oldaker,Timothy O'Sullivan,Blaze Women Blaze Orange,Dione E.,11,,True,,,,,https://www.revolutionise.com.au/hockeyballarat/game/2524145,2026-05-17 01:00:43
Womens,Round 3,Sun 10 May 2026,15:30,Prince of Wales Park,Blaze Women Blaze Orange,EGC EGC Gold,5,0,Ethan Oldaker,Timothy O'Sullivan,Blaze Women Blaze Orange,Elizabeth M.,3,,True,1,,,,https://www.revolutionise.com.au/hockeyballarat/game/2524145,2026-05-17 01:00:43
Womens,Round 3,Sun 10 May 2026,15:30,Prince of Wales Park,Blaze Women Blaze Orange,EGC EGC Gold,5,0,Ethan Oldaker,Timothy O'Sullivan,Blaze Women Blaze Orange,Isabelle S.,10,,True,,,,,https://www.revolutionise.com.au/hockeyballarat/game/2524145,2026-05-17 01:00:43
Womens,Round 3,Sun 10 May 2026,15:30,Prince of Wales Park,Blaze Women Blaze Orange,EGC EGC Gold,5,0,Ethan Oldaker,Timothy O'Sullivan,Blaze Women Blaze Orange,Jennifer F.,1,,True,,,,,https://www.revolutionise.com.au/hockeyballarat/game/2524145,2026-05-17 01:00:43
Womens,Round 3,Sun 10 May 2026,15:30,Prince of Wales Park,Blaze Women Blaze Orange,EGC EGC Gold,5,0,Ethan Oldaker,Timothy O'Sullivan,Blaze Women Blaze Orange,Katy R.,5,,True,1,1,,,https://www.revolutionise.com.au/hockeyballarat/game/2524145,2026-05-17 01:00:43
Womens,Round 3,Sun 10 May 2026,15:30,Prince of Wales Park,Blaze Women Blaze Orange,EGC EGC Gold,5,0,Ethan Oldaker,Timothy O'Sullivan,Blaze Women Blaze Orange,Leona L.,7,,True,1,,,,https://www.revolutionise.com.au/hockeyballarat/game/2524145,2026-05-17 01:00:43
Womens,Round 3,Sun 10 May 2026,15:30,Prince of Wales Park,Blaze Women Blaze Orange,EGC EGC Gold,5,0,Ethan Oldaker,Timothy O'Sullivan,Blaze Women Blaze Orange,Mary B.,6,,False,,,,,https://www.revolutionise.com.au/hockeyballarat/game/2524145,2026-05-17 01:00:43
Womens,Round 3,Sun 10 May 2026,15:30,Prince of Wales Park,Blaze Women Blaze Orange,EGC EGC Gold,5,0,Ethan Oldaker,Timothy O'Sullivan,Blaze Women Blaze Orange,Meg M.,4,,True,1,,,,https://www.revolutionise.com.au/hockeyballarat/game/2524145,2026-05-17 01:00:43
Womens,Round 3,Sun 10 May 2026,15:30,Prince of Wales Park,Blaze Women Blaze Orange,EGC EGC Gold,5,0,Ethan Oldaker,Timothy O'Sullivan,Blaze Women Blaze Orange,Natasha L.,9,,True,1,,,,https://www.revolutionise.com.au/hockeyballarat/game/2524145,2026-05-17 01:00:43
Womens,Round 3,Sun 10 May 2026,15:30,Prince of Wales Park,Blaze Women Blaze Orange,EGC EGC Gold,5,0,Ethan Oldaker,Timothy O'Sullivan,Blaze Women Blaze Orange,Natasha O.,,,False,,,,,https://www.revolutionise.com.au/hockeyballarat/game/2524145,2026-05-17 01:00:43
Womens,Round 3,Sun 10 May 2026,15:30,Prince of Wales Park,Blaze Women Blaze Orange,EGC EGC Gold,5,0,Ethan Oldaker,Timothy O'Sullivan,Blaze Women Blaze Orange,Samara D.,8,,False,,,,,https://www.revolutionise.com.au/hockeyballarat/game/2524145,2026-05-17 01:00:43
Womens,Round 3,Sun 10 May 2026,15:30,Prince of Wales Park,Blaze Women Blaze Orange,EGC EGC Gold,5,0,Ethan Oldaker,Timothy O'Sullivan,Blaze Women Blaze Orange,Aria Q.,,,True,,,,,https://www.revolutionise.com.au/hockeyballarat/game/2524145,2026-05-17 01:00:43
Womens,Round 3,Sun 10 May 2026,15:30,Prince of Wales Park,Blaze Women Blaze Orange,EGC EGC Gold,5,0,Ethan Oldaker,Timothy O'Sullivan,Blaze Women Blaze Orange,Lola W.,,,True,,,,,https://www.revolutionise.com.au/hockeyballarat/game/2524145,2026-05-17 01:00:43
Womens,Round 3,Sun 10 May 2026,15:30,Prince of Wales Park,Blaze Women Blaze Orange,EGC EGC Gold,5,0,Ethan Oldaker,Timothy O'Sullivan,Blaze Women Blaze Orange,Willow R.,,,True,,,,,https://www.revolutionise.com.au/hockeyballarat/game/2524145,2026-05-17 01:00:43
Womens,Round 3,Sun 10 May 2026,15:30,Prince of Wales Park,Blaze Women Blaze Orange,EGC EGC Gold,5,0,Ethan Oldaker,Timothy O'Sullivan,EGC EGC Gold,Abbey P.,79,,True,,,,,https://www.revolutionise.com.au/hockeyballarat/game/2524145,2026-05-17 01:00:43
Womens,Round 3,Sun 10 May 2026,15:30,Prince of Wales Park,Blaze Women Blaze Orange,EGC EGC Gold,5,0,Ethan Oldaker,Timothy O'Sullivan,EGC EGC Gold,Ashleigh B.,6,,True,,,,,https://www.revolutionise.com.au/hockeyballarat/game/2524145,2026-05-17 01:00:43
Womens,Round 3,Sun 10 May 2026,15:30,Prince of Wales Park,Blaze Women Blaze Orange,EGC EGC Gold,5,0,Ethan Oldaker,Timothy O'Sullivan,EGC EGC Gold,Clarabel W.,33,,True,,,,,https://www.revolutionise.com.au/hockeyballarat/game/2524145,2026-05-17 01:00:43
Womens,Round 3,Sun 10 May 2026,15:30,Prince of Wales Park,Blaze Women Blaze Orange,EGC EGC Gold,5,0,Ethan Oldaker,Timothy O'Sullivan,EGC EGC Gold,Ella M.,16,Captain,True,,,,,https://www.revolutionise.com.au/hockeyballarat/game/2524145,2026-05-17 01:00:43
Womens,Round 3,Sun 10 May 2026,15:30,Prince of Wales Park,Blaze Women Blaze Orange,EGC EGC Gold,5,0,Ethan Oldaker,Timothy O'Sullivan,EGC EGC Gold,Emily M.,11,,True,,,,,https://www.revolutionise.com.au/hockeyballarat/game/2524145,2026-05-17 01:00:43
Womens,Round 3,Sun 10 May 2026,15:30,Prince of Wales Park,Blaze Women Blaze Orange,EGC EGC Gold,5,0,Ethan Oldaker,Timothy O'Sullivan,EGC EGC Gold,Emma M.,2,,False,,,,,https://www.revolutionise.com.au/hockeyballarat/game/2524145,2026-05-17 01:00:43
Womens,Round 3,Sun 10 May 2026,15:30,Prince of Wales Park,Blaze Women Blaze Orange,EGC EGC Gold,5,0,Ethan Oldaker,Timothy O'Sullivan,EGC EGC Gold,Helen R.,1,Goalkeeper,True,,,,,https://www.revolutionise.com.au/hockeyballarat/game/2524145,2026-05-17 01:00:43
Womens,Round 3,Sun 10 May 2026,15:30,Prince of Wales Park,Blaze Women Blaze Orange,EGC EGC Gold,5,0,Ethan Oldaker,Timothy O'Sullivan,EGC EGC Gold,Lana W.,59,,False,,,,,https://www.revolutionise.com.au/hockeyballarat/game/2524145,2026-05-17 01:00:43
Womens,Round 3,Sun 10 May 2026,15:30,Prince of Wales Park,Blaze Women Blaze Orange,EGC EGC Gold,5,0,Ethan Oldaker,Timothy O'Sullivan,EGC EGC Gold,Meletta D.,10,,True,,,,,https://www.revolutionise.com.au/hockeyballarat/game/2524145,2026-05-17 01:00:43
Womens,Round 3,Sun 10 May 2026,15:30,Prince of Wales Park,Blaze Women Blaze Orange,EGC EGC Gold,5,0,Ethan Oldaker,Timothy O'Sullivan,EGC EGC Gold,Paige K.,76,,True,,,,,https://www.revolutionise.com.au/hockeyballarat/game/2524145,2026-05-17 01:00:43
Womens,Round 3,Sun 10 May 2026,15:30,Prince of Wales Park,Blaze Women Blaze Orange,EGC EGC Gold,5,0,Ethan Oldaker,Timothy O'Sullivan,EGC EGC Gold,Poppy L.,55,,False,,,,,https://www.revolutionise.com.au/hockeyballarat/game/2524145,2026-05-17 01:00:43
Womens,Round 3,Sun 10 May 2026,15:30,Prince of Wales Park,Blaze Women Blaze Orange,EGC EGC Gold,5,0,Ethan Oldaker,Timothy O'Sullivan,EGC EGC Gold,Sophia P.,72,,True,,,,,https://www.revolutionise.com.au/hockeyballarat/game/2524145,2026-05-17 01:00:43
Womens,Round 3,Sun 10 May 2026,15:30,Prince of Wales Park,Blaze Women Blaze Orange,EGC EGC Gold,5,0,Ethan Oldaker,Timothy O'Sullivan,EGC EGC Gold,Sophie R.,63,,True,,,,,https://www.revolutionise.com.au/hockeyballarat/game/2524145,2026-05-17 01:00:43
Womens,Round 3,Sun 10 May 2026,15:30,Prince of Wales Park,Blaze Women Blaze Orange,EGC EGC Gold,5,0,Ethan Oldaker,Timothy O'Sullivan,EGC EGC Gold,Susan W.,24,,True,,,,,https://www.revolutionise.com.au/hockeyballarat/game/2524145,2026-05-17 01:00:43
Womens,Round 3,Sun 10 May 2026,15:30,Prince of Wales Park,Blaze Women Blaze Orange,EGC EGC Gold,5,0,Ethan Oldaker,Timothy O'Sullivan,EGC EGC Gold,Vera S.,44,,False,,,,,https://www.revolutionise.com.au/hockeyballarat/game/2524145,2026-05-17 01:00:43
Womens,Round 3,Sun 10 May 2026,15:30,Prince of Wales Park,Blaze Women Blaze Orange,EGC EGC Gold,5,0,Ethan Oldaker,Timothy O'Sullivan,EGC EGC Gold,Clare D.,,,True,,,,,https://www.revolutionise.com.au/hockeyballarat/game/2524145,2026-05-17 01:00:43
Womens,Round 3,Sun 10 May 2026,15:30,Prince of Wales Park,Blaze Women Blaze Orange,EGC EGC Gold,5,0,Ethan Oldaker,Timothy O'Sullivan,EGC EGC Gold,Lauren M.,,,True,,,,,https://www.revolutionise.com.au/hockeyballarat/game/2524145,2026-05-17 01:00:43
Womens,Round 3,Sun 10 May 2026,17:00,Prince of Wales Park,Blaze Women Blaze Black,Lucas HC Women,5,2,Ben Sturmfels,Craig Stevens,Blaze Women Blaze Black,Alicia C.,10,,True,,,,,https://www.revolutionise.com.au/hockeyballarat/game/2524146,2026-05-17 01:00:45
Womens,Round 3,Sun 10 May 2026,17:00,Prince of Wales Park,Blaze Women Blaze Black,Lucas HC Women,5,2,Ben Sturmfels,Craig Stevens,Blaze Women Blaze Black,Arlen E.,82,,True,1,,,,https://www.revolutionise.com.au/hockeyballarat/game/2524146,2026-05-17 01:00:45
Womens,Round 3,Sun 10 May 2026,17:00,Prince of Wales Park,Blaze Women Blaze Black,Lucas HC Women,5,2,Ben Sturmfels,Craig Stevens,Blaze Women Blaze Black,Chloe N.,83,,True,,,,,https://www.revolutionise.com.au/hockeyballarat/game/2524146,2026-05-17 01:00:45
Womens,Round 3,Sun 10 May 2026,17:00,Prince of Wales Park,Blaze Women Blaze Black,Lucas HC Women,5,2,Ben Sturmfels,Craig Stevens,Blaze Women Blaze Black,Claire H.,11,,True,,,,,https://www.revolutionise.com.au/hockeyballarat/game/2524146,2026-05-17 01:00:45
Womens,Round 3,Sun 10 May 2026,17:00,Prince of Wales Park,Blaze Women Blaze Black,Lucas HC Women,5,2,Ben Sturmfels,Craig Stevens,Blaze Women Blaze Black,Cora T.,84,,False,,,,,https://www.revolutionise.com.au/hockeyballarat/game/2524146,2026-05-17 01:00:45
Womens,Round 3,Sun 10 May 2026,17:00,Prince of Wales Park,Blaze Women Blaze Black,Lucas HC Women,5,2,Ben Sturmfels,Craig Stevens,Blaze Women Blaze Black,Cristin R.,3,,False,,,,,https://www.revolutionise.com.au/hockeyballarat/game/2524146,2026-05-17 01:00:45
Womens,Round 3,Sun 10 May 2026,17:00,Prince of Wales Park,Blaze Women Blaze Black,Lucas HC Women,5,2,Ben Sturmfels,Craig Stevens,Blaze Women Blaze Black,Kizanne D.,,,True,1,,,,https://www.revolutionise.com.au/hockeyballarat/game/2524146,2026-05-17 01:00:45
Womens,Round 3,Sun 10 May 2026,17:00,Prince of Wales Park,Blaze Women Blaze Black,Lucas HC Women,5,2,Ben Sturmfels,Craig Stevens,Blaze Women Blaze Black,Kym N.,6,,True,,,,,https://www.revolutionise.com.au/hockeyballarat/game/2524146,2026-05-17 01:00:45
Womens,Round 3,Sun 10 May 2026,17:00,Prince of Wales Park,Blaze Women Blaze Black,Lucas HC Women,5,2,Ben Sturmfels,Craig Stevens,Blaze Women Blaze Black,Leanne M.,8,,True,1,,,,https://www.revolutionise.com.au/hockeyballarat/game/2524146,2026-05-17 01:00:45
Womens,Round 3,Sun 10 May 2026,17:00,Prince of Wales Park,Blaze Women Blaze Black,Lucas HC Women,5,2,Ben Sturmfels,Craig Stevens,Blaze Women Blaze Black,Lola W.,5,,True,2,,,,https://www.revolutionise.com.au/hockeyballarat/game/2524146,2026-05-17 01:00:45
Womens,Round 3,Sun 10 May 2026,17:00,Prince of Wales Park,Blaze Women Blaze Black,Lucas HC Women,5,2,Ben Sturmfels,Craig Stevens,Blaze Women Blaze Black,Natasha O.,1,Goalkeeper,False,,,,,https://www.revolutionise.com.au/hockeyballarat/game/2524146,2026-05-17 01:00:45
Womens,Round 3,Sun 10 May 2026,17:00,Prince of Wales Park,Blaze Women Blaze Black,Lucas HC Women,5,2,Ben Sturmfels,Craig Stevens,Blaze Women Blaze Black,Samantha D.,2,,True,,,,,https://www.revolutionise.com.au/hockeyballarat/game/2524146,2026-05-17 01:00:45
Womens,Round 3,Sun 10 May 2026,17:00,Prince of Wales Park,Blaze Women Blaze Black,Lucas HC Women,5,2,Ben Sturmfels,Craig Stevens,Blaze Women Blaze Black,Tayla M.,4,,True,,,,,https://www.revolutionise.com.au/hockeyballarat/game/2524146,2026-05-17 01:00:45
Womens,Round 3,Sun 10 May 2026,17:00,Prince of Wales Park,Blaze Women Blaze Black,Lucas HC Women,5,2,Ben Sturmfels,Craig Stevens,Blaze Women Blaze Black,Zoe M.,12,,True,,,,,https://www.revolutionise.com.au/hockeyballarat/game/2524146,2026-05-17 01:00:45
Womens,Round 3,Sun 10 May 2026,17:00,Prince of Wales Park,Blaze Women Blaze Black,Lucas HC Women,5,2,Ben Sturmfels,Craig Stevens,Blaze Women Blaze Black,Aria Q.,,,True,,,,,https://www.revolutionise.com.au/hockeyballarat/game/2524146,2026-05-17 01:00:45
Womens,Round 3,Sun 10 May 2026,17:00,Prince of Wales Park,Blaze Women Blaze Black,Lucas HC Women,5,2,Ben Sturmfels,Craig Stevens,Blaze Women Blaze Black,Isabelle S.,,,True,,,,,https://www.revolutionise.com.au/hockeyballarat/game/2524146,2026-05-17 01:00:45
Womens,Round 3,Sun 10 May 2026,17:00,Prince of Wales Park,Blaze Women Blaze Black,Lucas HC Women,5,2,Ben Sturmfels,Craig Stevens,Lucas HC Women,Angela W.,54,,False,,,,,https://www.revolutionise.com.au/hockeyballarat/game/2524146,2026-05-17 01:00:45
Womens,Round 3,Sun 10 May 2026,17:00,Prince of Wales Park,Blaze Women Blaze Black,Lucas HC Women,5,2,Ben Sturmfels,Craig Stevens,Lucas HC Women,Annabelle H.,111,,True,,,,,https://www.revolutionise.com.au/hockeyballarat/game/2524146,2026-05-17 01:00:45
Womens,Round 3,Sun 10 May 2026,17:00,Prince of Wales Park,Blaze Women Blaze Black,Lucas HC Women,5,2,Ben Sturmfels,Craig Stevens,Lucas HC Women,Belinda H.,109,,True,,,,,https://www.revolutionise.com.au/hockeyballarat/game/2524146,2026-05-17 01:00:45
Womens,Round 3,Sun 10 May 2026,17:00,Prince of Wales Park,Blaze Women Blaze Black,Lucas HC Women,5,2,Ben Sturmfels,Craig Stevens,Lucas HC Women,Bella J.,113,,True,,,,,https://www.revolutionise.com.au/hockeyballarat/game/2524146,2026-05-17 01:00:45
Womens,Round 3,Sun 10 May 2026,17:00,Prince of Wales Park,Blaze Women Blaze Black,Lucas HC Women,5,2,Ben Sturmfels,Craig Stevens,Lucas HC Women,Bonnie A.,107,,False,,,,,https://www.revolutionise.com.au/hockeyballarat/game/2524146,2026-05-17 01:00:45
Womens,Round 3,Sun 10 May 2026,17:00,Prince of Wales Park,Blaze Women Blaze Black,Lucas HC Women,5,2,Ben Sturmfels,Craig Stevens,Lucas HC Women,Emily W.,57,,True,,,,,https://www.revolutionise.com.au/hockeyballarat/game/2524146,2026-05-17 01:00:45
Womens,Round 3,Sun 10 May 2026,17:00,Prince of Wales Park,Blaze Women Blaze Black,Lucas HC Women,5,2,Ben Sturmfels,Craig Stevens,Lucas HC Women,Isabelle H.,103,,True,,,,,https://www.revolutionise.com.au/hockeyballarat/game/2524146,2026-05-17 01:00:45
Womens,Round 3,Sun 10 May 2026,17:00,Prince of Wales Park,Blaze Women Blaze Black,Lucas HC Women,5,2,Ben Sturmfels,Craig Stevens,Lucas HC Women,Joanne S.,60,,True,,,,,https://www.revolutionise.com.au/hockeyballarat/game/2524146,2026-05-17 01:00:45
Womens,Round 3,Sun 10 May 2026,17:00,Prince of Wales Park,Blaze Women Blaze Black,Lucas HC Women,5,2,Ben Sturmfels,Craig Stevens,Lucas HC Women,Kerryn P.,110,,True,,,,,https://www.revolutionise.com.au/hockeyballarat/game/2524146,2026-05-17 01:00:45
Womens,Round 3,Sun 10 May 2026,17:00,Prince of Wales Park,Blaze Women Blaze Black,Lucas HC Women,5,2,Ben Sturmfels,Craig Stevens,Lucas HC Women,Klyti G.,102,,False,,,,,https://www.revolutionise.com.au/hockeyballarat/game/2524146,2026-05-17 01:00:45
Womens,Round 3,Sun 10 May 2026,17:00,Prince of Wales Park,Blaze Women Blaze Black,Lucas HC Women,5,2,Ben Sturmfels,Craig Stevens,Lucas HC Women,Maleah V.,105,,False,,,,,https://www.revolutionise.com.au/hockeyballarat/game/2524146,2026-05-17 01:00:45
Womens,Round 3,Sun 10 May 2026,17:00,Prince of Wales Park,Blaze Women Blaze Black,Lucas HC Women,5,2,Ben Sturmfels,Craig Stevens,Lucas HC Women,Mietta G.,101,,True,,,,,https://www.revolutionise.com.au/hockeyballarat/game/2524146,2026-05-17 01:00:45
Womens,Round 3,Sun 10 May 2026,17:00,Prince of Wales Park,Blaze Women Blaze Black,Lucas HC Women,5,2,Ben Sturmfels,Craig Stevens,Lucas HC Women,Nicole S.,112,,True,,,,,https://www.revolutionise.com.au/hockeyballarat/game/2524146,2026-05-17 01:00:45
Womens,Round 3,Sun 10 May 2026,17:00,Prince of Wales Park,Blaze Women Blaze Black,Lucas HC Women,5,2,Ben Sturmfels,Craig Stevens,Lucas HC Women,Olivia H.,100,,True,1,,,,https://www.revolutionise.com.au/hockeyballarat/game/2524146,2026-05-17 01:00:45
Womens,Round 3,Sun 10 May 2026,17:00,Prince of Wales Park,Blaze Women Blaze Black,Lucas HC Women,5,2,Ben Sturmfels,Craig Stevens,Lucas HC Women,Sebastian P.,106,Goalkeeper,True,,,,,https://www.revolutionise.com.au/hockeyballarat/game/2524146,2026-05-17 01:00:45
Womens,Round 3,Sun 10 May 2026,17:00,Prince of Wales Park,Blaze Women Blaze Black,Lucas HC Women,5,2,Ben Sturmfels,Craig Stevens,Lucas HC Women,Zara S.,108,,True,1,,,,https://www.revolutionise.com.au/hockeyballarat/game/2524146,2026-05-17 01:00:45
Womens,Round 3,Sun 10 May 2026,17:00,Prince of Wales Park,Blaze Women Blaze Black,Lucas HC Women,5,2,Ben Sturmfels,Craig Stevens,Lucas HC Women,Zoe K.,104,,False,,,,,https://www.revolutionise.com.au/hockeyballarat/game/2524146,2026-05-17 01:00:45
Womens,Round 3,Sun 10 May 2026,17:00,Prince of Wales Park,Blaze Women Blaze Black,Lucas HC Women,5,2,Ben Sturmfels,Craig Stevens,Lucas HC Women,Poppy S.,,,True,,,,,https://www.revolutionise.com.au/hockeyballarat/game/2524146,2026-05-17 01:00:45
Womens,Round 4,Sun 24 May 2026,09:00,Prince of Wales Park,Blaze Women Blaze Black,SOBHC Ducks Women,,,,,Blaze Women Blaze Black,Alicia C.,10,,False,,,,,https://www.revolutionise.com.au/hockeyballarat/game/2524148,2026-05-17 01:00:48
Womens,Round 4,Sun 24 May 2026,09:00,Prince of Wales Park,Blaze Women Blaze Black,SOBHC Ducks Women,,,,,Blaze Women Blaze Black,Arlen E.,82,,False,,,,,https://www.revolutionise.com.au/hockeyballarat/game/2524148,2026-05-17 01:00:48
Womens,Round 4,Sun 24 May 2026,09:00,Prince of Wales Park,Blaze Women Blaze Black,SOBHC Ducks Women,,,,,Blaze Women Blaze Black,Chloe N.,83,,False,,,,,https://www.revolutionise.com.au/hockeyballarat/game/2524148,2026-05-17 01:00:48
Womens,Round 4,Sun 24 May 2026,09:00,Prince of Wales Park,Blaze Women Blaze Black,SOBHC Ducks Women,,,,,Blaze Women Blaze Black,Claire H.,11,,False,,,,,https://www.revolutionise.com.au/hockeyballarat/game/2524148,2026-05-17 01:00:48
Womens,Round 4,Sun 24 May 2026,09:00,Prince of Wales Park,Blaze Women Blaze Black,SOBHC Ducks Women,,,,,Blaze Women Blaze Black,Cora T.,84,,False,,,,,https://www.revolutionise.com.au/hockeyballarat/game/2524148,2026-05-17 01:00:48
Womens,Round 4,Sun 24 May 2026,09:00,Prince of Wales Park,Blaze Women Blaze Black,SOBHC Ducks Women,,,,,Blaze Women Blaze Black,Cristin R.,3,,False,,,,,https://www.revolutionise.com.au/hockeyballarat/game/2524148,2026-05-17 01:00:48
Womens,Round 4,Sun 24 May 2026,09:00,Prince of Wales Park,Blaze Women Blaze Black,SOBHC Ducks Women,,,,,Blaze Women Blaze Black,Kizanne D.,,,False,,,,,https://www.revolutionise.com.au/hockeyballarat/game/2524148,2026-05-17 01:00:48
Womens,Round 4,Sun 24 May 2026,09:00,Prince of Wales Park,Blaze Women Blaze Black,SOBHC Ducks Women,,,,,Blaze Women Blaze Black,Kym N.,6,,False,,,,,https://www.revolutionise.com.au/hockeyballarat/game/2524148,2026-05-17 01:00:48
Womens,Round 4,Sun 24 May 2026,09:00,Prince of Wales Park,Blaze Women Blaze Black,SOBHC Ducks Women,,,,,Blaze Women Blaze Black,Leanne M.,8,,False,,,,,https://www.revolutionise.com.au/hockeyballarat/game/2524148,2026-05-17 01:00:48
Womens,Round 4,Sun 24 May 2026,09:00,Prince of Wales Park,Blaze Women Blaze Black,SOBHC Ducks Women,,,,,Blaze Women Blaze Black,Lola W.,5,,False,,,,,https://www.revolutionise.com.au/hockeyballarat/game/2524148,2026-05-17 01:00:48
Womens,Round 4,Sun 24 May 2026,09:00,Prince of Wales Park,Blaze Women Blaze Black,SOBHC Ducks Women,,,,,Blaze Women Blaze Black,Natasha O.,1,Goalkeeper,False,,,,,https://www.revolutionise.com.au/hockeyballarat/game/2524148,2026-05-17 01:00:48
Womens,Round 4,Sun 24 May 2026,09:00,Prince of Wales Park,Blaze Women Blaze Black,SOBHC Ducks Women,,,,,Blaze Women Blaze Black,Samantha D.,2,,False,,,,,https://www.revolutionise.com.au/hockeyballarat/game/2524148,2026-05-17 01:00:48
Womens,Round 4,Sun 24 May 2026,09:00,Prince of Wales Park,Blaze Women Blaze Black,SOBHC Ducks Women,,,,,Blaze Women Blaze Black,Tayla M.,4,,False,,,,,https://www.revolutionise.com.au/hockeyballarat/game/2524148,2026-05-17 01:00:48
Womens,Round 4,Sun 24 May 2026,09:00,Prince of Wales Park,Blaze Women Blaze Black,SOBHC Ducks Women,,,,,Blaze Women Blaze Black,Zoe M.,12,,False,,,,,https://www.revolutionise.com.au/hockeyballarat/game/2524148,2026-05-17 01:00:48
Womens,Round 4,Sun 24 May 2026,09:00,Prince of Wales Park,Blaze Women Blaze Black,SOBHC Ducks Women,,,,,SOBHC Ducks Women,Breanna J.,10,,False,,,,,https://www.revolutionise.com.au/hockeyballarat/game/2524148,2026-05-17 01:00:48
Womens,Round 4,Sun 24 May 2026,09:00,Prince of Wales Park,Blaze Women Blaze Black,SOBHC Ducks Women,,,,,SOBHC Ducks Women,Bridget d.,4,,False,,,,,https://www.revolutionise.com.au/hockeyballarat/game/2524148,2026-05-17 01:00:48
Womens,Round 4,Sun 24 May 2026,09:00,Prince of Wales Park,Blaze Women Blaze Black,SOBHC Ducks Women,,,,,SOBHC Ducks Women,Claire B.,2,,False,,,,,https://www.revolutionise.com.au/hockeyballarat/game/2524148,2026-05-17 01:00:48
Womens,Round 4,Sun 24 May 2026,09:00,Prince of Wales Park,Blaze Women Blaze Black,SOBHC Ducks Women,,,,,SOBHC Ducks Women,Demi S.,7,,False,,,,,https://www.revolutionise.com.au/hockeyballarat/game/2524148,2026-05-17 01:00:48
Womens,Round 4,Sun 24 May 2026,09:00,Prince of Wales Park,Blaze Women Blaze Black,SOBHC Ducks Women,,,,,SOBHC Ducks Women,Kate C.,3,,False,,,,,https://www.revolutionise.com.au/hockeyballarat/game/2524148,2026-05-17 01:00:48
Womens,Round 4,Sun 24 May 2026,09:00,Prince of Wales Park,Blaze Women Blaze Black,SOBHC Ducks Women,,,,,SOBHC Ducks Women,Kate M.,,,False,,,,,https://www.revolutionise.com.au/hockeyballarat/game/2524148,2026-05-17 01:00:48
Womens,Round 4,Sun 24 May 2026,09:00,Prince of Wales Park,Blaze Women Blaze Black,SOBHC Ducks Women,,,,,SOBHC Ducks Women,Kira B.,8,,False,,,,,https://www.revolutionise.com.au/hockeyballarat/game/2524148,2026-05-17 01:00:48
Womens,Round 4,Sun 24 May 2026,09:00,Prince of Wales Park,Blaze Women Blaze Black,SOBHC Ducks Women,,,,,SOBHC Ducks Women,Lyndal B.,9,,False,,,,,https://www.revolutionise.com.au/hockeyballarat/game/2524148,2026-05-17 01:00:48
Womens,Round 4,Sun 24 May 2026,09:00,Prince of Wales Park,Blaze Women Blaze Black,SOBHC Ducks Women,,,,,SOBHC Ducks Women,Rebecca L.,5,,False,,,,,https://www.revolutionise.com.au/hockeyballarat/game/2524148,2026-05-17 01:00:48
Womens,Round 4,Sun 24 May 2026,09:00,Prince of Wales Park,Blaze Women Blaze Black,SOBHC Ducks Women,,,,,SOBHC Ducks Women,Sarah A.,1,,False,,,,,https://www.revolutionise.com.au/hockeyballarat/game/2524148,2026-05-17 01:00:48
Womens,Round 4,Sun 24 May 2026,09:00,Prince of Wales Park,Blaze Women Blaze Black,SOBHC Ducks Women,,,,,SOBHC Ducks Women,Sarah M.,,,False,,,,,https://www.revolutionise.com.au/hockeyballarat/game/2524148,2026-05-17 01:00:48
Womens,Round 4,Sun 24 May 2026,13:45,"John Vernon Field, Ballarat Grammar",Bobcats Bobcats Women,EGC EGC Gold,,,,,Bobcats Bobcats Women,Amelia B.,3,,False,,,,,https://www.revolutionise.com.au/hockeyballarat/game/2524149,2026-05-17 01:00:49
Womens,Round 4,Sun 24 May 2026,13:45,"John Vernon Field, Ballarat Grammar",Bobcats Bobcats Women,EGC EGC Gold,,,,,Bobcats Bobcats Women,Cecily F.,27,,False,,,,,https://www.revolutionise.com.au/hockeyballarat/game/2524149,2026-05-17 01:00:49
Womens,Round 4,Sun 24 May 2026,13:45,"John Vernon Field, Ballarat Grammar",Bobcats Bobcats Women,EGC EGC Gold,,,,,Bobcats Bobcats Women,Claire B.,1,,False,,,,,https://www.revolutionise.com.au/hockeyballarat/game/2524149,2026-05-17 01:00:49
Womens,Round 4,Sun 24 May 2026,13:45,"John Vernon Field, Ballarat Grammar",Bobcats Bobcats Women,EGC EGC Gold,,,,,Bobcats Bobcats Women,Connie L.,11,,False,,,,,https://www.revolutionise.com.au/hockeyballarat/game/2524149,2026-05-17 01:00:49
Womens,Round 4,Sun 24 May 2026,13:45,"John Vernon Field, Ballarat Grammar",Bobcats Bobcats Women,EGC EGC Gold,,,,,Bobcats Bobcats Women,Elise W.,88,,False,,,,,https://www.revolutionise.com.au/hockeyballarat/game/2524149,2026-05-17 01:00:49
Womens,Round 4,Sun 24 May 2026,13:45,"John Vernon Field, Ballarat Grammar",Bobcats Bobcats Women,EGC EGC Gold,,,,,Bobcats Bobcats Women,Elizabeth W.,89,,False,,,,,https://www.revolutionise.com.au/hockeyballarat/game/2524149,2026-05-17 01:00:49
Womens,Round 4,Sun 24 May 2026,13:45,"John Vernon Field, Ballarat Grammar",Bobcats Bobcats Women,EGC EGC Gold,,,,,Bobcats Bobcats Women,Emily L.,12,,False,,,,,https://www.revolutionise.com.au/hockeyballarat/game/2524149,2026-05-17 01:00:49
Womens,Round 4,Sun 24 May 2026,13:45,"John Vernon Field, Ballarat Grammar",Bobcats Bobcats Women,EGC EGC Gold,,,,,Bobcats Bobcats Women,Felicity W.,96,,False,,,,,https://www.revolutionise.com.au/hockeyballarat/game/2524149,2026-05-17 01:00:49
Womens,Round 4,Sun 24 May 2026,13:45,"John Vernon Field, Ballarat Grammar",Bobcats Bobcats Women,EGC EGC Gold,,,,,Bobcats Bobcats Women,Hannah H.,6,,False,,,,,https://www.revolutionise.com.au/hockeyballarat/game/2524149,2026-05-17 01:00:49
Womens,Round 4,Sun 24 May 2026,13:45,"John Vernon Field, Ballarat Grammar",Bobcats Bobcats Women,EGC EGC Gold,,,,,Bobcats Bobcats Women,Joanna P.,,,False,,,,,https://www.revolutionise.com.au/hockeyballarat/game/2524149,2026-05-17 01:00:49
Womens,Round 4,Sun 24 May 2026,13:45,"John Vernon Field, Ballarat Grammar",Bobcats Bobcats Women,EGC EGC Gold,,,,,Bobcats Bobcats Women,Julie T.,16,,False,,,,,https://www.revolutionise.com.au/hockeyballarat/game/2524149,2026-05-17 01:00:49
Womens,Round 4,Sun 24 May 2026,13:45,"John Vernon Field, Ballarat Grammar",Bobcats Bobcats Women,EGC EGC Gold,,,,,Bobcats Bobcats Women,Kate B.,32,,False,,,,,https://www.revolutionise.com.au/hockeyballarat/game/2524149,2026-05-17 01:00:49
Womens,Round 4,Sun 24 May 2026,13:45,"John Vernon Field, Ballarat Grammar",Bobcats Bobcats Women,EGC EGC Gold,,,,,Bobcats Bobcats Women,Kirsty T.,19,,False,,,,,https://www.revolutionise.com.au/hockeyballarat/game/2524149,2026-05-17 01:00:49
Womens,Round 4,Sun 24 May 2026,13:45,"John Vernon Field, Ballarat Grammar",Bobcats Bobcats Women,EGC EGC Gold,,,,,Bobcats Bobcats Women,Molly D.,7,,False,,,,,https://www.revolutionise.com.au/hockeyballarat/game/2524149,2026-05-17 01:00:49
Womens,Round 4,Sun 24 May 2026,13:45,"John Vernon Field, Ballarat Grammar",Bobcats Bobcats Women,EGC EGC Gold,,,,,Bobcats Bobcats Women,Pippa L.,13,,False,,,,,https://www.revolutionise.com.au/hockeyballarat/game/2524149,2026-05-17 01:00:49
Womens,Round 4,Sun 24 May 2026,13:45,"John Vernon Field, Ballarat Grammar",Bobcats Bobcats Women,EGC EGC Gold,,,,,Bobcats Bobcats Women,Rachel B.,2,,False,,,,,https://www.revolutionise.com.au/hockeyballarat/game/2524149,2026-05-17 01:00:49
Womens,Round 4,Sun 24 May 2026,13:45,"John Vernon Field, Ballarat Grammar",Bobcats Bobcats Women,EGC EGC Gold,,,,,Bobcats Bobcats Women,Rajinder U.,,,False,,,,,https://www.revolutionise.com.au/hockeyballarat/game/2524149,2026-05-17 01:00:49
Womens,Round 4,Sun 24 May 2026,13:45,"John Vernon Field, Ballarat Grammar",Bobcats Bobcats Women,EGC EGC Gold,,,,,Bobcats Bobcats Women,Rebekah C.,5,,False,,,,,https://www.revolutionise.com.au/hockeyballarat/game/2524149,2026-05-17 01:00:49
Womens,Round 4,Sun 24 May 2026,13:45,"John Vernon Field, Ballarat Grammar",Bobcats Bobcats Women,EGC EGC Gold,,,,,Bobcats Bobcats Women,Sabrina G.,9,,False,,,,,https://www.revolutionise.com.au/hockeyballarat/game/2524149,2026-05-17 01:00:49
Womens,Round 4,Sun 24 May 2026,13:45,"John Vernon Field, Ballarat Grammar",Bobcats Bobcats Women,EGC EGC Gold,,,,,Bobcats Bobcats Women,Shara B.,199,,False,,,,,https://www.revolutionise.com.au/hockeyballarat/game/2524149,2026-05-17 01:00:49
Womens,Round 4,Sun 24 May 2026,13:45,"John Vernon Field, Ballarat Grammar",Bobcats Bobcats Women,EGC EGC Gold,,,,,Bobcats Bobcats Women,Siphesihle M.,14,Goalkeeper,False,,,,,https://www.revolutionise.com.au/hockeyballarat/game/2524149,2026-05-17 01:00:49
Womens,Round 4,Sun 24 May 2026,13:45,"John Vernon Field, Ballarat Grammar",Bobcats Bobcats Women,EGC EGC Gold,,,,,Bobcats Bobcats Women,Victoria C.,63,,False,,,,,https://www.revolutionise.com.au/hockeyballarat/game/2524149,2026-05-17 01:00:49
Womens,Round 4,Sun 24 May 2026,13:45,"John Vernon Field, Ballarat Grammar",Bobcats Bobcats Women,EGC EGC Gold,,,,,EGC EGC Gold,Abbey P.,79,,False,,,,,https://www.revolutionise.com.au/hockeyballarat/game/2524149,2026-05-17 01:00:49
Womens,Round 4,Sun 24 May 2026,13:45,"John Vernon Field, Ballarat Grammar",Bobcats Bobcats Women,EGC EGC Gold,,,,,EGC EGC Gold,Ashleigh B.,6,,False,,,,,https://www.revolutionise.com.au/hockeyballarat/game/2524149,2026-05-17 01:00:49
Womens,Round 4,Sun 24 May 2026,13:45,"John Vernon Field, Ballarat Grammar",Bobcats Bobcats Women,EGC EGC Gold,,,,,EGC EGC Gold,Clarabel W.,33,,False,,,,,https://www.revolutionise.com.au/hockeyballarat/game/2524149,2026-05-17 01:00:49
Womens,Round 4,Sun 24 May 2026,13:45,"John Vernon Field, Ballarat Grammar",Bobcats Bobcats Women,EGC EGC Gold,,,,,EGC EGC Gold,Ella M.,16,Captain,False,,,,,https://www.revolutionise.com.au/hockeyballarat/game/2524149,2026-05-17 01:00:49
Womens,Round 4,Sun 24 May 2026,13:45,"John Vernon Field, Ballarat Grammar",Bobcats Bobcats Women,EGC EGC Gold,,,,,EGC EGC Gold,Emily M.,11,,False,,,,,https://www.revolutionise.com.au/hockeyballarat/game/2524149,2026-05-17 01:00:49
Womens,Round 4,Sun 24 May 2026,13:45,"John Vernon Field, Ballarat Grammar",Bobcats Bobcats Women,EGC EGC Gold,,,,,EGC EGC Gold,Emma M.,2,,False,,,,,https://www.revolutionise.com.au/hockeyballarat/game/2524149,2026-05-17 01:00:49
Womens,Round 4,Sun 24 May 2026,13:45,"John Vernon Field, Ballarat Grammar",Bobcats Bobcats Women,EGC EGC Gold,,,,,EGC EGC Gold,Helen R.,1,Goalkeeper,False,,,,,https://www.revolutionise.com.au/hockeyballarat/game/2524149,2026-05-17 01:00:49
Womens,Round 4,Sun 24 May 2026,13:45,"John Vernon Field, Ballarat Grammar",Bobcats Bobcats Women,EGC EGC Gold,,,,,EGC EGC Gold,Lana W.,59,,False,,,,,https://www.revolutionise.com.au/hockeyballarat/game/2524149,2026-05-17 01:00:49
Womens,Round 4,Sun 24 May 2026,13:45,"John Vernon Field, Ballarat Grammar",Bobcats Bobcats Women,EGC EGC Gold,,,,,EGC EGC Gold,Meletta D.,10,,False,,,,,https://www.revolutionise.com.au/hockeyballarat/game/2524149,2026-05-17 01:00:49
Womens,Round 4,Sun 24 May 2026,13:45,"John Vernon Field, Ballarat Grammar",Bobcats Bobcats Women,EGC EGC Gold,,,,,EGC EGC Gold,Paige K.,76,,False,,,,,https://www.revolutionise.com.au/hockeyballarat/game/2524149,2026-05-17 01:00:49
Womens,Round 4,Sun 24 May 2026,13:45,"John Vernon Field, Ballarat Grammar",Bobcats Bobcats Women,EGC EGC Gold,,,,,EGC EGC Gold,Poppy L.,55,,False,,,,,https://www.revolutionise.com.au/hockeyballarat/game/2524149,2026-05-17 01:00:49
Womens,Round 4,Sun 24 May 2026,13:45,"John Vernon Field, Ballarat Grammar",Bobcats Bobcats Women,EGC EGC Gold,,,,,EGC EGC Gold,Sophia P.,72,,False,,,,,https://www.revolutionise.com.au/hockeyballarat/game/2524149,2026-05-17 01:00:49
Womens,Round 4,Sun 24 May 2026,13:45,"John Vernon Field, Ballarat Grammar",Bobcats Bobcats Women,EGC EGC Gold,,,,,EGC EGC Gold,Sophie R.,63,,False,,,,,https://www.revolutionise.com.au/hockeyballarat/game/2524149,2026-05-17 01:00:49
Womens,Round 4,Sun 24 May 2026,13:45,"John Vernon Field, Ballarat Grammar",Bobcats Bobcats Women,EGC EGC Gold,,,,,EGC EGC Gold,Susan W.,24,,False,,,,,https://www.revolutionise.com.au/hockeyballarat/game/2524149,2026-05-17 01:00:49
Womens,Round 4,Sun 24 May 2026,13:45,"John Vernon Field, Ballarat Grammar",Bobcats Bobcats Women,EGC EGC Gold,,,,,EGC EGC Gold,Vera S.,44,,False,,,,,https://www.revolutionise.com.au/hockeyballarat/game/2524149,2026-05-17 01:00:49
Womens,Round 4,Sun 24 May 2026,15:30,Prince of Wales Park,Lucas HC Women,EGC EGC Blue,,,,,Lucas HC Women,Angela W.,54,,False,,,,,https://www.revolutionise.com.au/hockeyballarat/game/2524150,2026-05-17 01:00:51
Womens,Round 4,Sun 24 May 2026,15:30,Prince of Wales Park,Lucas HC Women,EGC EGC Blue,,,,,Lucas HC Women,Annabelle H.,111,,False,,,,,https://www.revolutionise.com.au/hockeyballarat/game/2524150,2026-05-17 01:00:51
Womens,Round 4,Sun 24 May 2026,15:30,Prince of Wales Park,Lucas HC Women,EGC EGC Blue,,,,,Lucas HC Women,Belinda H.,109,,False,,,,,https://www.revolutionise.com.au/hockeyballarat/game/2524150,2026-05-17 01:00:51
Womens,Round 4,Sun 24 May 2026,15:30,Prince of Wales Park,Lucas HC Women,EGC EGC Blue,,,,,Lucas HC Women,Bella J.,113,,False,,,,,https://www.revolutionise.com.au/hockeyballarat/game/2524150,2026-05-17 01:00:51
Womens,Round 4,Sun 24 May 2026,15:30,Prince of Wales Park,Lucas HC Women,EGC EGC Blue,,,,,Lucas HC Women,Bonnie A.,107,,False,,,,,https://www.revolutionise.com.au/hockeyballarat/game/2524150,2026-05-17 01:00:51
Womens,Round 4,Sun 24 May 2026,15:30,Prince of Wales Park,Lucas HC Women,EGC EGC Blue,,,,,Lucas HC Women,Emily W.,57,,False,,,,,https://www.revolutionise.com.au/hockeyballarat/game/2524150,2026-05-17 01:00:51
Womens,Round 4,Sun 24 May 2026,15:30,Prince of Wales Park,Lucas HC Women,EGC EGC Blue,,,,,Lucas HC Women,Isabelle H.,103,,False,,,,,https://www.revolutionise.com.au/hockeyballarat/game/2524150,2026-05-17 01:00:51
Womens,Round 4,Sun 24 May 2026,15:30,Prince of Wales Park,Lucas HC Women,EGC EGC Blue,,,,,Lucas HC Women,Joanne S.,60,,False,,,,,https://www.revolutionise.com.au/hockeyballarat/game/2524150,2026-05-17 01:00:51
Womens,Round 4,Sun 24 May 2026,15:30,Prince of Wales Park,Lucas HC Women,EGC EGC Blue,,,,,Lucas HC Women,Kerryn P.,110,,False,,,,,https://www.revolutionise.com.au/hockeyballarat/game/2524150,2026-05-17 01:00:51
Womens,Round 4,Sun 24 May 2026,15:30,Prince of Wales Park,Lucas HC Women,EGC EGC Blue,,,,,Lucas HC Women,Klyti G.,102,,False,,,,,https://www.revolutionise.com.au/hockeyballarat/game/2524150,2026-05-17 01:00:51
Womens,Round 4,Sun 24 May 2026,15:30,Prince of Wales Park,Lucas HC Women,EGC EGC Blue,,,,,Lucas HC Women,Maleah V.,105,,False,,,,,https://www.revolutionise.com.au/hockeyballarat/game/2524150,2026-05-17 01:00:51
Womens,Round 4,Sun 24 May 2026,15:30,Prince of Wales Park,Lucas HC Women,EGC EGC Blue,,,,,Lucas HC Women,Mietta G.,101,,False,,,,,https://www.revolutionise.com.au/hockeyballarat/game/2524150,2026-05-17 01:00:51
Womens,Round 4,Sun 24 May 2026,15:30,Prince of Wales Park,Lucas HC Women,EGC EGC Blue,,,,,Lucas HC Women,Nicole S.,112,,False,,,,,https://www.revolutionise.com.au/hockeyballarat/game/2524150,2026-05-17 01:00:51
Womens,Round 4,Sun 24 May 2026,15:30,Prince of Wales Park,Lucas HC Women,EGC EGC Blue,,,,,Lucas HC Women,Olivia H.,100,,False,,,,,https://www.revolutionise.com.au/hockeyballarat/game/2524150,2026-05-17 01:00:51
Womens,Round 4,Sun 24 May 2026,15:30,Prince of Wales Park,Lucas HC Women,EGC EGC Blue,,,,,Lucas HC Women,Sebastian P.,106,Goalkeeper,False,,,,,https://www.revolutionise.com.au/hockeyballarat/game/2524150,2026-05-17 01:00:51
Womens,Round 4,Sun 24 May 2026,15:30,Prince of Wales Park,Lucas HC Women,EGC EGC Blue,,,,,Lucas HC Women,Zara S.,108,,False,,,,,https://www.revolutionise.com.au/hockeyballarat/game/2524150,2026-05-17 01:00:51
Womens,Round 4,Sun 24 May 2026,15:30,Prince of Wales Park,Lucas HC Women,EGC EGC Blue,,,,,Lucas HC Women,Zoe K.,104,,False,,,,,https://www.revolutionise.com.au/hockeyballarat/game/2524150,2026-05-17 01:00:51
Womens,Round 4,Sun 24 May 2026,15:30,Prince of Wales Park,Lucas HC Women,EGC EGC Blue,,,,,EGC EGC Blue,Charli B.,,Goalkeeper,False,,,,,https://www.revolutionise.com.au/hockeyballarat/game/2524150,2026-05-17 01:00:51
Womens,Round 4,Sun 24 May 2026,15:30,Prince of Wales Park,Lucas HC Women,EGC EGC Blue,,,,,EGC EGC Blue,Clare D.,52,,False,,,,,https://www.revolutionise.com.au/hockeyballarat/game/2524150,2026-05-17 01:00:51
Womens,Round 4,Sun 24 May 2026,15:30,Prince of Wales Park,Lucas HC Women,EGC EGC Blue,,,,,EGC EGC Blue,Ebonie S.,50,,False,,,,,https://www.revolutionise.com.au/hockeyballarat/game/2524150,2026-05-17 01:00:51
Womens,Round 4,Sun 24 May 2026,15:30,Prince of Wales Park,Lucas HC Women,EGC EGC Blue,,,,,EGC EGC Blue,Jasmine M.,26,,False,,,,,https://www.revolutionise.com.au/hockeyballarat/game/2524150,2026-05-17 01:00:51
Womens,Round 4,Sun 24 May 2026,15:30,Prince of Wales Park,Lucas HC Women,EGC EGC Blue,,,,,EGC EGC Blue,Judith Y.,3,,False,,,,,https://www.revolutionise.com.au/hockeyballarat/game/2524150,2026-05-17 01:00:51
Womens,Round 4,Sun 24 May 2026,15:30,Prince of Wales Park,Lucas HC Women,EGC EGC Blue,,,,,EGC EGC Blue,Kahlua S.,30,,False,,,,,https://www.revolutionise.com.au/hockeyballarat/game/2524150,2026-05-17 01:00:51
Womens,Round 4,Sun 24 May 2026,15:30,Prince of Wales Park,Lucas HC Women,EGC EGC Blue,,,,,EGC EGC Blue,Kay D.,49,,False,,,,,https://www.revolutionise.com.au/hockeyballarat/game/2524150,2026-05-17 01:00:51
Womens,Round 4,Sun 24 May 2026,15:30,Prince of Wales Park,Lucas HC Women,EGC EGC Blue,,,,,EGC EGC Blue,Lauren M.,21,,False,,,,,https://www.revolutionise.com.au/hockeyballarat/game/2524150,2026-05-17 01:00:51
Womens,Round 4,Sun 24 May 2026,15:30,Prince of Wales Park,Lucas HC Women,EGC EGC Blue,,,,,EGC EGC Blue,Mia B.,35,,False,,,,,https://www.revolutionise.com.au/hockeyballarat/game/2524150,2026-05-17 01:00:51
Womens,Round 4,Sun 24 May 2026,15:30,Prince of Wales Park,Lucas HC Women,EGC EGC Blue,,,,,EGC EGC Blue,Quinn B.,46,,False,,,,,https://www.revolutionise.com.au/hockeyballarat/game/2524150,2026-05-17 01:00:51
Womens,Round 4,Sun 24 May 2026,15:30,Prince of Wales Park,Lucas HC Women,EGC EGC Blue,,,,,EGC EGC Blue,Susan M.,92,,False,,,,,https://www.revolutionise.com.au/hockeyballarat/game/2524150,2026-05-17 01:00:51
Womens,Round 5,Sun 31 May 2026,10:30,Prince of Wales Park,SOBHC Ducks Women,EGC EGC Gold,,,,,SOBHC Ducks Women,Breanna J.,10,,False,,,,,https://www.revolutionise.com.au/hockeyballarat/game/2524152,2026-05-17 01:00:54
Womens,Round 5,Sun 31 May 2026,10:30,Prince of Wales Park,SOBHC Ducks Women,EGC EGC Gold,,,,,SOBHC Ducks Women,Bridget d.,4,,False,,,,,https://www.revolutionise.com.au/hockeyballarat/game/2524152,2026-05-17 01:00:54
Womens,Round 5,Sun 31 May 2026,10:30,Prince of Wales Park,SOBHC Ducks Women,EGC EGC Gold,,,,,SOBHC Ducks Women,Claire B.,2,,False,,,,,https://www.revolutionise.com.au/hockeyballarat/game/2524152,2026-05-17 01:00:54
Womens,Round 5,Sun 31 May 2026,10:30,Prince of Wales Park,SOBHC Ducks Women,EGC EGC Gold,,,,,SOBHC Ducks Women,Demi S.,7,,False,,,,,https://www.revolutionise.com.au/hockeyballarat/game/2524152,2026-05-17 01:00:54
Womens,Round 5,Sun 31 May 2026,10:30,Prince of Wales Park,SOBHC Ducks Women,EGC EGC Gold,,,,,SOBHC Ducks Women,Kate C.,3,,False,,,,,https://www.revolutionise.com.au/hockeyballarat/game/2524152,2026-05-17 01:00:54
Womens,Round 5,Sun 31 May 2026,10:30,Prince of Wales Park,SOBHC Ducks Women,EGC EGC Gold,,,,,SOBHC Ducks Women,Kate M.,,,False,,,,,https://www.revolutionise.com.au/hockeyballarat/game/2524152,2026-05-17 01:00:54
Womens,Round 5,Sun 31 May 2026,10:30,Prince of Wales Park,SOBHC Ducks Women,EGC EGC Gold,,,,,SOBHC Ducks Women,Kira B.,8,,False,,,,,https://www.revolutionise.com.au/hockeyballarat/game/2524152,2026-05-17 01:00:54
Womens,Round 5,Sun 31 May 2026,10:30,Prince of Wales Park,SOBHC Ducks Women,EGC EGC Gold,,,,,SOBHC Ducks Women,Lyndal B.,9,,False,,,,,https://www.revolutionise.com.au/hockeyballarat/game/2524152,2026-05-17 01:00:54
Womens,Round 5,Sun 31 May 2026,10:30,Prince of Wales Park,SOBHC Ducks Women,EGC EGC Gold,,,,,SOBHC Ducks Women,Rebecca L.,5,,False,,,,,https://www.revolutionise.com.au/hockeyballarat/game/2524152,2026-05-17 01:00:54
Womens,Round 5,Sun 31 May 2026,10:30,Prince of Wales Park,SOBHC Ducks Women,EGC EGC Gold,,,,,SOBHC Ducks Women,Sarah A.,1,,False,,,,,https://www.revolutionise.com.au/hockeyballarat/game/2524152,2026-05-17 01:00:54
Womens,Round 5,Sun 31 May 2026,10:30,Prince of Wales Park,SOBHC Ducks Women,EGC EGC Gold,,,,,SOBHC Ducks Women,Sarah M.,,,False,,,,,https://www.revolutionise.com.au/hockeyballarat/game/2524152,2026-05-17 01:00:54
Womens,Round 5,Sun 31 May 2026,10:30,Prince of Wales Park,SOBHC Ducks Women,EGC EGC Gold,,,,,EGC EGC Gold,Abbey P.,79,,False,,,,,https://www.revolutionise.com.au/hockeyballarat/game/2524152,2026-05-17 01:00:54
Womens,Round 5,Sun 31 May 2026,10:30,Prince of Wales Park,SOBHC Ducks Women,EGC EGC Gold,,,,,EGC EGC Gold,Ashleigh B.,6,,False,,,,,https://www.revolutionise.com.au/hockeyballarat/game/2524152,2026-05-17 01:00:54
Womens,Round 5,Sun 31 May 2026,10:30,Prince of Wales Park,SOBHC Ducks Women,EGC EGC Gold,,,,,EGC EGC Gold,Clarabel W.,33,,False,,,,,https://www.revolutionise.com.au/hockeyballarat/game/2524152,2026-05-17 01:00:54
Womens,Round 5,Sun 31 May 2026,10:30,Prince of Wales Park,SOBHC Ducks Women,EGC EGC Gold,,,,,EGC EGC Gold,Ella M.,16,Captain,False,,,,,https://www.revolutionise.com.au/hockeyballarat/game/2524152,2026-05-17 01:00:54
Womens,Round 5,Sun 31 May 2026,10:30,Prince of Wales Park,SOBHC Ducks Women,EGC EGC Gold,,,,,EGC EGC Gold,Emily M.,11,,False,,,,,https://www.revolutionise.com.au/hockeyballarat/game/2524152,2026-05-17 01:00:54
Womens,Round 5,Sun 31 May 2026,10:30,Prince of Wales Park,SOBHC Ducks Women,EGC EGC Gold,,,,,EGC EGC Gold,Emma M.,2,,False,,,,,https://www.revolutionise.com.au/hockeyballarat/game/2524152,2026-05-17 01:00:54
Womens,Round 5,Sun 31 May 2026,10:30,Prince of Wales Park,SOBHC Ducks Women,EGC EGC Gold,,,,,EGC EGC Gold,Helen R.,1,Goalkeeper,False,,,,,https://www.revolutionise.com.au/hockeyballarat/game/2524152,2026-05-17 01:00:54
Womens,Round 5,Sun 31 May 2026,10:30,Prince of Wales Park,SOBHC Ducks Women,EGC EGC Gold,,,,,EGC EGC Gold,Lana W.,59,,False,,,,,https://www.revolutionise.com.au/hockeyballarat/game/2524152,2026-05-17 01:00:54
Womens,Round 5,Sun 31 May 2026,10:30,Prince of Wales Park,SOBHC Ducks Women,EGC EGC Gold,,,,,EGC EGC Gold,Meletta D.,10,,False,,,,,https://www.revolutionise.com.au/hockeyballarat/game/2524152,2026-05-17 01:00:54
Womens,Round 5,Sun 31 May 2026,10:30,Prince of Wales Park,SOBHC Ducks Women,EGC EGC Gold,,,,,EGC EGC Gold,Paige K.,76,,False,,,,,https://www.revolutionise.com.au/hockeyballarat/game/2524152,2026-05-17 01:00:54
Womens,Round 5,Sun 31 May 2026,10:30,Prince of Wales Park,SOBHC Ducks Women,EGC EGC Gold,,,,,EGC EGC Gold,Poppy L.,55,,False,,,,,https://www.revolutionise.com.au/hockeyballarat/game/2524152,2026-05-17 01:00:54
Womens,Round 5,Sun 31 May 2026,10:30,Prince of Wales Park,SOBHC Ducks Women,EGC EGC Gold,,,,,EGC EGC Gold,Sophia P.,72,,False,,,,,https://www.revolutionise.com.au/hockeyballarat/game/2524152,2026-05-17 01:00:54
Womens,Round 5,Sun 31 May 2026,10:30,Prince of Wales Park,SOBHC Ducks Women,EGC EGC Gold,,,,,EGC EGC Gold,Sophie R.,63,,False,,,,,https://www.revolutionise.com.au/hockeyballarat/game/2524152,2026-05-17 01:00:54
Womens,Round 5,Sun 31 May 2026,10:30,Prince of Wales Park,SOBHC Ducks Women,EGC EGC Gold,,,,,EGC EGC Gold,Susan W.,24,,False,,,,,https://www.revolutionise.com.au/hockeyballarat/game/2524152,2026-05-17 01:00:54
Womens,Round 5,Sun 31 May 2026,10:30,Prince of Wales Park,SOBHC Ducks Women,EGC EGC Gold,,,,,EGC EGC Gold,Vera S.,44,,False,,,,,https://www.revolutionise.com.au/hockeyballarat/game/2524152,2026-05-17 01:00:54
Womens,Round 5,Sun 31 May 2026,12:15,Prince of Wales Park,Blaze Women Blaze Black,EGC EGC Blue,,,,,Blaze Women Blaze Black,Alicia C.,10,,False,,,,,https://www.revolutionise.com.au/hockeyballarat/game/2524153,2026-05-17 01:00:56
Womens,Round 5,Sun 31 May 2026,12:15,Prince of Wales Park,Blaze Women Blaze Black,EGC EGC Blue,,,,,Blaze Women Blaze Black,Arlen E.,82,,False,,,,,https://www.revolutionise.com.au/hockeyballarat/game/2524153,2026-05-17 01:00:56
Womens,Round 5,Sun 31 May 2026,12:15,Prince of Wales Park,Blaze Women Blaze Black,EGC EGC Blue,,,,,Blaze Women Blaze Black,Chloe N.,83,,False,,,,,https://www.revolutionise.com.au/hockeyballarat/game/2524153,2026-05-17 01:00:56
Womens,Round 5,Sun 31 May 2026,12:15,Prince of Wales Park,Blaze Women Blaze Black,EGC EGC Blue,,,,,Blaze Women Blaze Black,Claire H.,11,,False,,,,,https://www.revolutionise.com.au/hockeyballarat/game/2524153,2026-05-17 01:00:56
Womens,Round 5,Sun 31 May 2026,12:15,Prince of Wales Park,Blaze Women Blaze Black,EGC EGC Blue,,,,,Blaze Women Blaze Black,Cora T.,84,,False,,,,,https://www.revolutionise.com.au/hockeyballarat/game/2524153,2026-05-17 01:00:56
Womens,Round 5,Sun 31 May 2026,12:15,Prince of Wales Park,Blaze Women Blaze Black,EGC EGC Blue,,,,,Blaze Women Blaze Black,Cristin R.,3,,False,,,,,https://www.revolutionise.com.au/hockeyballarat/game/2524153,2026-05-17 01:00:56
Womens,Round 5,Sun 31 May 2026,12:15,Prince of Wales Park,Blaze Women Blaze Black,EGC EGC Blue,,,,,Blaze Women Blaze Black,Kizanne D.,,,False,,,,,https://www.revolutionise.com.au/hockeyballarat/game/2524153,2026-05-17 01:00:56
Womens,Round 5,Sun 31 May 2026,12:15,Prince of Wales Park,Blaze Women Blaze Black,EGC EGC Blue,,,,,Blaze Women Blaze Black,Kym N.,6,,False,,,,,https://www.revolutionise.com.au/hockeyballarat/game/2524153,2026-05-17 01:00:56
Womens,Round 5,Sun 31 May 2026,12:15,Prince of Wales Park,Blaze Women Blaze Black,EGC EGC Blue,,,,,Blaze Women Blaze Black,Leanne M.,8,,False,,,,,https://www.revolutionise.com.au/hockeyballarat/game/2524153,2026-05-17 01:00:56
Womens,Round 5,Sun 31 May 2026,12:15,Prince of Wales Park,Blaze Women Blaze Black,EGC EGC Blue,,,,,Blaze Women Blaze Black,Lola W.,5,,False,,,,,https://www.revolutionise.com.au/hockeyballarat/game/2524153,2026-05-17 01:00:56
Womens,Round 5,Sun 31 May 2026,12:15,Prince of Wales Park,Blaze Women Blaze Black,EGC EGC Blue,,,,,Blaze Women Blaze Black,Natasha O.,1,Goalkeeper,False,,,,,https://www.revolutionise.com.au/hockeyballarat/game/2524153,2026-05-17 01:00:56
Womens,Round 5,Sun 31 May 2026,12:15,Prince of Wales Park,Blaze Women Blaze Black,EGC EGC Blue,,,,,Blaze Women Blaze Black,Samantha D.,2,,False,,,,,https://www.revolutionise.com.au/hockeyballarat/game/2524153,2026-05-17 01:00:56
Womens,Round 5,Sun 31 May 2026,12:15,Prince of Wales Park,Blaze Women Blaze Black,EGC EGC Blue,,,,,Blaze Women Blaze Black,Tayla M.,4,,False,,,,,https://www.revolutionise.com.au/hockeyballarat/game/2524153,2026-05-17 01:00:56
Womens,Round 5,Sun 31 May 2026,12:15,Prince of Wales Park,Blaze Women Blaze Black,EGC EGC Blue,,,,,Blaze Women Blaze Black,Zoe M.,12,,False,,,,,https://www.revolutionise.com.au/hockeyballarat/game/2524153,2026-05-17 01:00:56
Womens,Round 5,Sun 31 May 2026,12:15,Prince of Wales Park,Blaze Women Blaze Black,EGC EGC Blue,,,,,EGC EGC Blue,Charli B.,,Goalkeeper,False,,,,,https://www.revolutionise.com.au/hockeyballarat/game/2524153,2026-05-17 01:00:56
Womens,Round 5,Sun 31 May 2026,12:15,Prince of Wales Park,Blaze Women Blaze Black,EGC EGC Blue,,,,,EGC EGC Blue,Clare D.,52,,False,,,,,https://www.revolutionise.com.au/hockeyballarat/game/2524153,2026-05-17 01:00:56
Womens,Round 5,Sun 31 May 2026,12:15,Prince of Wales Park,Blaze Women Blaze Black,EGC EGC Blue,,,,,EGC EGC Blue,Ebonie S.,50,,False,,,,,https://www.revolutionise.com.au/hockeyballarat/game/2524153,2026-05-17 01:00:56
Womens,Round 5,Sun 31 May 2026,12:15,Prince of Wales Park,Blaze Women Blaze Black,EGC EGC Blue,,,,,EGC EGC Blue,Jasmine M.,26,,False,,,,,https://www.revolutionise.com.au/hockeyballarat/game/2524153,2026-05-17 01:00:56
Womens,Round 5,Sun 31 May 2026,12:15,Prince of Wales Park,Blaze Women Blaze Black,EGC EGC Blue,,,,,EGC EGC Blue,Judith Y.,3,,False,,,,,https://www.revolutionise.com.au/hockeyballarat/game/2524153,2026-05-17 01:00:56
Womens,Round 5,Sun 31 May 2026,12:15,Prince of Wales Park,Blaze Women Blaze Black,EGC EGC Blue,,,,,EGC EGC Blue,Kahlua S.,30,,False,,,,,https://www.revolutionise.com.au/hockeyballarat/game/2524153,2026-05-17 01:00:56
Womens,Round 5,Sun 31 May 2026,12:15,Prince of Wales Park,Blaze Women Blaze Black,EGC EGC Blue,,,,,EGC EGC Blue,Kay D.,49,,False,,,,,https://www.revolutionise.com.au/hockeyballarat/game/2524153,2026-05-17 01:00:56
Womens,Round 5,Sun 31 May 2026,12:15,Prince of Wales Park,Blaze Women Blaze Black,EGC EGC Blue,,,,,EGC EGC Blue,Lauren M.,21,,False,,,,,https://www.revolutionise.com.au/hockeyballarat/game/2524153,2026-05-17 01:00:56
Womens,Round 5,Sun 31 May 2026,12:15,Prince of Wales Park,Blaze Women Blaze Black,EGC EGC Blue,,,,,EGC EGC Blue,Mia B.,35,,False,,,,,https://www.revolutionise.com.au/hockeyballarat/game/2524153,2026-05-17 01:00:56
Womens,Round 5,Sun 31 May 2026,12:15,Prince of Wales Park,Blaze Women Blaze Black,EGC EGC Blue,,,,,EGC EGC Blue,Quinn B.,46,,False,,,,,https://www.revolutionise.com.au/hockeyballarat/game/2524153,2026-05-17 01:00:56
Womens,Round 5,Sun 31 May 2026,12:15,Prince of Wales Park,Blaze Women Blaze Black,EGC EGC Blue,,,,,EGC EGC Blue,Susan M.,92,,False,,,,,https://www.revolutionise.com.au/hockeyballarat/game/2524153,2026-05-17 01:00:56
Womens,Round 5,Sun 31 May 2026,13:45,Prince of Wales Park,Lucas HC Women,Blaze Women Blaze Orange,,,,,Lucas HC Women,Angela W.,54,,False,,,,,https://www.revolutionise.com.au/hockeyballarat/game/2524154,2026-05-17 01:00:57
Womens,Round 5,Sun 31 May 2026,13:45,Prince of Wales Park,Lucas HC Women,Blaze Women Blaze Orange,,,,,Lucas HC Women,Annabelle H.,111,,False,,,,,https://www.revolutionise.com.au/hockeyballarat/game/2524154,2026-05-17 01:00:57
Womens,Round 5,Sun 31 May 2026,13:45,Prince of Wales Park,Lucas HC Women,Blaze Women Blaze Orange,,,,,Lucas HC Women,Belinda H.,109,,False,,,,,https://www.revolutionise.com.au/hockeyballarat/game/2524154,2026-05-17 01:00:57
Womens,Round 5,Sun 31 May 2026,13:45,Prince of Wales Park,Lucas HC Women,Blaze Women Blaze Orange,,,,,Lucas HC Women,Bella J.,113,,False,,,,,https://www.revolutionise.com.au/hockeyballarat/game/2524154,2026-05-17 01:00:57
Womens,Round 5,Sun 31 May 2026,13:45,Prince of Wales Park,Lucas HC Women,Blaze Women Blaze Orange,,,,,Lucas HC Women,Bonnie A.,107,,False,,,,,https://www.revolutionise.com.au/hockeyballarat/game/2524154,2026-05-17 01:00:57
Womens,Round 5,Sun 31 May 2026,13:45,Prince of Wales Park,Lucas HC Women,Blaze Women Blaze Orange,,,,,Lucas HC Women,Emily W.,57,,False,,,,,https://www.revolutionise.com.au/hockeyballarat/game/2524154,2026-05-17 01:00:57
Womens,Round 5,Sun 31 May 2026,13:45,Prince of Wales Park,Lucas HC Women,Blaze Women Blaze Orange,,,,,Lucas HC Women,Isabelle H.,103,,False,,,,,https://www.revolutionise.com.au/hockeyballarat/game/2524154,2026-05-17 01:00:57
Womens,Round 5,Sun 31 May 2026,13:45,Prince of Wales Park,Lucas HC Women,Blaze Women Blaze Orange,,,,,Lucas HC Women,Joanne S.,60,,False,,,,,https://www.revolutionise.com.au/hockeyballarat/game/2524154,2026-05-17 01:00:57
Womens,Round 5,Sun 31 May 2026,13:45,Prince of Wales Park,Lucas HC Women,Blaze Women Blaze Orange,,,,,Lucas HC Women,Kerryn P.,110,,False,,,,,https://www.revolutionise.com.au/hockeyballarat/game/2524154,2026-05-17 01:00:57
Womens,Round 5,Sun 31 May 2026,13:45,Prince of Wales Park,Lucas HC Women,Blaze Women Blaze Orange,,,,,Lucas HC Women,Klyti G.,102,,False,,,,,https://www.revolutionise.com.au/hockeyballarat/game/2524154,2026-05-17 01:00:57
Womens,Round 5,Sun 31 May 2026,13:45,Prince of Wales Park,Lucas HC Women,Blaze Women Blaze Orange,,,,,Lucas HC Women,Maleah V.,105,,False,,,,,https://www.revolutionise.com.au/hockeyballarat/game/2524154,2026-05-17 01:00:57
Womens,Round 5,Sun 31 May 2026,13:45,Prince of Wales Park,Lucas HC Women,Blaze Women Blaze Orange,,,,,Lucas HC Women,Mietta G.,101,,False,,,,,https://www.revolutionise.com.au/hockeyballarat/game/2524154,2026-05-17 01:00:57
Womens,Round 5,Sun 31 May 2026,13:45,Prince of Wales Park,Lucas HC Women,Blaze Women Blaze Orange,,,,,Lucas HC Women,Nicole S.,112,,False,,,,,https://www.revolutionise.com.au/hockeyballarat/game/2524154,2026-05-17 01:00:57
Womens,Round 5,Sun 31 May 2026,13:45,Prince of Wales Park,Lucas HC Women,Blaze Women Blaze Orange,,,,,Lucas HC Women,Olivia H.,100,,False,,,,,https://www.revolutionise.com.au/hockeyballarat/game/2524154,2026-05-17 01:00:57
Womens,Round 5,Sun 31 May 2026,13:45,Prince of Wales Park,Lucas HC Women,Blaze Women Blaze Orange,,,,,Lucas HC Women,Sebastian P.,106,Goalkeeper,False,,,,,https://www.revolutionise.com.au/hockeyballarat/game/2524154,2026-05-17 01:00:57
Womens,Round 5,Sun 31 May 2026,13:45,Prince of Wales Park,Lucas HC Women,Blaze Women Blaze Orange,,,,,Lucas HC Women,Zara S.,108,,False,,,,,https://www.revolutionise.com.au/hockeyballarat/game/2524154,2026-05-17 01:00:57
Womens,Round 5,Sun 31 May 2026,13:45,Prince of Wales Park,Lucas HC Women,Blaze Women Blaze Orange,,,,,Lucas HC Women,Zoe K.,104,,False,,,,,https://www.revolutionise.com.au/hockeyballarat/game/2524154,2026-05-17 01:00:57
Womens,Round 5,Sun 31 May 2026,13:45,Prince of Wales Park,Lucas HC Women,Blaze Women Blaze Orange,,,,,Blaze Women Blaze Orange,Aliyah K.,2,,False,,,,,https://www.revolutionise.com.au/hockeyballarat/game/2524154,2026-05-17 01:00:57
Womens,Round 5,Sun 31 May 2026,13:45,Prince of Wales Park,Lucas HC Women,Blaze Women Blaze Orange,,,,,Blaze Women Blaze Orange,Cristin R.,14,,False,,,,,https://www.revolutionise.com.au/hockeyballarat/game/2524154,2026-05-17 01:00:57
Womens,Round 5,Sun 31 May 2026,13:45,Prince of Wales Park,Lucas HC Women,Blaze Women Blaze Orange,,,,,Blaze Women Blaze Orange,Danielle L.,12,,False,,,,,https://www.revolutionise.com.au/hockeyballarat/game/2524154,2026-05-17 01:00:57
Womens,Round 5,Sun 31 May 2026,13:45,Prince of Wales Park,Lucas HC Women,Blaze Women Blaze Orange,,,,,Blaze Women Blaze Orange,Dione E.,11,,False,,,,,https://www.revolutionise.com.au/hockeyballarat/game/2524154,2026-05-17 01:00:57
Womens,Round 5,Sun 31 May 2026,13:45,Prince of Wales Park,Lucas HC Women,Blaze Women Blaze Orange,,,,,Blaze Women Blaze Orange,Elizabeth M.,3,,False,,,,,https://www.revolutionise.com.au/hockeyballarat/game/2524154,2026-05-17 01:00:57
Womens,Round 5,Sun 31 May 2026,13:45,Prince of Wales Park,Lucas HC Women,Blaze Women Blaze Orange,,,,,Blaze Women Blaze Orange,Isabelle S.,10,,False,,,,,https://www.revolutionise.com.au/hockeyballarat/game/2524154,2026-05-17 01:00:57
Womens,Round 5,Sun 31 May 2026,13:45,Prince of Wales Park,Lucas HC Women,Blaze Women Blaze Orange,,,,,Blaze Women Blaze Orange,Jennifer F.,1,,False,,,,,https://www.revolutionise.com.au/hockeyballarat/game/2524154,2026-05-17 01:00:57
Womens,Round 5,Sun 31 May 2026,13:45,Prince of Wales Park,Lucas HC Women,Blaze Women Blaze Orange,,,,,Blaze Women Blaze Orange,Katy R.,5,,False,,,,,https://www.revolutionise.com.au/hockeyballarat/game/2524154,2026-05-17 01:00:57
Womens,Round 5,Sun 31 May 2026,13:45,Prince of Wales Park,Lucas HC Women,Blaze Women Blaze Orange,,,,,Blaze Women Blaze Orange,Leona L.,7,,False,,,,,https://www.revolutionise.com.au/hockeyballarat/game/2524154,2026-05-17 01:00:57
Womens,Round 5,Sun 31 May 2026,13:45,Prince of Wales Park,Lucas HC Women,Blaze Women Blaze Orange,,,,,Blaze Women Blaze Orange,Mary B.,6,,False,,,,,https://www.revolutionise.com.au/hockeyballarat/game/2524154,2026-05-17 01:00:57
Womens,Round 5,Sun 31 May 2026,13:45,Prince of Wales Park,Lucas HC Women,Blaze Women Blaze Orange,,,,,Blaze Women Blaze Orange,Meg M.,4,,False,,,,,https://www.revolutionise.com.au/hockeyballarat/game/2524154,2026-05-17 01:00:57
Womens,Round 5,Sun 31 May 2026,13:45,Prince of Wales Park,Lucas HC Women,Blaze Women Blaze Orange,,,,,Blaze Women Blaze Orange,Natasha L.,9,,False,,,,,https://www.revolutionise.com.au/hockeyballarat/game/2524154,2026-05-17 01:00:57
Womens,Round 5,Sun 31 May 2026,13:45,Prince of Wales Park,Lucas HC Women,Blaze Women Blaze Orange,,,,,Blaze Women Blaze Orange,Natasha O.,,,False,,,,,https://www.revolutionise.com.au/hockeyballarat/game/2524154,2026-05-17 01:00:57
Womens,Round 5,Sun 31 May 2026,13:45,Prince of Wales Park,Lucas HC Women,Blaze Women Blaze Orange,,,,,Blaze Women Blaze Orange,Samara D.,8,,False,,,,,https://www.revolutionise.com.au/hockeyballarat/game/2524154,2026-05-17 01:00:57
Division 2 Men,Round 1,Sun 26 Apr 2026,13:45,Prince of Wales Park,Blaze Blaze Div 2 Men,Lucas HC Div 2 Men,0,4,Daniel Ryan,Mitchell Ryan,Blaze Blaze Div 2 Men,Adam H.,11,,True,,,,,https://www.revolutionise.com.au/hockeyballarat/game/2524176,2026-05-17 01:01:02
Division 2 Men,Round 1,Sun 26 Apr 2026,13:45,Prince of Wales Park,Blaze Blaze Div 2 Men,Lucas HC Div 2 Men,0,4,Daniel Ryan,Mitchell Ryan,Blaze Blaze Div 2 Men,Alicia C.,21,,True,,,,,https://www.revolutionise.com.au/hockeyballarat/game/2524176,2026-05-17 01:01:02
Division 2 Men,Round 1,Sun 26 Apr 2026,13:45,Prince of Wales Park,Blaze Blaze Div 2 Men,Lucas HC Div 2 Men,0,4,Daniel Ryan,Mitchell Ryan,Blaze Blaze Div 2 Men,Bailey P.,13,,True,,,,,https://www.revolutionise.com.au/hockeyballarat/game/2524176,2026-05-17 01:01:02
Division 2 Men,Round 1,Sun 26 Apr 2026,13:45,Prince of Wales Park,Blaze Blaze Div 2 Men,Lucas HC Div 2 Men,0,4,Daniel Ryan,Mitchell Ryan,Blaze Blaze Div 2 Men,Calvin D.,117,,True,,,,,https://www.revolutionise.com.au/hockeyballarat/game/2524176,2026-05-17 01:01:02
Division 2 Men,Round 1,Sun 26 Apr 2026,13:45,Prince of Wales Park,Blaze Blaze Div 2 Men,Lucas HC Div 2 Men,0,4,Daniel Ryan,Mitchell Ryan,Blaze Blaze Div 2 Men,Harry S.,115,,True,,,,,https://www.revolutionise.com.au/hockeyballarat/game/2524176,2026-05-17 01:01:02
Division 2 Men,Round 1,Sun 26 Apr 2026,13:45,Prince of Wales Park,Blaze Blaze Div 2 Men,Lucas HC Div 2 Men,0,4,Daniel Ryan,Mitchell Ryan,Blaze Blaze Div 2 Men,Isabelle S.,4,,True,,,,,https://www.revolutionise.com.au/hockeyballarat/game/2524176,2026-05-17 01:01:02
Division 2 Men,Round 1,Sun 26 Apr 2026,13:45,Prince of Wales Park,Blaze Blaze Div 2 Men,Lucas HC Div 2 Men,0,4,Daniel Ryan,Mitchell Ryan,Blaze Blaze Div 2 Men,Jayden I.,113,,True,,,,,https://www.revolutionise.com.au/hockeyballarat/game/2524176,2026-05-17 01:01:02
Division 2 Men,Round 1,Sun 26 Apr 2026,13:45,Prince of Wales Park,Blaze Blaze Div 2 Men,Lucas HC Div 2 Men,0,4,Daniel Ryan,Mitchell Ryan,Blaze Blaze Div 2 Men,KARL C.,114,,True,,,,,https://www.revolutionise.com.au/hockeyballarat/game/2524176,2026-05-17 01:01:02
Division 2 Men,Round 1,Sun 26 Apr 2026,13:45,Prince of Wales Park,Blaze Blaze Div 2 Men,Lucas HC Div 2 Men,0,4,Daniel Ryan,Mitchell Ryan,Blaze Blaze Div 2 Men,Lola W.,118,,False,,,,,https://www.revolutionise.com.au/hockeyballarat/game/2524176,2026-05-17 01:01:02
Division 2 Men,Round 1,Sun 26 Apr 2026,13:45,Prince of Wales Park,Blaze Blaze Div 2 Men,Lucas HC Div 2 Men,0,4,Daniel Ryan,Mitchell Ryan,Blaze Blaze Div 2 Men,Mark S.,36,,False,,,,,https://www.revolutionise.com.au/hockeyballarat/game/2524176,2026-05-17 01:01:02
Division 2 Men,Round 1,Sun 26 Apr 2026,13:45,Prince of Wales Park,Blaze Blaze Div 2 Men,Lucas HC Div 2 Men,0,4,Daniel Ryan,Mitchell Ryan,Blaze Blaze Div 2 Men,Mark T.,39,,True,,,,,https://www.revolutionise.com.au/hockeyballarat/game/2524176,2026-05-17 01:01:02
Division 2 Men,Round 1,Sun 26 Apr 2026,13:45,Prince of Wales Park,Blaze Blaze Div 2 Men,Lucas HC Div 2 Men,0,4,Daniel Ryan,Mitchell Ryan,Blaze Blaze Div 2 Men,Michael S.,7,,True,,1,,,https://www.revolutionise.com.au/hockeyballarat/game/2524176,2026-05-17 01:01:02
Division 2 Men,Round 1,Sun 26 Apr 2026,13:45,Prince of Wales Park,Blaze Blaze Div 2 Men,Lucas HC Div 2 Men,0,4,Daniel Ryan,Mitchell Ryan,Blaze Blaze Div 2 Men,Mitchell S.,1,,True,,,,,https://www.revolutionise.com.au/hockeyballarat/game/2524176,2026-05-17 01:01:02
Division 2 Men,Round 1,Sun 26 Apr 2026,13:45,Prince of Wales Park,Blaze Blaze Div 2 Men,Lucas HC Div 2 Men,0,4,Daniel Ryan,Mitchell Ryan,Blaze Blaze Div 2 Men,Nicholas R.,,Goalkeeper,True,,,,,https://www.revolutionise.com.au/hockeyballarat/game/2524176,2026-05-17 01:01:02
Division 2 Men,Round 1,Sun 26 Apr 2026,13:45,Prince of Wales Park,Blaze Blaze Div 2 Men,Lucas HC Div 2 Men,0,4,Daniel Ryan,Mitchell Ryan,Blaze Blaze Div 2 Men,Nick T.,111,,True,,,,,https://www.revolutionise.com.au/hockeyballarat/game/2524176,2026-05-17 01:01:02
Division 2 Men,Round 1,Sun 26 Apr 2026,13:45,Prince of Wales Park,Blaze Blaze Div 2 Men,Lucas HC Div 2 Men,0,4,Daniel Ryan,Mitchell Ryan,Blaze Blaze Div 2 Men,Quinn M.,60,,True,,,,,https://www.revolutionise.com.au/hockeyballarat/game/2524176,2026-05-17 01:01:02
Division 2 Men,Round 1,Sun 26 Apr 2026,13:45,Prince of Wales Park,Blaze Blaze Div 2 Men,Lucas HC Div 2 Men,0,4,Daniel Ryan,Mitchell Ryan,Blaze Blaze Div 2 Men,Richard P.,10,,True,,,,,https://www.revolutionise.com.au/hockeyballarat/game/2524176,2026-05-17 01:01:02
Division 2 Men,Round 1,Sun 26 Apr 2026,13:45,Prince of Wales Park,Blaze Blaze Div 2 Men,Lucas HC Div 2 Men,0,4,Daniel Ryan,Mitchell Ryan,Blaze Blaze Div 2 Men,Scott B.,112,,True,,,,,https://www.revolutionise.com.au/hockeyballarat/game/2524176,2026-05-17 01:01:02
Division 2 Men,Round 1,Sun 26 Apr 2026,13:45,Prince of Wales Park,Blaze Blaze Div 2 Men,Lucas HC Div 2 Men,0,4,Daniel Ryan,Mitchell Ryan,Lucas HC Div 2 Men,Andy M.,102,,True,1,,,,https://www.revolutionise.com.au/hockeyballarat/game/2524176,2026-05-17 01:01:02
Division 2 Men,Round 1,Sun 26 Apr 2026,13:45,Prince of Wales Park,Blaze Blaze Div 2 Men,Lucas HC Div 2 Men,0,4,Daniel Ryan,Mitchell Ryan,Lucas HC Div 2 Men,Caleb H.,12,,True,1,,,,https://www.revolutionise.com.au/hockeyballarat/game/2524176,2026-05-17 01:01:02
Division 2 Men,Round 1,Sun 26 Apr 2026,13:45,Prince of Wales Park,Blaze Blaze Div 2 Men,Lucas HC Div 2 Men,0,4,Daniel Ryan,Mitchell Ryan,Lucas HC Div 2 Men,Damon S.,35,,True,,,,,https://www.revolutionise.com.au/hockeyballarat/game/2524176,2026-05-17 01:01:02
Division 2 Men,Round 1,Sun 26 Apr 2026,13:45,Prince of Wales Park,Blaze Blaze Div 2 Men,Lucas HC Div 2 Men,0,4,Daniel Ryan,Mitchell Ryan,Lucas HC Div 2 Men,Gabe P.,19,,True,,,1,,https://www.revolutionise.com.au/hockeyballarat/game/2524176,2026-05-17 01:01:02
Division 2 Men,Round 1,Sun 26 Apr 2026,13:45,Prince of Wales Park,Blaze Blaze Div 2 Men,Lucas HC Div 2 Men,0,4,Daniel Ryan,Mitchell Ryan,Lucas HC Div 2 Men,Glyn K.,13,,False,,,,,https://www.revolutionise.com.au/hockeyballarat/game/2524176,2026-05-17 01:01:02
Division 2 Men,Round 1,Sun 26 Apr 2026,13:45,Prince of Wales Park,Blaze Blaze Div 2 Men,Lucas HC Div 2 Men,0,4,Daniel Ryan,Mitchell Ryan,Lucas HC Div 2 Men,Harley S.,25,,True,1,,,,https://www.revolutionise.com.au/hockeyballarat/game/2524176,2026-05-17 01:01:02
Division 2 Men,Round 1,Sun 26 Apr 2026,13:45,Prince of Wales Park,Blaze Blaze Div 2 Men,Lucas HC Div 2 Men,0,4,Daniel Ryan,Mitchell Ryan,Lucas HC Div 2 Men,Hayden S.,26,,False,,,,,https://www.revolutionise.com.au/hockeyballarat/game/2524176,2026-05-17 01:01:02
Division 2 Men,Round 1,Sun 26 Apr 2026,13:45,Prince of Wales Park,Blaze Blaze Div 2 Men,Lucas HC Div 2 Men,0,4,Daniel Ryan,Mitchell Ryan,Lucas HC Div 2 Men,Henry B.,17,,True,1,,,,https://www.revolutionise.com.au/hockeyballarat/game/2524176,2026-05-17 01:01:02
Division 2 Men,Round 1,Sun 26 Apr 2026,13:45,Prince of Wales Park,Blaze Blaze Div 2 Men,Lucas HC Div 2 Men,0,4,Daniel Ryan,Mitchell Ryan,Lucas HC Div 2 Men,Isabelle H.,100,,True,,,,,https://www.revolutionise.com.au/hockeyballarat/game/2524176,2026-05-17 01:01:02
Division 2 Men,Round 1,Sun 26 Apr 2026,13:45,Prince of Wales Park,Blaze Blaze Div 2 Men,Lucas HC Div 2 Men,0,4,Daniel Ryan,Mitchell Ryan,Lucas HC Div 2 Men,Jake R.,23,,False,,,,,https://www.revolutionise.com.au/hockeyballarat/game/2524176,2026-05-17 01:01:02
Division 2 Men,Round 1,Sun 26 Apr 2026,13:45,Prince of Wales Park,Blaze Blaze Div 2 Men,Lucas HC Div 2 Men,0,4,Daniel Ryan,Mitchell Ryan,Lucas HC Div 2 Men,Jason H.,16,,True,,,,,https://www.revolutionise.com.au/hockeyballarat/game/2524176,2026-05-17 01:01:02
Division 2 Men,Round 1,Sun 26 Apr 2026,13:45,Prince of Wales Park,Blaze Blaze Div 2 Men,Lucas HC Div 2 Men,0,4,Daniel Ryan,Mitchell Ryan,Lucas HC Div 2 Men,Joanne S.,70,,False,,,,,https://www.revolutionise.com.au/hockeyballarat/game/2524176,2026-05-17 01:01:02
Division 2 Men,Round 1,Sun 26 Apr 2026,13:45,Prince of Wales Park,Blaze Blaze Div 2 Men,Lucas HC Div 2 Men,0,4,Daniel Ryan,Mitchell Ryan,Lucas HC Div 2 Men,Jordan S.,27,,True,,,,,https://www.revolutionise.com.au/hockeyballarat/game/2524176,2026-05-17 01:01:02
Division 2 Men,Round 1,Sun 26 Apr 2026,13:45,Prince of Wales Park,Blaze Blaze Div 2 Men,Lucas HC Div 2 Men,0,4,Daniel Ryan,Mitchell Ryan,Lucas HC Div 2 Men,Lachlan H.,36,,False,,,,,https://www.revolutionise.com.au/hockeyballarat/game/2524176,2026-05-17 01:01:02
Division 2 Men,Round 1,Sun 26 Apr 2026,13:45,Prince of Wales Park,Blaze Blaze Div 2 Men,Lucas HC Div 2 Men,0,4,Daniel Ryan,Mitchell Ryan,Lucas HC Div 2 Men,Lachlan N.,38,,False,,,,,https://www.revolutionise.com.au/hockeyballarat/game/2524176,2026-05-17 01:01:02
Division 2 Men,Round 1,Sun 26 Apr 2026,13:45,Prince of Wales Park,Blaze Blaze Div 2 Men,Lucas HC Div 2 Men,0,4,Daniel Ryan,Mitchell Ryan,Lucas HC Div 2 Men,Lucas J.,103,,False,,,,,https://www.revolutionise.com.au/hockeyballarat/game/2524176,2026-05-17 01:01:02
Division 2 Men,Round 1,Sun 26 Apr 2026,13:45,Prince of Wales Park,Blaze Blaze Div 2 Men,Lucas HC Div 2 Men,0,4,Daniel Ryan,Mitchell Ryan,Lucas HC Div 2 Men,Luke P.,21,,True,,,,,https://www.revolutionise.com.au/hockeyballarat/game/2524176,2026-05-17 01:01:02
Division 2 Men,Round 1,Sun 26 Apr 2026,13:45,Prince of Wales Park,Blaze Blaze Div 2 Men,Lucas HC Div 2 Men,0,4,Daniel Ryan,Mitchell Ryan,Lucas HC Div 2 Men,Mack H.,8,,False,,,,,https://www.revolutionise.com.au/hockeyballarat/game/2524176,2026-05-17 01:01:02
Division 2 Men,Round 1,Sun 26 Apr 2026,13:45,Prince of Wales Park,Blaze Blaze Div 2 Men,Lucas HC Div 2 Men,0,4,Daniel Ryan,Mitchell Ryan,Lucas HC Div 2 Men,Matthew K.,6,,False,,,,,https://www.revolutionise.com.au/hockeyballarat/game/2524176,2026-05-17 01:01:02
Division 2 Men,Round 1,Sun 26 Apr 2026,13:45,Prince of Wales Park,Blaze Blaze Div 2 Men,Lucas HC Div 2 Men,0,4,Daniel Ryan,Mitchell Ryan,Lucas HC Div 2 Men,Michael C.,3,,False,,,,,https://www.revolutionise.com.au/hockeyballarat/game/2524176,2026-05-17 01:01:02
Division 2 Men,Round 1,Sun 26 Apr 2026,13:45,Prince of Wales Park,Blaze Blaze Div 2 Men,Lucas HC Div 2 Men,0,4,Daniel Ryan,Mitchell Ryan,Lucas HC Div 2 Men,Michael V.,104,,False,,,,,https://www.revolutionise.com.au/hockeyballarat/game/2524176,2026-05-17 01:01:02
Division 2 Men,Round 1,Sun 26 Apr 2026,13:45,Prince of Wales Park,Blaze Blaze Div 2 Men,Lucas HC Div 2 Men,0,4,Daniel Ryan,Mitchell Ryan,Lucas HC Div 2 Men,Morgan E.,4,,False,,,,,https://www.revolutionise.com.au/hockeyballarat/game/2524176,2026-05-17 01:01:02
Division 2 Men,Round 1,Sun 26 Apr 2026,13:45,Prince of Wales Park,Blaze Blaze Div 2 Men,Lucas HC Div 2 Men,0,4,Daniel Ryan,Mitchell Ryan,Lucas HC Div 2 Men,Nathan H.,9,,False,,,,,https://www.revolutionise.com.au/hockeyballarat/game/2524176,2026-05-17 01:01:02
Division 2 Men,Round 1,Sun 26 Apr 2026,13:45,Prince of Wales Park,Blaze Blaze Div 2 Men,Lucas HC Div 2 Men,0,4,Daniel Ryan,Mitchell Ryan,Lucas HC Div 2 Men,Nicholas H.,10,,True,,,,,https://www.revolutionise.com.au/hockeyballarat/game/2524176,2026-05-17 01:01:02
Division 2 Men,Round 1,Sun 26 Apr 2026,13:45,Prince of Wales Park,Blaze Blaze Div 2 Men,Lucas HC Div 2 Men,0,4,Daniel Ryan,Mitchell Ryan,Lucas HC Div 2 Men,Nicholas J.,15,,False,,,,,https://www.revolutionise.com.au/hockeyballarat/game/2524176,2026-05-17 01:01:02
Division 2 Men,Round 1,Sun 26 Apr 2026,13:45,Prince of Wales Park,Blaze Blaze Div 2 Men,Lucas HC Div 2 Men,0,4,Daniel Ryan,Mitchell Ryan,Lucas HC Div 2 Men,Noah B.,2,,False,,,,,https://www.revolutionise.com.au/hockeyballarat/game/2524176,2026-05-17 01:01:02
Division 2 Men,Round 1,Sun 26 Apr 2026,13:45,Prince of Wales Park,Blaze Blaze Div 2 Men,Lucas HC Div 2 Men,0,4,Daniel Ryan,Mitchell Ryan,Lucas HC Div 2 Men,Olivia H.,11,,False,,,,,https://www.revolutionise.com.au/hockeyballarat/game/2524176,2026-05-17 01:01:02
Division 2 Men,Round 1,Sun 26 Apr 2026,13:45,Prince of Wales Park,Blaze Blaze Div 2 Men,Lucas HC Div 2 Men,0,4,Daniel Ryan,Mitchell Ryan,Lucas HC Div 2 Men,Reuben P.,22,,True,,,,,https://www.revolutionise.com.au/hockeyballarat/game/2524176,2026-05-17 01:01:02
Division 2 Men,Round 1,Sun 26 Apr 2026,13:45,Prince of Wales Park,Blaze Blaze Div 2 Men,Lucas HC Div 2 Men,0,4,Daniel Ryan,Mitchell Ryan,Lucas HC Div 2 Men,Ryan G.,28,,False,,,,,https://www.revolutionise.com.au/hockeyballarat/game/2524176,2026-05-17 01:01:02
Division 2 Men,Round 1,Sun 26 Apr 2026,13:45,Prince of Wales Park,Blaze Blaze Div 2 Men,Lucas HC Div 2 Men,0,4,Daniel Ryan,Mitchell Ryan,Lucas HC Div 2 Men,Scott H.,14,,False,,,,,https://www.revolutionise.com.au/hockeyballarat/game/2524176,2026-05-17 01:01:02
Division 2 Men,Round 1,Sun 26 Apr 2026,13:45,Prince of Wales Park,Blaze Blaze Div 2 Men,Lucas HC Div 2 Men,0,4,Daniel Ryan,Mitchell Ryan,Lucas HC Div 2 Men,William M.,18,,False,,,,,https://www.revolutionise.com.au/hockeyballarat/game/2524176,2026-05-17 01:01:02
Division 2 Men,Round 1,Sun 26 Apr 2026,13:45,Prince of Wales Park,Blaze Blaze Div 2 Men,Lucas HC Div 2 Men,0,4,Daniel Ryan,Mitchell Ryan,Lucas HC Div 2 Men,Zoe K.,101,,False,,,,,https://www.revolutionise.com.au/hockeyballarat/game/2524176,2026-05-17 01:01:02
Division 2 Men,Round 1,Sun 26 Apr 2026,13:45,"John Vernon Field, Ballarat Grammar",EGC EGC Blue,Grampians Hockey Club,0,7,Judith Yates,,EGC EGC Blue,Aarav K.,73,,True,,,,,https://www.revolutionise.com.au/hockeyballarat/game/2524177,2026-05-17 01:01:03
Division 2 Men,Round 1,Sun 26 Apr 2026,13:45,"John Vernon Field, Ballarat Grammar",EGC EGC Blue,Grampians Hockey Club,0,7,Judith Yates,,EGC EGC Blue,Aaron L.,29,,True,,,,,https://www.revolutionise.com.au/hockeyballarat/game/2524177,2026-05-17 01:01:03
Division 2 Men,Round 1,Sun 26 Apr 2026,13:45,"John Vernon Field, Ballarat Grammar",EGC EGC Blue,Grampians Hockey Club,0,7,Judith Yates,,EGC EGC Blue,Ben S.,45,,True,,,,,https://www.revolutionise.com.au/hockeyballarat/game/2524177,2026-05-17 01:01:03
Division 2 Men,Round 1,Sun 26 Apr 2026,13:45,"John Vernon Field, Ballarat Grammar",EGC EGC Blue,Grampians Hockey Club,0,7,Judith Yates,,EGC EGC Blue,Daniel S.,64,,True,,,,,https://www.revolutionise.com.au/hockeyballarat/game/2524177,2026-05-17 01:01:03
Division 2 Men,Round 1,Sun 26 Apr 2026,13:45,"John Vernon Field, Ballarat Grammar",EGC EGC Blue,Grampians Hockey Club,0,7,Judith Yates,,EGC EGC Blue,Fionn Z.,7,,False,,,,,https://www.revolutionise.com.au/hockeyballarat/game/2524177,2026-05-17 01:01:03
Division 2 Men,Round 1,Sun 26 Apr 2026,13:45,"John Vernon Field, Ballarat Grammar",EGC EGC Blue,Grampians Hockey Club,0,7,Judith Yates,,EGC EGC Blue,Jacob L.,1,Goalkeeper,True,,,,,https://www.revolutionise.com.au/hockeyballarat/game/2524177,2026-05-17 01:01:03
Division 2 Men,Round 1,Sun 26 Apr 2026,13:45,"John Vernon Field, Ballarat Grammar",EGC EGC Blue,Grampians Hockey Club,0,7,Judith Yates,,EGC EGC Blue,Leo T.,81,,True,,,,,https://www.revolutionise.com.au/hockeyballarat/game/2524177,2026-05-17 01:01:03
Division 2 Men,Round 1,Sun 26 Apr 2026,13:45,"John Vernon Field, Ballarat Grammar",EGC EGC Blue,Grampians Hockey Club,0,7,Judith Yates,,EGC EGC Blue,Manav K.,93,,True,,,,,https://www.revolutionise.com.au/hockeyballarat/game/2524177,2026-05-17 01:01:03
Division 2 Men,Round 1,Sun 26 Apr 2026,13:45,"John Vernon Field, Ballarat Grammar",EGC EGC Blue,Grampians Hockey Club,0,7,Judith Yates,,EGC EGC Blue,Mitch D.,50,,True,,,,,https://www.revolutionise.com.au/hockeyballarat/game/2524177,2026-05-17 01:01:03
Division 2 Men,Round 1,Sun 26 Apr 2026,13:45,"John Vernon Field, Ballarat Grammar",EGC EGC Blue,Grampians Hockey Club,0,7,Judith Yates,,EGC EGC Blue,Ned S.,14,,True,,,,,https://www.revolutionise.com.au/hockeyballarat/game/2524177,2026-05-17 01:01:03
Division 2 Men,Round 1,Sun 26 Apr 2026,13:45,"John Vernon Field, Ballarat Grammar",EGC EGC Blue,Grampians Hockey Club,0,7,Judith Yates,,EGC EGC Blue,Riley K.,15,,True,,,,,https://www.revolutionise.com.au/hockeyballarat/game/2524177,2026-05-17 01:01:03
Division 2 Men,Round 1,Sun 26 Apr 2026,13:45,"John Vernon Field, Ballarat Grammar",EGC EGC Blue,Grampians Hockey Club,0,7,Judith Yates,,EGC EGC Blue,Russell S.,61,,True,,,,,https://www.revolutionise.com.au/hockeyballarat/game/2524177,2026-05-17 01:01:03
Division 2 Men,Round 1,Sun 26 Apr 2026,13:45,"John Vernon Field, Ballarat Grammar",EGC EGC Blue,Grampians Hockey Club,0,7,Judith Yates,,EGC EGC Blue,Stephen M.,22,,True,,,,,https://www.revolutionise.com.au/hockeyballarat/game/2524177,2026-05-17 01:01:03
Division 2 Men,Round 1,Sun 26 Apr 2026,13:45,"John Vernon Field, Ballarat Grammar",EGC EGC Blue,Grampians Hockey Club,0,7,Judith Yates,,EGC EGC Blue,Matthew R.,,,True,,,,,https://www.revolutionise.com.au/hockeyballarat/game/2524177,2026-05-17 01:01:03
Division 2 Men,Round 1,Sun 26 Apr 2026,13:45,"John Vernon Field, Ballarat Grammar",EGC EGC Blue,Grampians Hockey Club,0,7,Judith Yates,,EGC EGC Blue,Tom M.,,,True,,,,,https://www.revolutionise.com.au/hockeyballarat/game/2524177,2026-05-17 01:01:03
Division 2 Men,Round 1,Sun 26 Apr 2026,13:45,"John Vernon Field, Ballarat Grammar",EGC EGC Blue,Grampians Hockey Club,0,7,Judith Yates,,Grampians Hockey Club,Aaron M.,47,,True,,,,,https://www.revolutionise.com.au/hockeyballarat/game/2524177,2026-05-17 01:01:03
Division 2 Men,Round 1,Sun 26 Apr 2026,13:45,"John Vernon Field, Ballarat Grammar",EGC EGC Blue,Grampians Hockey Club,0,7,Judith Yates,,Grampians Hockey Club,Bonnie A.,10,,True,,,,,https://www.revolutionise.com.au/hockeyballarat/game/2524177,2026-05-17 01:01:03
Division 2 Men,Round 1,Sun 26 Apr 2026,13:45,"John Vernon Field, Ballarat Grammar",EGC EGC Blue,Grampians Hockey Club,0,7,Judith Yates,,Grampians Hockey Club,Chris P.,11,,True,,,,,https://www.revolutionise.com.au/hockeyballarat/game/2524177,2026-05-17 01:01:03
Division 2 Men,Round 1,Sun 26 Apr 2026,13:45,"John Vernon Field, Ballarat Grammar",EGC EGC Blue,Grampians Hockey Club,0,7,Judith Yates,,Grampians Hockey Club,Fraser C.,6,,True,3,,,,https://www.revolutionise.com.au/hockeyballarat/game/2524177,2026-05-17 01:01:03
Division 2 Men,Round 1,Sun 26 Apr 2026,13:45,"John Vernon Field, Ballarat Grammar",EGC EGC Blue,Grampians Hockey Club,0,7,Judith Yates,,Grampians Hockey Club,Garry B.,81,,True,1,,,,https://www.revolutionise.com.au/hockeyballarat/game/2524177,2026-05-17 01:01:03
Division 2 Men,Round 1,Sun 26 Apr 2026,13:45,"John Vernon Field, Ballarat Grammar",EGC EGC Blue,Grampians Hockey Club,0,7,Judith Yates,,Grampians Hockey Club,Glen C.,32,,True,,,,,https://www.revolutionise.com.au/hockeyballarat/game/2524177,2026-05-17 01:01:03
Division 2 Men,Round 1,Sun 26 Apr 2026,13:45,"John Vernon Field, Ballarat Grammar",EGC EGC Blue,Grampians Hockey Club,0,7,Judith Yates,,Grampians Hockey Club,Hugh C.,,,True,1,,,,https://www.revolutionise.com.au/hockeyballarat/game/2524177,2026-05-17 01:01:03
Division 2 Men,Round 1,Sun 26 Apr 2026,13:45,"John Vernon Field, Ballarat Grammar",EGC EGC Blue,Grampians Hockey Club,0,7,Judith Yates,,Grampians Hockey Club,Jason H.,,,True,,1,,,https://www.revolutionise.com.au/hockeyballarat/game/2524177,2026-05-17 01:01:03
Division 2 Men,Round 1,Sun 26 Apr 2026,13:45,"John Vernon Field, Ballarat Grammar",EGC EGC Blue,Grampians Hockey Club,0,7,Judith Yates,,Grampians Hockey Club,Jordan C.,15,,False,,,,,https://www.revolutionise.com.au/hockeyballarat/game/2524177,2026-05-17 01:01:03
Division 2 Men,Round 1,Sun 26 Apr 2026,13:45,"John Vernon Field, Ballarat Grammar",EGC EGC Blue,Grampians Hockey Club,0,7,Judith Yates,,Grampians Hockey Club,Lachlan S.,14,,False,,,,,https://www.revolutionise.com.au/hockeyballarat/game/2524177,2026-05-17 01:01:03
Division 2 Men,Round 1,Sun 26 Apr 2026,13:45,"John Vernon Field, Ballarat Grammar",EGC EGC Blue,Grampians Hockey Club,0,7,Judith Yates,,Grampians Hockey Club,Liam C.,5,,True,,,,,https://www.revolutionise.com.au/hockeyballarat/game/2524177,2026-05-17 01:01:03
Division 2 Men,Round 1,Sun 26 Apr 2026,13:45,"John Vernon Field, Ballarat Grammar",EGC EGC Blue,Grampians Hockey Club,0,7,Judith Yates,,Grampians Hockey Club,Luke R.,,Captain,True,,,,,https://www.revolutionise.com.au/hockeyballarat/game/2524177,2026-05-17 01:01:03
Division 2 Men,Round 1,Sun 26 Apr 2026,13:45,"John Vernon Field, Ballarat Grammar",EGC EGC Blue,Grampians Hockey Club,0,7,Judith Yates,,Grampians Hockey Club,Noah A.,34,,True,,,,,https://www.revolutionise.com.au/hockeyballarat/game/2524177,2026-05-17 01:01:03
Division 2 Men,Round 1,Sun 26 Apr 2026,13:45,"John Vernon Field, Ballarat Grammar",EGC EGC Blue,Grampians Hockey Club,0,7,Judith Yates,,Grampians Hockey Club,Thomas B.,2,,True,1,,,,https://www.revolutionise.com.au/hockeyballarat/game/2524177,2026-05-17 01:01:03
Division 2 Men,Round 1,Sun 26 Apr 2026,13:45,"John Vernon Field, Ballarat Grammar",EGC EGC Blue,Grampians Hockey Club,0,7,Judith Yates,,Grampians Hockey Club,Traiyth L.,27,,True,1,,,,https://www.revolutionise.com.au/hockeyballarat/game/2524177,2026-05-17 01:01:03
Division 2 Men,Round 1,Sun 26 Apr 2026,13:45,"John Vernon Field, Ballarat Grammar",EGC EGC Blue,Grampians Hockey Club,0,7,Judith Yates,,Grampians Hockey Club,Annabelle H.,,,True,,,,,https://www.revolutionise.com.au/hockeyballarat/game/2524177,2026-05-17 01:01:03
Division 2 Men,Round 1,Sun 26 Apr 2026,16:45,Prince of Wales Park,EGC EGC Gold,Bobcats Div 2 Men,3,0,Craig Stevens,,EGC EGC Gold,Alex S.,8,,False,,,,,https://www.revolutionise.com.au/hockeyballarat/game/2524178,2026-05-17 01:01:05
Division 2 Men,Round 1,Sun 26 Apr 2026,16:45,Prince of Wales Park,EGC EGC Gold,Bobcats Div 2 Men,3,0,Craig Stevens,,EGC EGC Gold,Cooper W.,10,,True,,,,,https://www.revolutionise.com.au/hockeyballarat/game/2524178,2026-05-17 01:01:05
Division 2 Men,Round 1,Sun 26 Apr 2026,16:45,Prince of Wales Park,EGC EGC Gold,Bobcats Div 2 Men,3,0,Craig Stevens,,EGC EGC Gold,Jasmine M.,26,,True,,,,,https://www.revolutionise.com.au/hockeyballarat/game/2524178,2026-05-17 01:01:05
Division 2 Men,Round 1,Sun 26 Apr 2026,16:45,Prince of Wales Park,EGC EGC Gold,Bobcats Div 2 Men,3,0,Craig Stevens,,EGC EGC Gold,Jo V.,1,Goalkeeper,True,,,,,https://www.revolutionise.com.au/hockeyballarat/game/2524178,2026-05-17 01:01:05
Division 2 Men,Round 1,Sun 26 Apr 2026,16:45,Prince of Wales Park,EGC EGC Gold,Bobcats Div 2 Men,3,0,Craig Stevens,,EGC EGC Gold,Luke E.,44,,True,,,,,https://www.revolutionise.com.au/hockeyballarat/game/2524178,2026-05-17 01:01:05
Division 2 Men,Round 1,Sun 26 Apr 2026,16:45,Prince of Wales Park,EGC EGC Gold,Bobcats Div 2 Men,3,0,Craig Stevens,,EGC EGC Gold,Matthew R.,41,,True,1,,,,https://www.revolutionise.com.au/hockeyballarat/game/2524178,2026-05-17 01:01:05
Division 2 Men,Round 1,Sun 26 Apr 2026,16:45,Prince of Wales Park,EGC EGC Gold,Bobcats Div 2 Men,3,0,Craig Stevens,,EGC EGC Gold,Patrick B.,67,,True,,,,,https://www.revolutionise.com.au/hockeyballarat/game/2524178,2026-05-17 01:01:05
Division 2 Men,Round 1,Sun 26 Apr 2026,16:45,Prince of Wales Park,EGC EGC Gold,Bobcats Div 2 Men,3,0,Craig Stevens,,EGC EGC Gold,Peter R.,25,,True,,,,,https://www.revolutionise.com.au/hockeyballarat/game/2524178,2026-05-17 01:01:05
Division 2 Men,Round 1,Sun 26 Apr 2026,16:45,Prince of Wales Park,EGC EGC Gold,Bobcats Div 2 Men,3,0,Craig Stevens,,EGC EGC Gold,Riley K.,82,,True,,,,,https://www.revolutionise.com.au/hockeyballarat/game/2524178,2026-05-17 01:01:05
Division 2 Men,Round 1,Sun 26 Apr 2026,16:45,Prince of Wales Park,EGC EGC Gold,Bobcats Div 2 Men,3,0,Craig Stevens,,EGC EGC Gold,Scott M.,40,,True,1,,,,https://www.revolutionise.com.au/hockeyballarat/game/2524178,2026-05-17 01:01:05
Division 2 Men,Round 1,Sun 26 Apr 2026,16:45,Prince of Wales Park,EGC EGC Gold,Bobcats Div 2 Men,3,0,Craig Stevens,,EGC EGC Gold,Thomas P.,37,,True,,,,,https://www.revolutionise.com.au/hockeyballarat/game/2524178,2026-05-17 01:01:05
Division 2 Men,Round 1,Sun 26 Apr 2026,16:45,Prince of Wales Park,EGC EGC Gold,Bobcats Div 2 Men,3,0,Craig Stevens,,EGC EGC Gold,Tom M.,,,False,,,,,https://www.revolutionise.com.au/hockeyballarat/game/2524178,2026-05-17 01:01:05
Division 2 Men,Round 1,Sun 26 Apr 2026,16:45,Prince of Wales Park,EGC EGC Gold,Bobcats Div 2 Men,3,0,Craig Stevens,,EGC EGC Gold,Fionn Z.,,,True,1,,,,https://www.revolutionise.com.au/hockeyballarat/game/2524178,2026-05-17 01:01:05
Division 2 Men,Round 1,Sun 26 Apr 2026,16:45,Prince of Wales Park,EGC EGC Gold,Bobcats Div 2 Men,3,0,Craig Stevens,,EGC EGC Gold,Jacob L.,,,True,,,,,https://www.revolutionise.com.au/hockeyballarat/game/2524178,2026-05-17 01:01:05
Division 2 Men,Round 1,Sun 26 Apr 2026,16:45,Prince of Wales Park,EGC EGC Gold,Bobcats Div 2 Men,3,0,Craig Stevens,,EGC EGC Gold,Jasmine M.,,,True,,,,,https://www.revolutionise.com.au/hockeyballarat/game/2524178,2026-05-17 01:01:05
Division 2 Men,Round 1,Sun 26 Apr 2026,16:45,Prince of Wales Park,EGC EGC Gold,Bobcats Div 2 Men,3,0,Craig Stevens,,EGC EGC Gold,Toby H.,,,True,,,,,https://www.revolutionise.com.au/hockeyballarat/game/2524178,2026-05-17 01:01:05
Division 2 Men,Round 1,Sun 26 Apr 2026,16:45,Prince of Wales Park,EGC EGC Gold,Bobcats Div 2 Men,3,0,Craig Stevens,,EGC EGC Gold,Will R.,,,True,,,,,https://www.revolutionise.com.au/hockeyballarat/game/2524178,2026-05-17 01:01:05
Division 2 Men,Round 1,Sun 26 Apr 2026,16:45,Prince of Wales Park,EGC EGC Gold,Bobcats Div 2 Men,3,0,Craig Stevens,,Bobcats Div 2 Men,David T.,2,,True,,,,,https://www.revolutionise.com.au/hockeyballarat/game/2524178,2026-05-17 01:01:05
Division 2 Men,Round 1,Sun 26 Apr 2026,16:45,Prince of Wales Park,EGC EGC Gold,Bobcats Div 2 Men,3,0,Craig Stevens,,Bobcats Div 2 Men,Eathan D.,10,,True,,,,,https://www.revolutionise.com.au/hockeyballarat/game/2524178,2026-05-17 01:01:05
Division 2 Men,Round 1,Sun 26 Apr 2026,16:45,Prince of Wales Park,EGC EGC Gold,Bobcats Div 2 Men,3,0,Craig Stevens,,Bobcats Div 2 Men,James T.,1,Captain,True,,,,,https://www.revolutionise.com.au/hockeyballarat/game/2524178,2026-05-17 01:01:05
Division 2 Men,Round 1,Sun 26 Apr 2026,16:45,Prince of Wales Park,EGC EGC Gold,Bobcats Div 2 Men,3,0,Craig Stevens,,Bobcats Div 2 Men,Jarrod K.,11,,True,,,,,https://www.revolutionise.com.au/hockeyballarat/game/2524178,2026-05-17 01:01:05
Division 2 Men,Round 1,Sun 26 Apr 2026,16:45,Prince of Wales Park,EGC EGC Gold,Bobcats Div 2 Men,3,0,Craig Stevens,,Bobcats Div 2 Men,Lucas B.,9,,True,,,,,https://www.revolutionise.com.au/hockeyballarat/game/2524178,2026-05-17 01:01:05
Division 2 Men,Round 1,Sun 26 Apr 2026,16:45,Prince of Wales Park,EGC EGC Gold,Bobcats Div 2 Men,3,0,Craig Stevens,,Bobcats Div 2 Men,Max F.,,,False,,,,,https://www.revolutionise.com.au/hockeyballarat/game/2524178,2026-05-17 01:01:05
Division 2 Men,Round 1,Sun 26 Apr 2026,16:45,Prince of Wales Park,EGC EGC Gold,Bobcats Div 2 Men,3,0,Craig Stevens,,Bobcats Div 2 Men,Mitchell R.,5,,True,,,,,https://www.revolutionise.com.au/hockeyballarat/game/2524178,2026-05-17 01:01:05
Division 2 Men,Round 1,Sun 26 Apr 2026,16:45,Prince of Wales Park,EGC EGC Gold,Bobcats Div 2 Men,3,0,Craig Stevens,,Bobcats Div 2 Men,Nicholas J.,16,Goalkeeper,True,,,,,https://www.revolutionise.com.au/hockeyballarat/game/2524178,2026-05-17 01:01:05
Division 2 Men,Round 1,Sun 26 Apr 2026,16:45,Prince of Wales Park,EGC EGC Gold,Bobcats Div 2 Men,3,0,Craig Stevens,,Bobcats Div 2 Men,Nigel D.,8,,True,,,,,https://www.revolutionise.com.au/hockeyballarat/game/2524178,2026-05-17 01:01:05
Division 2 Men,Round 1,Sun 26 Apr 2026,16:45,Prince of Wales Park,EGC EGC Gold,Bobcats Div 2 Men,3,0,Craig Stevens,,Bobcats Div 2 Men,Reg B.,4,,True,,,,,https://www.revolutionise.com.au/hockeyballarat/game/2524178,2026-05-17 01:01:05
Division 2 Men,Round 1,Sun 26 Apr 2026,16:45,Prince of Wales Park,EGC EGC Gold,Bobcats Div 2 Men,3,0,Craig Stevens,,Bobcats Div 2 Men,Richard G.,7,,True,,,,,https://www.revolutionise.com.au/hockeyballarat/game/2524178,2026-05-17 01:01:05
Division 2 Men,Round 1,Sun 26 Apr 2026,16:45,Prince of Wales Park,EGC EGC Gold,Bobcats Div 2 Men,3,0,Craig Stevens,,Bobcats Div 2 Men,Stephen B.,14,,True,,,,,https://www.revolutionise.com.au/hockeyballarat/game/2524178,2026-05-17 01:01:05
Division 2 Men,Round 1,Sun 26 Apr 2026,16:45,Prince of Wales Park,EGC EGC Gold,Bobcats Div 2 Men,3,0,Craig Stevens,,Bobcats Div 2 Men,Timothy D.,12,,True,,,,,https://www.revolutionise.com.au/hockeyballarat/game/2524178,2026-05-17 01:01:05
Division 2 Men,Round 1,Sun 26 Apr 2026,16:45,Prince of Wales Park,EGC EGC Gold,Bobcats Div 2 Men,3,0,Craig Stevens,,Bobcats Div 2 Men,Timothy O.,13,,True,,,,,https://www.revolutionise.com.au/hockeyballarat/game/2524178,2026-05-17 01:01:05
Division 2 Men,Round 1,Sun 26 Apr 2026,16:45,Prince of Wales Park,EGC EGC Gold,Bobcats Div 2 Men,3,0,Craig Stevens,,Bobcats Div 2 Men,Tom F.,3,,True,,,,,https://www.revolutionise.com.au/hockeyballarat/game/2524178,2026-05-17 01:01:05
Division 2 Men,Round 1,Sun 26 Apr 2026,16:45,Prince of Wales Park,EGC EGC Gold,Bobcats Div 2 Men,3,0,Craig Stevens,,Bobcats Div 2 Men,Tom S.,15,,True,,,,,https://www.revolutionise.com.au/hockeyballarat/game/2524178,2026-05-17 01:01:05
Division 2 Men,Round 2,Sun 03 May 2026,12:15,Prince of Wales Park,EGC EGC Gold,EGC EGC Blue,2,1,Ben Sturmfels,Mitchell Ryan,EGC EGC Gold,Alex S.,8,,True,,,,,https://www.revolutionise.com.au/hockeyballarat/game/2524179,2026-05-17 01:01:08
Division 2 Men,Round 2,Sun 03 May 2026,12:15,Prince of Wales Park,EGC EGC Gold,EGC EGC Blue,2,1,Ben Sturmfels,Mitchell Ryan,EGC EGC Gold,Cooper W.,10,,True,,,,,https://www.revolutionise.com.au/hockeyballarat/game/2524179,2026-05-17 01:01:08
Division 2 Men,Round 2,Sun 03 May 2026,12:15,Prince of Wales Park,EGC EGC Gold,EGC EGC Blue,2,1,Ben Sturmfels,Mitchell Ryan,EGC EGC Gold,Jasmine M.,26,,False,,,,,https://www.revolutionise.com.au/hockeyballarat/game/2524179,2026-05-17 01:01:08
Division 2 Men,Round 2,Sun 03 May 2026,12:15,Prince of Wales Park,EGC EGC Gold,EGC EGC Blue,2,1,Ben Sturmfels,Mitchell Ryan,EGC EGC Gold,Jo V.,1,Goalkeeper,True,,,,,https://www.revolutionise.com.au/hockeyballarat/game/2524179,2026-05-17 01:01:08
Division 2 Men,Round 2,Sun 03 May 2026,12:15,Prince of Wales Park,EGC EGC Gold,EGC EGC Blue,2,1,Ben Sturmfels,Mitchell Ryan,EGC EGC Gold,Luke E.,44,,True,,,,,https://www.revolutionise.com.au/hockeyballarat/game/2524179,2026-05-17 01:01:08
Division 2 Men,Round 2,Sun 03 May 2026,12:15,Prince of Wales Park,EGC EGC Gold,EGC EGC Blue,2,1,Ben Sturmfels,Mitchell Ryan,EGC EGC Gold,Matthew R.,41,,True,,,,,https://www.revolutionise.com.au/hockeyballarat/game/2524179,2026-05-17 01:01:08
Division 2 Men,Round 2,Sun 03 May 2026,12:15,Prince of Wales Park,EGC EGC Gold,EGC EGC Blue,2,1,Ben Sturmfels,Mitchell Ryan,EGC EGC Gold,Patrick B.,67,,True,,,,,https://www.revolutionise.com.au/hockeyballarat/game/2524179,2026-05-17 01:01:08
Division 2 Men,Round 2,Sun 03 May 2026,12:15,Prince of Wales Park,EGC EGC Gold,EGC EGC Blue,2,1,Ben Sturmfels,Mitchell Ryan,EGC EGC Gold,Peter R.,25,,True,,,,,https://www.revolutionise.com.au/hockeyballarat/game/2524179,2026-05-17 01:01:08
Division 2 Men,Round 2,Sun 03 May 2026,12:15,Prince of Wales Park,EGC EGC Gold,EGC EGC Blue,2,1,Ben Sturmfels,Mitchell Ryan,EGC EGC Gold,Riley K.,82,,True,1,,,,https://www.revolutionise.com.au/hockeyballarat/game/2524179,2026-05-17 01:01:08
Division 2 Men,Round 2,Sun 03 May 2026,12:15,Prince of Wales Park,EGC EGC Gold,EGC EGC Blue,2,1,Ben Sturmfels,Mitchell Ryan,EGC EGC Gold,Scott M.,40,,True,,,,,https://www.revolutionise.com.au/hockeyballarat/game/2524179,2026-05-17 01:01:08
Division 2 Men,Round 2,Sun 03 May 2026,12:15,Prince of Wales Park,EGC EGC Gold,EGC EGC Blue,2,1,Ben Sturmfels,Mitchell Ryan,EGC EGC Gold,Thomas P.,37,,True,,,,,https://www.revolutionise.com.au/hockeyballarat/game/2524179,2026-05-17 01:01:08
Division 2 Men,Round 2,Sun 03 May 2026,12:15,Prince of Wales Park,EGC EGC Gold,EGC EGC Blue,2,1,Ben Sturmfels,Mitchell Ryan,EGC EGC Gold,Tom M.,,,True,1,,,,https://www.revolutionise.com.au/hockeyballarat/game/2524179,2026-05-17 01:01:08
Division 2 Men,Round 2,Sun 03 May 2026,12:15,Prince of Wales Park,EGC EGC Gold,EGC EGC Blue,2,1,Ben Sturmfels,Mitchell Ryan,EGC EGC Blue,Aarav K.,73,,False,,,,,https://www.revolutionise.com.au/hockeyballarat/game/2524179,2026-05-17 01:01:08
Division 2 Men,Round 2,Sun 03 May 2026,12:15,Prince of Wales Park,EGC EGC Gold,EGC EGC Blue,2,1,Ben Sturmfels,Mitchell Ryan,EGC EGC Blue,Aaron L.,29,,True,,,,,https://www.revolutionise.com.au/hockeyballarat/game/2524179,2026-05-17 01:01:08
Division 2 Men,Round 2,Sun 03 May 2026,12:15,Prince of Wales Park,EGC EGC Gold,EGC EGC Blue,2,1,Ben Sturmfels,Mitchell Ryan,EGC EGC Blue,Ben S.,45,,True,,,,,https://www.revolutionise.com.au/hockeyballarat/game/2524179,2026-05-17 01:01:08
Division 2 Men,Round 2,Sun 03 May 2026,12:15,Prince of Wales Park,EGC EGC Gold,EGC EGC Blue,2,1,Ben Sturmfels,Mitchell Ryan,EGC EGC Blue,Daniel S.,64,,True,1,,,,https://www.revolutionise.com.au/hockeyballarat/game/2524179,2026-05-17 01:01:08
Division 2 Men,Round 2,Sun 03 May 2026,12:15,Prince of Wales Park,EGC EGC Gold,EGC EGC Blue,2,1,Ben Sturmfels,Mitchell Ryan,EGC EGC Blue,Fionn Z.,7,,False,,,,,https://www.revolutionise.com.au/hockeyballarat/game/2524179,2026-05-17 01:01:08
Division 2 Men,Round 2,Sun 03 May 2026,12:15,Prince of Wales Park,EGC EGC Gold,EGC EGC Blue,2,1,Ben Sturmfels,Mitchell Ryan,EGC EGC Blue,Jacob L.,1,Goalkeeper,True,,,,,https://www.revolutionise.com.au/hockeyballarat/game/2524179,2026-05-17 01:01:08
Division 2 Men,Round 2,Sun 03 May 2026,12:15,Prince of Wales Park,EGC EGC Gold,EGC EGC Blue,2,1,Ben Sturmfels,Mitchell Ryan,EGC EGC Blue,Leo T.,81,,True,,,,,https://www.revolutionise.com.au/hockeyballarat/game/2524179,2026-05-17 01:01:08
Division 2 Men,Round 2,Sun 03 May 2026,12:15,Prince of Wales Park,EGC EGC Gold,EGC EGC Blue,2,1,Ben Sturmfels,Mitchell Ryan,EGC EGC Blue,Manav K.,93,,True,,,,,https://www.revolutionise.com.au/hockeyballarat/game/2524179,2026-05-17 01:01:08
Division 2 Men,Round 2,Sun 03 May 2026,12:15,Prince of Wales Park,EGC EGC Gold,EGC EGC Blue,2,1,Ben Sturmfels,Mitchell Ryan,EGC EGC Blue,Mitch D.,50,,True,,,,,https://www.revolutionise.com.au/hockeyballarat/game/2524179,2026-05-17 01:01:08
Division 2 Men,Round 2,Sun 03 May 2026,12:15,Prince of Wales Park,EGC EGC Gold,EGC EGC Blue,2,1,Ben Sturmfels,Mitchell Ryan,EGC EGC Blue,Ned S.,14,,True,,,,,https://www.revolutionise.com.au/hockeyballarat/game/2524179,2026-05-17 01:01:08
Division 2 Men,Round 2,Sun 03 May 2026,12:15,Prince of Wales Park,EGC EGC Gold,EGC EGC Blue,2,1,Ben Sturmfels,Mitchell Ryan,EGC EGC Blue,Riley K.,15,,True,,,,,https://www.revolutionise.com.au/hockeyballarat/game/2524179,2026-05-17 01:01:08
Division 2 Men,Round 2,Sun 03 May 2026,12:15,Prince of Wales Park,EGC EGC Gold,EGC EGC Blue,2,1,Ben Sturmfels,Mitchell Ryan,EGC EGC Blue,Russell S.,61,,True,,,,,https://www.revolutionise.com.au/hockeyballarat/game/2524179,2026-05-17 01:01:08
Division 2 Men,Round 2,Sun 03 May 2026,12:15,Prince of Wales Park,EGC EGC Gold,EGC EGC Blue,2,1,Ben Sturmfels,Mitchell Ryan,EGC EGC Blue,Stephen M.,22,,True,,,,,https://www.revolutionise.com.au/hockeyballarat/game/2524179,2026-05-17 01:01:08
Division 2 Men,Round 2,Sun 03 May 2026,12:15,Prince of Wales Park,EGC EGC Gold,EGC EGC Blue,2,1,Ben Sturmfels,Mitchell Ryan,EGC EGC Blue,Andrew K.,,,True,,1,,,https://www.revolutionise.com.au/hockeyballarat/game/2524179,2026-05-17 01:01:08
Division 2 Men,Round 2,Sun 03 May 2026,12:15,"John Vernon Field, Ballarat Grammar",Lucas HC Div 2 Men,Grampians Hockey Club,5,3,,,Lucas HC Div 2 Men,Andy M.,102,,False,,,,,https://www.revolutionise.com.au/hockeyballarat/game/2524180,2026-05-17 01:01:10
Division 2 Men,Round 2,Sun 03 May 2026,12:15,"John Vernon Field, Ballarat Grammar",Lucas HC Div 2 Men,Grampians Hockey Club,5,3,,,Lucas HC Div 2 Men,Caleb H.,12,,True,2,1,,,https://www.revolutionise.com.au/hockeyballarat/game/2524180,2026-05-17 01:01:10
Division 2 Men,Round 2,Sun 03 May 2026,12:15,"John Vernon Field, Ballarat Grammar",Lucas HC Div 2 Men,Grampians Hockey Club,5,3,,,Lucas HC Div 2 Men,Damon S.,35,,True,,,,,https://www.revolutionise.com.au/hockeyballarat/game/2524180,2026-05-17 01:01:10
Division 2 Men,Round 2,Sun 03 May 2026,12:15,"John Vernon Field, Ballarat Grammar",Lucas HC Div 2 Men,Grampians Hockey Club,5,3,,,Lucas HC Div 2 Men,Gabe P.,19,,False,,,,,https://www.revolutionise.com.au/hockeyballarat/game/2524180,2026-05-17 01:01:10
Division 2 Men,Round 2,Sun 03 May 2026,12:15,"John Vernon Field, Ballarat Grammar",Lucas HC Div 2 Men,Grampians Hockey Club,5,3,,,Lucas HC Div 2 Men,Glyn K.,13,,False,,,,,https://www.revolutionise.com.au/hockeyballarat/game/2524180,2026-05-17 01:01:10
Division 2 Men,Round 2,Sun 03 May 2026,12:15,"John Vernon Field, Ballarat Grammar",Lucas HC Div 2 Men,Grampians Hockey Club,5,3,,,Lucas HC Div 2 Men,Harley S.,25,,True,,,,,https://www.revolutionise.com.au/hockeyballarat/game/2524180,2026-05-17 01:01:10
Division 2 Men,Round 2,Sun 03 May 2026,12:15,"John Vernon Field, Ballarat Grammar",Lucas HC Div 2 Men,Grampians Hockey Club,5,3,,,Lucas HC Div 2 Men,Hayden S.,26,,True,,,,,https://www.revolutionise.com.au/hockeyballarat/game/2524180,2026-05-17 01:01:10
Division 2 Men,Round 2,Sun 03 May 2026,12:15,"John Vernon Field, Ballarat Grammar",Lucas HC Div 2 Men,Grampians Hockey Club,5,3,,,Lucas HC Div 2 Men,Henry B.,17,,False,,,,,https://www.revolutionise.com.au/hockeyballarat/game/2524180,2026-05-17 01:01:10
Division 2 Men,Round 2,Sun 03 May 2026,12:15,"John Vernon Field, Ballarat Grammar",Lucas HC Div 2 Men,Grampians Hockey Club,5,3,,,Lucas HC Div 2 Men,Isabelle H.,100,,False,,,,,https://www.revolutionise.com.au/hockeyballarat/game/2524180,2026-05-17 01:01:10
Division 2 Men,Round 2,Sun 03 May 2026,12:15,"John Vernon Field, Ballarat Grammar",Lucas HC Div 2 Men,Grampians Hockey Club,5,3,,,Lucas HC Div 2 Men,Jake R.,23,,False,,,,,https://www.revolutionise.com.au/hockeyballarat/game/2524180,2026-05-17 01:01:10
Division 2 Men,Round 2,Sun 03 May 2026,12:15,"John Vernon Field, Ballarat Grammar",Lucas HC Div 2 Men,Grampians Hockey Club,5,3,,,Lucas HC Div 2 Men,Jason H.,16,,False,,,,,https://www.revolutionise.com.au/hockeyballarat/game/2524180,2026-05-17 01:01:10
Division 2 Men,Round 2,Sun 03 May 2026,12:15,"John Vernon Field, Ballarat Grammar",Lucas HC Div 2 Men,Grampians Hockey Club,5,3,,,Lucas HC Div 2 Men,Joanne S.,70,,True,2,,,,https://www.revolutionise.com.au/hockeyballarat/game/2524180,2026-05-17 01:01:10
Division 2 Men,Round 2,Sun 03 May 2026,12:15,"John Vernon Field, Ballarat Grammar",Lucas HC Div 2 Men,Grampians Hockey Club,5,3,,,Lucas HC Div 2 Men,Jordan S.,27,,False,,,,,https://www.revolutionise.com.au/hockeyballarat/game/2524180,2026-05-17 01:01:10
Division 2 Men,Round 2,Sun 03 May 2026,12:15,"John Vernon Field, Ballarat Grammar",Lucas HC Div 2 Men,Grampians Hockey Club,5,3,,,Lucas HC Div 2 Men,Lachlan H.,36,,False,,,,,https://www.revolutionise.com.au/hockeyballarat/game/2524180,2026-05-17 01:01:10
Division 2 Men,Round 2,Sun 03 May 2026,12:15,"John Vernon Field, Ballarat Grammar",Lucas HC Div 2 Men,Grampians Hockey Club,5,3,,,Lucas HC Div 2 Men,Lachlan N.,38,,True,,,1,,https://www.revolutionise.com.au/hockeyballarat/game/2524180,2026-05-17 01:01:10
Division 2 Men,Round 2,Sun 03 May 2026,12:15,"John Vernon Field, Ballarat Grammar",Lucas HC Div 2 Men,Grampians Hockey Club,5,3,,,Lucas HC Div 2 Men,Lucas J.,103,,False,,,,,https://www.revolutionise.com.au/hockeyballarat/game/2524180,2026-05-17 01:01:10
Division 2 Men,Round 2,Sun 03 May 2026,12:15,"John Vernon Field, Ballarat Grammar",Lucas HC Div 2 Men,Grampians Hockey Club,5,3,,,Lucas HC Div 2 Men,Luke P.,21,,False,,,,,https://www.revolutionise.com.au/hockeyballarat/game/2524180,2026-05-17 01:01:10
Division 2 Men,Round 2,Sun 03 May 2026,12:15,"John Vernon Field, Ballarat Grammar",Lucas HC Div 2 Men,Grampians Hockey Club,5,3,,,Lucas HC Div 2 Men,Mack H.,8,,True,1,,,,https://www.revolutionise.com.au/hockeyballarat/game/2524180,2026-05-17 01:01:10
Division 2 Men,Round 2,Sun 03 May 2026,12:15,"John Vernon Field, Ballarat Grammar",Lucas HC Div 2 Men,Grampians Hockey Club,5,3,,,Lucas HC Div 2 Men,Matthew K.,6,,False,,,,,https://www.revolutionise.com.au/hockeyballarat/game/2524180,2026-05-17 01:01:10
Division 2 Men,Round 2,Sun 03 May 2026,12:15,"John Vernon Field, Ballarat Grammar",Lucas HC Div 2 Men,Grampians Hockey Club,5,3,,,Lucas HC Div 2 Men,Michael C.,3,,False,,,,,https://www.revolutionise.com.au/hockeyballarat/game/2524180,2026-05-17 01:01:10
Division 2 Men,Round 2,Sun 03 May 2026,12:15,"John Vernon Field, Ballarat Grammar",Lucas HC Div 2 Men,Grampians Hockey Club,5,3,,,Lucas HC Div 2 Men,Michael V.,104,,False,,,,,https://www.revolutionise.com.au/hockeyballarat/game/2524180,2026-05-17 01:01:10
Division 2 Men,Round 2,Sun 03 May 2026,12:15,"John Vernon Field, Ballarat Grammar",Lucas HC Div 2 Men,Grampians Hockey Club,5,3,,,Lucas HC Div 2 Men,Morgan E.,4,,False,,,,,https://www.revolutionise.com.au/hockeyballarat/game/2524180,2026-05-17 01:01:10
Division 2 Men,Round 2,Sun 03 May 2026,12:15,"John Vernon Field, Ballarat Grammar",Lucas HC Div 2 Men,Grampians Hockey Club,5,3,,,Lucas HC Div 2 Men,Nathan H.,9,,True,,,,,https://www.revolutionise.com.au/hockeyballarat/game/2524180,2026-05-17 01:01:10
Division 2 Men,Round 2,Sun 03 May 2026,12:15,"John Vernon Field, Ballarat Grammar",Lucas HC Div 2 Men,Grampians Hockey Club,5,3,,,Lucas HC Div 2 Men,Nicholas H.,10,,True,,,,,https://www.revolutionise.com.au/hockeyballarat/game/2524180,2026-05-17 01:01:10
Division 2 Men,Round 2,Sun 03 May 2026,12:15,"John Vernon Field, Ballarat Grammar",Lucas HC Div 2 Men,Grampians Hockey Club,5,3,,,Lucas HC Div 2 Men,Nicholas J.,15,,False,,,,,https://www.revolutionise.com.au/hockeyballarat/game/2524180,2026-05-17 01:01:10
Division 2 Men,Round 2,Sun 03 May 2026,12:15,"John Vernon Field, Ballarat Grammar",Lucas HC Div 2 Men,Grampians Hockey Club,5,3,,,Lucas HC Div 2 Men,Noah B.,2,,False,,,,,https://www.revolutionise.com.au/hockeyballarat/game/2524180,2026-05-17 01:01:10
Division 2 Men,Round 2,Sun 03 May 2026,12:15,"John Vernon Field, Ballarat Grammar",Lucas HC Div 2 Men,Grampians Hockey Club,5,3,,,Lucas HC Div 2 Men,Olivia H.,11,,False,,,,,https://www.revolutionise.com.au/hockeyballarat/game/2524180,2026-05-17 01:01:10
Division 2 Men,Round 2,Sun 03 May 2026,12:15,"John Vernon Field, Ballarat Grammar",Lucas HC Div 2 Men,Grampians Hockey Club,5,3,,,Lucas HC Div 2 Men,Reuben P.,22,,True,,,,,https://www.revolutionise.com.au/hockeyballarat/game/2524180,2026-05-17 01:01:10
Division 2 Men,Round 2,Sun 03 May 2026,12:15,"John Vernon Field, Ballarat Grammar",Lucas HC Div 2 Men,Grampians Hockey Club,5,3,,,Lucas HC Div 2 Men,Ryan G.,28,,False,,,,,https://www.revolutionise.com.au/hockeyballarat/game/2524180,2026-05-17 01:01:10
Division 2 Men,Round 2,Sun 03 May 2026,12:15,"John Vernon Field, Ballarat Grammar",Lucas HC Div 2 Men,Grampians Hockey Club,5,3,,,Lucas HC Div 2 Men,Scott H.,14,,False,,,,,https://www.revolutionise.com.au/hockeyballarat/game/2524180,2026-05-17 01:01:10
Division 2 Men,Round 2,Sun 03 May 2026,12:15,"John Vernon Field, Ballarat Grammar",Lucas HC Div 2 Men,Grampians Hockey Club,5,3,,,Lucas HC Div 2 Men,William M.,18,,False,,,,,https://www.revolutionise.com.au/hockeyballarat/game/2524180,2026-05-17 01:01:10
Division 2 Men,Round 2,Sun 03 May 2026,12:15,"John Vernon Field, Ballarat Grammar",Lucas HC Div 2 Men,Grampians Hockey Club,5,3,,,Lucas HC Div 2 Men,Zoe K.,101,,False,,,,,https://www.revolutionise.com.au/hockeyballarat/game/2524180,2026-05-17 01:01:10
Division 2 Men,Round 2,Sun 03 May 2026,12:15,"John Vernon Field, Ballarat Grammar",Lucas HC Div 2 Men,Grampians Hockey Club,5,3,,,Lucas HC Div 2 Men,Lucas J.,,,True,,,,,https://www.revolutionise.com.au/hockeyballarat/game/2524180,2026-05-17 01:01:10
Division 2 Men,Round 2,Sun 03 May 2026,12:15,"John Vernon Field, Ballarat Grammar",Lucas HC Div 2 Men,Grampians Hockey Club,5,3,,,Grampians Hockey Club,Aaron M.,47,,True,,,,,https://www.revolutionise.com.au/hockeyballarat/game/2524180,2026-05-17 01:01:10
Division 2 Men,Round 2,Sun 03 May 2026,12:15,"John Vernon Field, Ballarat Grammar",Lucas HC Div 2 Men,Grampians Hockey Club,5,3,,,Grampians Hockey Club,Bonnie A.,10,,True,,,,,https://www.revolutionise.com.au/hockeyballarat/game/2524180,2026-05-17 01:01:10
Division 2 Men,Round 2,Sun 03 May 2026,12:15,"John Vernon Field, Ballarat Grammar",Lucas HC Div 2 Men,Grampians Hockey Club,5,3,,,Grampians Hockey Club,Chris P.,11,,True,,,,,https://www.revolutionise.com.au/hockeyballarat/game/2524180,2026-05-17 01:01:10
Division 2 Men,Round 2,Sun 03 May 2026,12:15,"John Vernon Field, Ballarat Grammar",Lucas HC Div 2 Men,Grampians Hockey Club,5,3,,,Grampians Hockey Club,Fraser C.,6,,True,2,,,,https://www.revolutionise.com.au/hockeyballarat/game/2524180,2026-05-17 01:01:10
Division 2 Men,Round 2,Sun 03 May 2026,12:15,"John Vernon Field, Ballarat Grammar",Lucas HC Div 2 Men,Grampians Hockey Club,5,3,,,Grampians Hockey Club,Garry B.,81,,True,,,,,https://www.revolutionise.com.au/hockeyballarat/game/2524180,2026-05-17 01:01:10
Division 2 Men,Round 2,Sun 03 May 2026,12:15,"John Vernon Field, Ballarat Grammar",Lucas HC Div 2 Men,Grampians Hockey Club,5,3,,,Grampians Hockey Club,Glen C.,32,,True,,,,,https://www.revolutionise.com.au/hockeyballarat/game/2524180,2026-05-17 01:01:10
Division 2 Men,Round 2,Sun 03 May 2026,12:15,"John Vernon Field, Ballarat Grammar",Lucas HC Div 2 Men,Grampians Hockey Club,5,3,,,Grampians Hockey Club,Hugh C.,,,False,,,,,https://www.revolutionise.com.au/hockeyballarat/game/2524180,2026-05-17 01:01:10
Division 2 Men,Round 2,Sun 03 May 2026,12:15,"John Vernon Field, Ballarat Grammar",Lucas HC Div 2 Men,Grampians Hockey Club,5,3,,,Grampians Hockey Club,Jason H.,,,False,,,,,https://www.revolutionise.com.au/hockeyballarat/game/2524180,2026-05-17 01:01:10
Division 2 Men,Round 2,Sun 03 May 2026,12:15,"John Vernon Field, Ballarat Grammar",Lucas HC Div 2 Men,Grampians Hockey Club,5,3,,,Grampians Hockey Club,Jordan C.,15,,False,,,,,https://www.revolutionise.com.au/hockeyballarat/game/2524180,2026-05-17 01:01:10
Division 2 Men,Round 2,Sun 03 May 2026,12:15,"John Vernon Field, Ballarat Grammar",Lucas HC Div 2 Men,Grampians Hockey Club,5,3,,,Grampians Hockey Club,Lachlan S.,14,,False,,,,,https://www.revolutionise.com.au/hockeyballarat/game/2524180,2026-05-17 01:01:10
Division 2 Men,Round 2,Sun 03 May 2026,12:15,"John Vernon Field, Ballarat Grammar",Lucas HC Div 2 Men,Grampians Hockey Club,5,3,,,Grampians Hockey Club,Liam C.,5,,False,,,,,https://www.revolutionise.com.au/hockeyballarat/game/2524180,2026-05-17 01:01:10
Division 2 Men,Round 2,Sun 03 May 2026,12:15,"John Vernon Field, Ballarat Grammar",Lucas HC Div 2 Men,Grampians Hockey Club,5,3,,,Grampians Hockey Club,Luke R.,,Captain,True,1,,,,https://www.revolutionise.com.au/hockeyballarat/game/2524180,2026-05-17 01:01:10
Division 2 Men,Round 2,Sun 03 May 2026,12:15,"John Vernon Field, Ballarat Grammar",Lucas HC Div 2 Men,Grampians Hockey Club,5,3,,,Grampians Hockey Club,Noah A.,34,,False,,,,,https://www.revolutionise.com.au/hockeyballarat/game/2524180,2026-05-17 01:01:10
Division 2 Men,Round 2,Sun 03 May 2026,12:15,"John Vernon Field, Ballarat Grammar",Lucas HC Div 2 Men,Grampians Hockey Club,5,3,,,Grampians Hockey Club,Thomas B.,2,,True,,,,,https://www.revolutionise.com.au/hockeyballarat/game/2524180,2026-05-17 01:01:10
Division 2 Men,Round 2,Sun 03 May 2026,12:15,"John Vernon Field, Ballarat Grammar",Lucas HC Div 2 Men,Grampians Hockey Club,5,3,,,Grampians Hockey Club,Traiyth L.,27,,False,,,,,https://www.revolutionise.com.au/hockeyballarat/game/2524180,2026-05-17 01:01:10
Division 2 Men,Round 2,Sun 03 May 2026,12:15,"John Vernon Field, Ballarat Grammar",Lucas HC Div 2 Men,Grampians Hockey Club,5,3,,,Grampians Hockey Club,Annabelle H.,,,True,,,,,https://www.revolutionise.com.au/hockeyballarat/game/2524180,2026-05-17 01:01:10
Division 2 Men,Round 2,Sun 03 May 2026,15:30,Prince of Wales Park,Blaze Blaze Div 2 Men,Bobcats Div 2 Men,2,1,Craig Stevens,Nicholas Jolly,Blaze Blaze Div 2 Men,Adam H.,11,,True,,,,,https://www.revolutionise.com.au/hockeyballarat/game/2524181,2026-05-17 01:01:11
Division 2 Men,Round 2,Sun 03 May 2026,15:30,Prince of Wales Park,Blaze Blaze Div 2 Men,Bobcats Div 2 Men,2,1,Craig Stevens,Nicholas Jolly,Blaze Blaze Div 2 Men,Alicia C.,21,,True,1,,,,https://www.revolutionise.com.au/hockeyballarat/game/2524181,2026-05-17 01:01:11
Division 2 Men,Round 2,Sun 03 May 2026,15:30,Prince of Wales Park,Blaze Blaze Div 2 Men,Bobcats Div 2 Men,2,1,Craig Stevens,Nicholas Jolly,Blaze Blaze Div 2 Men,Bailey P.,13,,False,,,,,https://www.revolutionise.com.au/hockeyballarat/game/2524181,2026-05-17 01:01:11
Division 2 Men,Round 2,Sun 03 May 2026,15:30,Prince of Wales Park,Blaze Blaze Div 2 Men,Bobcats Div 2 Men,2,1,Craig Stevens,Nicholas Jolly,Blaze Blaze Div 2 Men,Calvin D.,117,,False,,,,,https://www.revolutionise.com.au/hockeyballarat/game/2524181,2026-05-17 01:01:11
Division 2 Men,Round 2,Sun 03 May 2026,15:30,Prince of Wales Park,Blaze Blaze Div 2 Men,Bobcats Div 2 Men,2,1,Craig Stevens,Nicholas Jolly,Blaze Blaze Div 2 Men,Harry S.,115,,True,,,,,https://www.revolutionise.com.au/hockeyballarat/game/2524181,2026-05-17 01:01:11
Division 2 Men,Round 2,Sun 03 May 2026,15:30,Prince of Wales Park,Blaze Blaze Div 2 Men,Bobcats Div 2 Men,2,1,Craig Stevens,Nicholas Jolly,Blaze Blaze Div 2 Men,Isabelle S.,4,,True,,,,,https://www.revolutionise.com.au/hockeyballarat/game/2524181,2026-05-17 01:01:11
Division 2 Men,Round 2,Sun 03 May 2026,15:30,Prince of Wales Park,Blaze Blaze Div 2 Men,Bobcats Div 2 Men,2,1,Craig Stevens,Nicholas Jolly,Blaze Blaze Div 2 Men,Jayden I.,113,,False,,,,,https://www.revolutionise.com.au/hockeyballarat/game/2524181,2026-05-17 01:01:11
Division 2 Men,Round 2,Sun 03 May 2026,15:30,Prince of Wales Park,Blaze Blaze Div 2 Men,Bobcats Div 2 Men,2,1,Craig Stevens,Nicholas Jolly,Blaze Blaze Div 2 Men,KARL C.,114,,True,,,,,https://www.revolutionise.com.au/hockeyballarat/game/2524181,2026-05-17 01:01:11
Division 2 Men,Round 2,Sun 03 May 2026,15:30,Prince of Wales Park,Blaze Blaze Div 2 Men,Bobcats Div 2 Men,2,1,Craig Stevens,Nicholas Jolly,Blaze Blaze Div 2 Men,Lola W.,118,,False,,,,,https://www.revolutionise.com.au/hockeyballarat/game/2524181,2026-05-17 01:01:11
Division 2 Men,Round 2,Sun 03 May 2026,15:30,Prince of Wales Park,Blaze Blaze Div 2 Men,Bobcats Div 2 Men,2,1,Craig Stevens,Nicholas Jolly,Blaze Blaze Div 2 Men,Mark S.,36,,False,,,,,https://www.revolutionise.com.au/hockeyballarat/game/2524181,2026-05-17 01:01:11
Division 2 Men,Round 2,Sun 03 May 2026,15:30,Prince of Wales Park,Blaze Blaze Div 2 Men,Bobcats Div 2 Men,2,1,Craig Stevens,Nicholas Jolly,Blaze Blaze Div 2 Men,Mark T.,39,,True,,,,,https://www.revolutionise.com.au/hockeyballarat/game/2524181,2026-05-17 01:01:11
Division 2 Men,Round 2,Sun 03 May 2026,15:30,Prince of Wales Park,Blaze Blaze Div 2 Men,Bobcats Div 2 Men,2,1,Craig Stevens,Nicholas Jolly,Blaze Blaze Div 2 Men,Michael S.,7,,False,,,,,https://www.revolutionise.com.au/hockeyballarat/game/2524181,2026-05-17 01:01:11
Division 2 Men,Round 2,Sun 03 May 2026,15:30,Prince of Wales Park,Blaze Blaze Div 2 Men,Bobcats Div 2 Men,2,1,Craig Stevens,Nicholas Jolly,Blaze Blaze Div 2 Men,Mitchell S.,1,,True,1,,,,https://www.revolutionise.com.au/hockeyballarat/game/2524181,2026-05-17 01:01:11
Division 2 Men,Round 2,Sun 03 May 2026,15:30,Prince of Wales Park,Blaze Blaze Div 2 Men,Bobcats Div 2 Men,2,1,Craig Stevens,Nicholas Jolly,Blaze Blaze Div 2 Men,Nicholas R.,,Goalkeeper,True,,,,,https://www.revolutionise.com.au/hockeyballarat/game/2524181,2026-05-17 01:01:11
Division 2 Men,Round 2,Sun 03 May 2026,15:30,Prince of Wales Park,Blaze Blaze Div 2 Men,Bobcats Div 2 Men,2,1,Craig Stevens,Nicholas Jolly,Blaze Blaze Div 2 Men,Nick T.,111,,True,,,,,https://www.revolutionise.com.au/hockeyballarat/game/2524181,2026-05-17 01:01:11
Division 2 Men,Round 2,Sun 03 May 2026,15:30,Prince of Wales Park,Blaze Blaze Div 2 Men,Bobcats Div 2 Men,2,1,Craig Stevens,Nicholas Jolly,Blaze Blaze Div 2 Men,Quinn M.,60,,True,,,,,https://www.revolutionise.com.au/hockeyballarat/game/2524181,2026-05-17 01:01:11
Division 2 Men,Round 2,Sun 03 May 2026,15:30,Prince of Wales Park,Blaze Blaze Div 2 Men,Bobcats Div 2 Men,2,1,Craig Stevens,Nicholas Jolly,Blaze Blaze Div 2 Men,Richard P.,10,,True,,,,,https://www.revolutionise.com.au/hockeyballarat/game/2524181,2026-05-17 01:01:11
Division 2 Men,Round 2,Sun 03 May 2026,15:30,Prince of Wales Park,Blaze Blaze Div 2 Men,Bobcats Div 2 Men,2,1,Craig Stevens,Nicholas Jolly,Blaze Blaze Div 2 Men,Scott B.,112,,True,,,,,https://www.revolutionise.com.au/hockeyballarat/game/2524181,2026-05-17 01:01:11
Division 2 Men,Round 2,Sun 03 May 2026,15:30,Prince of Wales Park,Blaze Blaze Div 2 Men,Bobcats Div 2 Men,2,1,Craig Stevens,Nicholas Jolly,Blaze Blaze Div 2 Men,Mary B.,,,True,,,,,https://www.revolutionise.com.au/hockeyballarat/game/2524181,2026-05-17 01:01:11
Division 2 Men,Round 2,Sun 03 May 2026,15:30,Prince of Wales Park,Blaze Blaze Div 2 Men,Bobcats Div 2 Men,2,1,Craig Stevens,Nicholas Jolly,Blaze Blaze Div 2 Men,Meg M.,,,True,,,,,https://www.revolutionise.com.au/hockeyballarat/game/2524181,2026-05-17 01:01:11
Division 2 Men,Round 2,Sun 03 May 2026,15:30,Prince of Wales Park,Blaze Blaze Div 2 Men,Bobcats Div 2 Men,2,1,Craig Stevens,Nicholas Jolly,Blaze Blaze Div 2 Men,Nic H.,,,True,,,,,https://www.revolutionise.com.au/hockeyballarat/game/2524181,2026-05-17 01:01:11
Division 2 Men,Round 2,Sun 03 May 2026,15:30,Prince of Wales Park,Blaze Blaze Div 2 Men,Bobcats Div 2 Men,2,1,Craig Stevens,Nicholas Jolly,Bobcats Div 2 Men,David T.,2,,True,,,,,https://www.revolutionise.com.au/hockeyballarat/game/2524181,2026-05-17 01:01:11
Division 2 Men,Round 2,Sun 03 May 2026,15:30,Prince of Wales Park,Blaze Blaze Div 2 Men,Bobcats Div 2 Men,2,1,Craig Stevens,Nicholas Jolly,Bobcats Div 2 Men,Eathan D.,10,,True,,,,,https://www.revolutionise.com.au/hockeyballarat/game/2524181,2026-05-17 01:01:11
Division 2 Men,Round 2,Sun 03 May 2026,15:30,Prince of Wales Park,Blaze Blaze Div 2 Men,Bobcats Div 2 Men,2,1,Craig Stevens,Nicholas Jolly,Bobcats Div 2 Men,James T.,1,Captain,False,,,,,https://www.revolutionise.com.au/hockeyballarat/game/2524181,2026-05-17 01:01:11
Division 2 Men,Round 2,Sun 03 May 2026,15:30,Prince of Wales Park,Blaze Blaze Div 2 Men,Bobcats Div 2 Men,2,1,Craig Stevens,Nicholas Jolly,Bobcats Div 2 Men,Jarrod K.,11,,True,,,,,https://www.revolutionise.com.au/hockeyballarat/game/2524181,2026-05-17 01:01:11
Division 2 Men,Round 2,Sun 03 May 2026,15:30,Prince of Wales Park,Blaze Blaze Div 2 Men,Bobcats Div 2 Men,2,1,Craig Stevens,Nicholas Jolly,Bobcats Div 2 Men,Lucas B.,9,,False,,,,,https://www.revolutionise.com.au/hockeyballarat/game/2524181,2026-05-17 01:01:11
Division 2 Men,Round 2,Sun 03 May 2026,15:30,Prince of Wales Park,Blaze Blaze Div 2 Men,Bobcats Div 2 Men,2,1,Craig Stevens,Nicholas Jolly,Bobcats Div 2 Men,Max F.,,,True,,,,,https://www.revolutionise.com.au/hockeyballarat/game/2524181,2026-05-17 01:01:11
Division 2 Men,Round 2,Sun 03 May 2026,15:30,Prince of Wales Park,Blaze Blaze Div 2 Men,Bobcats Div 2 Men,2,1,Craig Stevens,Nicholas Jolly,Bobcats Div 2 Men,Mitchell R.,5,,False,,,,,https://www.revolutionise.com.au/hockeyballarat/game/2524181,2026-05-17 01:01:11
Division 2 Men,Round 2,Sun 03 May 2026,15:30,Prince of Wales Park,Blaze Blaze Div 2 Men,Bobcats Div 2 Men,2,1,Craig Stevens,Nicholas Jolly,Bobcats Div 2 Men,Nicholas J.,16,Goalkeeper,False,,,,,https://www.revolutionise.com.au/hockeyballarat/game/2524181,2026-05-17 01:01:11
Division 2 Men,Round 2,Sun 03 May 2026,15:30,Prince of Wales Park,Blaze Blaze Div 2 Men,Bobcats Div 2 Men,2,1,Craig Stevens,Nicholas Jolly,Bobcats Div 2 Men,Nigel D.,8,,False,,,,,https://www.revolutionise.com.au/hockeyballarat/game/2524181,2026-05-17 01:01:11
Division 2 Men,Round 2,Sun 03 May 2026,15:30,Prince of Wales Park,Blaze Blaze Div 2 Men,Bobcats Div 2 Men,2,1,Craig Stevens,Nicholas Jolly,Bobcats Div 2 Men,Reg B.,4,,True,,,,,https://www.revolutionise.com.au/hockeyballarat/game/2524181,2026-05-17 01:01:11
Division 2 Men,Round 2,Sun 03 May 2026,15:30,Prince of Wales Park,Blaze Blaze Div 2 Men,Bobcats Div 2 Men,2,1,Craig Stevens,Nicholas Jolly,Bobcats Div 2 Men,Richard G.,7,,True,,,,,https://www.revolutionise.com.au/hockeyballarat/game/2524181,2026-05-17 01:01:11
Division 2 Men,Round 2,Sun 03 May 2026,15:30,Prince of Wales Park,Blaze Blaze Div 2 Men,Bobcats Div 2 Men,2,1,Craig Stevens,Nicholas Jolly,Bobcats Div 2 Men,Stephen B.,14,,True,,,,,https://www.revolutionise.com.au/hockeyballarat/game/2524181,2026-05-17 01:01:11
Division 2 Men,Round 2,Sun 03 May 2026,15:30,Prince of Wales Park,Blaze Blaze Div 2 Men,Bobcats Div 2 Men,2,1,Craig Stevens,Nicholas Jolly,Bobcats Div 2 Men,Timothy D.,12,,False,,,,,https://www.revolutionise.com.au/hockeyballarat/game/2524181,2026-05-17 01:01:11
Division 2 Men,Round 2,Sun 03 May 2026,15:30,Prince of Wales Park,Blaze Blaze Div 2 Men,Bobcats Div 2 Men,2,1,Craig Stevens,Nicholas Jolly,Bobcats Div 2 Men,Timothy O.,13,,False,,,,,https://www.revolutionise.com.au/hockeyballarat/game/2524181,2026-05-17 01:01:11
Division 2 Men,Round 2,Sun 03 May 2026,15:30,Prince of Wales Park,Blaze Blaze Div 2 Men,Bobcats Div 2 Men,2,1,Craig Stevens,Nicholas Jolly,Bobcats Div 2 Men,Tom F.,3,,True,,,,,https://www.revolutionise.com.au/hockeyballarat/game/2524181,2026-05-17 01:01:11
Division 2 Men,Round 2,Sun 03 May 2026,15:30,Prince of Wales Park,Blaze Blaze Div 2 Men,Bobcats Div 2 Men,2,1,Craig Stevens,Nicholas Jolly,Bobcats Div 2 Men,Tom S.,15,,True,,,,,https://www.revolutionise.com.au/hockeyballarat/game/2524181,2026-05-17 01:01:11
Division 2 Men,Round 2,Sun 03 May 2026,15:30,Prince of Wales Park,Blaze Blaze Div 2 Men,Bobcats Div 2 Men,2,1,Craig Stevens,Nicholas Jolly,Bobcats Div 2 Men,Digby S.,,,True,,,,,https://www.revolutionise.com.au/hockeyballarat/game/2524181,2026-05-17 01:01:11
Division 2 Men,Round 2,Sun 03 May 2026,15:30,Prince of Wales Park,Blaze Blaze Div 2 Men,Bobcats Div 2 Men,2,1,Craig Stevens,Nicholas Jolly,Bobcats Div 2 Men,Eshaan U.,,,True,,,,,https://www.revolutionise.com.au/hockeyballarat/game/2524181,2026-05-17 01:01:11
Division 2 Men,Round 2,Sun 03 May 2026,15:30,Prince of Wales Park,Blaze Blaze Div 2 Men,Bobcats Div 2 Men,2,1,Craig Stevens,Nicholas Jolly,Bobcats Div 2 Men,Gareth A.,,,True,1,,,,https://www.revolutionise.com.au/hockeyballarat/game/2524181,2026-05-17 01:01:11
Division 2 Men,Round 2,Sun 03 May 2026,15:30,Prince of Wales Park,Blaze Blaze Div 2 Men,Bobcats Div 2 Men,2,1,Craig Stevens,Nicholas Jolly,Bobcats Div 2 Men,Joshua L.,,,True,,,,,https://www.revolutionise.com.au/hockeyballarat/game/2524181,2026-05-17 01:01:11
Division 2 Men,Round 2,Sun 03 May 2026,15:30,Prince of Wales Park,Blaze Blaze Div 2 Men,Bobcats Div 2 Men,2,1,Craig Stevens,Nicholas Jolly,Bobcats Div 2 Men,Lauchlan W.,,,True,,,,,https://www.revolutionise.com.au/hockeyballarat/game/2524181,2026-05-17 01:01:11
Division 2 Men,Round 2,Sun 03 May 2026,15:30,Prince of Wales Park,Blaze Blaze Div 2 Men,Bobcats Div 2 Men,2,1,Craig Stevens,Nicholas Jolly,Bobcats Div 2 Men,Max W.,,,True,,,,,https://www.revolutionise.com.au/hockeyballarat/game/2524181,2026-05-17 01:01:11
Division 2 Men,Round 2,Sun 03 May 2026,15:30,Prince of Wales Park,Blaze Blaze Div 2 Men,Bobcats Div 2 Men,2,1,Craig Stevens,Nicholas Jolly,Bobcats Div 2 Men,Troy S.,,,True,,,,,https://www.revolutionise.com.au/hockeyballarat/game/2524181,2026-05-17 01:01:11
Division 2 Men,Round 3,Sun 10 May 2026,09:00,Prince of Wales Park,Bobcats Div 2 Men,EGC EGC Blue,1,2,Callum Bridge,Lee Drury,Bobcats Div 2 Men,David T.,2,,True,,,,,https://www.revolutionise.com.au/hockeyballarat/game/2524182,2026-05-17 01:01:15
Division 2 Men,Round 3,Sun 10 May 2026,09:00,Prince of Wales Park,Bobcats Div 2 Men,EGC EGC Blue,1,2,Callum Bridge,Lee Drury,Bobcats Div 2 Men,Eathan D.,10,,True,,,,,https://www.revolutionise.com.au/hockeyballarat/game/2524182,2026-05-17 01:01:15
Division 2 Men,Round 3,Sun 10 May 2026,09:00,Prince of Wales Park,Bobcats Div 2 Men,EGC EGC Blue,1,2,Callum Bridge,Lee Drury,Bobcats Div 2 Men,James T.,1,Captain,True,,,,,https://www.revolutionise.com.au/hockeyballarat/game/2524182,2026-05-17 01:01:15
Division 2 Men,Round 3,Sun 10 May 2026,09:00,Prince of Wales Park,Bobcats Div 2 Men,EGC EGC Blue,1,2,Callum Bridge,Lee Drury,Bobcats Div 2 Men,Jarrod K.,11,,True,,,,,https://www.revolutionise.com.au/hockeyballarat/game/2524182,2026-05-17 01:01:15
Division 2 Men,Round 3,Sun 10 May 2026,09:00,Prince of Wales Park,Bobcats Div 2 Men,EGC EGC Blue,1,2,Callum Bridge,Lee Drury,Bobcats Div 2 Men,Lucas B.,9,,False,,,,,https://www.revolutionise.com.au/hockeyballarat/game/2524182,2026-05-17 01:01:15
Division 2 Men,Round 3,Sun 10 May 2026,09:00,Prince of Wales Park,Bobcats Div 2 Men,EGC EGC Blue,1,2,Callum Bridge,Lee Drury,Bobcats Div 2 Men,Max F.,,,True,,,,,https://www.revolutionise.com.au/hockeyballarat/game/2524182,2026-05-17 01:01:15
Division 2 Men,Round 3,Sun 10 May 2026,09:00,Prince of Wales Park,Bobcats Div 2 Men,EGC EGC Blue,1,2,Callum Bridge,Lee Drury,Bobcats Div 2 Men,Mitchell R.,5,,False,,,,,https://www.revolutionise.com.au/hockeyballarat/game/2524182,2026-05-17 01:01:15
Division 2 Men,Round 3,Sun 10 May 2026,09:00,Prince of Wales Park,Bobcats Div 2 Men,EGC EGC Blue,1,2,Callum Bridge,Lee Drury,Bobcats Div 2 Men,Nicholas J.,16,Goalkeeper,False,,,,,https://www.revolutionise.com.au/hockeyballarat/game/2524182,2026-05-17 01:01:15
Division 2 Men,Round 3,Sun 10 May 2026,09:00,Prince of Wales Park,Bobcats Div 2 Men,EGC EGC Blue,1,2,Callum Bridge,Lee Drury,Bobcats Div 2 Men,Nigel D.,8,,False,,,,,https://www.revolutionise.com.au/hockeyballarat/game/2524182,2026-05-17 01:01:15
Division 2 Men,Round 3,Sun 10 May 2026,09:00,Prince of Wales Park,Bobcats Div 2 Men,EGC EGC Blue,1,2,Callum Bridge,Lee Drury,Bobcats Div 2 Men,Reg B.,4,,False,,,,,https://www.revolutionise.com.au/hockeyballarat/game/2524182,2026-05-17 01:01:15
Division 2 Men,Round 3,Sun 10 May 2026,09:00,Prince of Wales Park,Bobcats Div 2 Men,EGC EGC Blue,1,2,Callum Bridge,Lee Drury,Bobcats Div 2 Men,Richard G.,7,,True,,,,,https://www.revolutionise.com.au/hockeyballarat/game/2524182,2026-05-17 01:01:15
Division 2 Men,Round 3,Sun 10 May 2026,09:00,Prince of Wales Park,Bobcats Div 2 Men,EGC EGC Blue,1,2,Callum Bridge,Lee Drury,Bobcats Div 2 Men,Stephen B.,14,,True,,,,,https://www.revolutionise.com.au/hockeyballarat/game/2524182,2026-05-17 01:01:15
Division 2 Men,Round 3,Sun 10 May 2026,09:00,Prince of Wales Park,Bobcats Div 2 Men,EGC EGC Blue,1,2,Callum Bridge,Lee Drury,Bobcats Div 2 Men,Timothy D.,12,,True,,1,,,https://www.revolutionise.com.au/hockeyballarat/game/2524182,2026-05-17 01:01:15
Division 2 Men,Round 3,Sun 10 May 2026,09:00,Prince of Wales Park,Bobcats Div 2 Men,EGC EGC Blue,1,2,Callum Bridge,Lee Drury,Bobcats Div 2 Men,Timothy O.,13,,False,,,,,https://www.revolutionise.com.au/hockeyballarat/game/2524182,2026-05-17 01:01:15
Division 2 Men,Round 3,Sun 10 May 2026,09:00,Prince of Wales Park,Bobcats Div 2 Men,EGC EGC Blue,1,2,Callum Bridge,Lee Drury,Bobcats Div 2 Men,Tom F.,3,,True,,,,,https://www.revolutionise.com.au/hockeyballarat/game/2524182,2026-05-17 01:01:15
Division 2 Men,Round 3,Sun 10 May 2026,09:00,Prince of Wales Park,Bobcats Div 2 Men,EGC EGC Blue,1,2,Callum Bridge,Lee Drury,Bobcats Div 2 Men,Tom S.,15,,True,,,,,https://www.revolutionise.com.au/hockeyballarat/game/2524182,2026-05-17 01:01:15
Division 2 Men,Round 3,Sun 10 May 2026,09:00,Prince of Wales Park,Bobcats Div 2 Men,EGC EGC Blue,1,2,Callum Bridge,Lee Drury,Bobcats Div 2 Men,Digby S.,,,True,,,,,https://www.revolutionise.com.au/hockeyballarat/game/2524182,2026-05-17 01:01:15
Division 2 Men,Round 3,Sun 10 May 2026,09:00,Prince of Wales Park,Bobcats Div 2 Men,EGC EGC Blue,1,2,Callum Bridge,Lee Drury,Bobcats Div 2 Men,Eshaan U.,,,True,,,,,https://www.revolutionise.com.au/hockeyballarat/game/2524182,2026-05-17 01:01:15
Division 2 Men,Round 3,Sun 10 May 2026,09:00,Prince of Wales Park,Bobcats Div 2 Men,EGC EGC Blue,1,2,Callum Bridge,Lee Drury,Bobcats Div 2 Men,Gareth A.,,,True,,,,,https://www.revolutionise.com.au/hockeyballarat/game/2524182,2026-05-17 01:01:15
Division 2 Men,Round 3,Sun 10 May 2026,09:00,Prince of Wales Park,Bobcats Div 2 Men,EGC EGC Blue,1,2,Callum Bridge,Lee Drury,Bobcats Div 2 Men,Lauchlan W.,,,True,,,,,https://www.revolutionise.com.au/hockeyballarat/game/2524182,2026-05-17 01:01:15
Division 2 Men,Round 3,Sun 10 May 2026,09:00,Prince of Wales Park,Bobcats Div 2 Men,EGC EGC Blue,1,2,Callum Bridge,Lee Drury,Bobcats Div 2 Men,Max W.,,,True,,,,,https://www.revolutionise.com.au/hockeyballarat/game/2524182,2026-05-17 01:01:15
Division 2 Men,Round 3,Sun 10 May 2026,09:00,Prince of Wales Park,Bobcats Div 2 Men,EGC EGC Blue,1,2,Callum Bridge,Lee Drury,Bobcats Div 2 Men,Troy S.,,,True,1,1,,,https://www.revolutionise.com.au/hockeyballarat/game/2524182,2026-05-17 01:01:15
Division 2 Men,Round 3,Sun 10 May 2026,09:00,Prince of Wales Park,Bobcats Div 2 Men,EGC EGC Blue,1,2,Callum Bridge,Lee Drury,EGC EGC Blue,Aarav K.,73,,True,,,,,https://www.revolutionise.com.au/hockeyballarat/game/2524182,2026-05-17 01:01:15
Division 2 Men,Round 3,Sun 10 May 2026,09:00,Prince of Wales Park,Bobcats Div 2 Men,EGC EGC Blue,1,2,Callum Bridge,Lee Drury,EGC EGC Blue,Aaron L.,29,,True,1,,,,https://www.revolutionise.com.au/hockeyballarat/game/2524182,2026-05-17 01:01:15
Division 2 Men,Round 3,Sun 10 May 2026,09:00,Prince of Wales Park,Bobcats Div 2 Men,EGC EGC Blue,1,2,Callum Bridge,Lee Drury,EGC EGC Blue,Ben S.,45,,True,,,,,https://www.revolutionise.com.au/hockeyballarat/game/2524182,2026-05-17 01:01:15
Division 2 Men,Round 3,Sun 10 May 2026,09:00,Prince of Wales Park,Bobcats Div 2 Men,EGC EGC Blue,1,2,Callum Bridge,Lee Drury,EGC EGC Blue,Daniel S.,64,,True,1,,,,https://www.revolutionise.com.au/hockeyballarat/game/2524182,2026-05-17 01:01:15
Division 2 Men,Round 3,Sun 10 May 2026,09:00,Prince of Wales Park,Bobcats Div 2 Men,EGC EGC Blue,1,2,Callum Bridge,Lee Drury,EGC EGC Blue,Fionn Z.,7,,True,,,,,https://www.revolutionise.com.au/hockeyballarat/game/2524182,2026-05-17 01:01:15
Division 2 Men,Round 3,Sun 10 May 2026,09:00,Prince of Wales Park,Bobcats Div 2 Men,EGC EGC Blue,1,2,Callum Bridge,Lee Drury,EGC EGC Blue,Jacob L.,1,Goalkeeper,True,,,,,https://www.revolutionise.com.au/hockeyballarat/game/2524182,2026-05-17 01:01:15
Division 2 Men,Round 3,Sun 10 May 2026,09:00,Prince of Wales Park,Bobcats Div 2 Men,EGC EGC Blue,1,2,Callum Bridge,Lee Drury,EGC EGC Blue,Leo T.,81,,True,,,,,https://www.revolutionise.com.au/hockeyballarat/game/2524182,2026-05-17 01:01:15
Division 2 Men,Round 3,Sun 10 May 2026,09:00,Prince of Wales Park,Bobcats Div 2 Men,EGC EGC Blue,1,2,Callum Bridge,Lee Drury,EGC EGC Blue,Manav K.,93,,True,,,,,https://www.revolutionise.com.au/hockeyballarat/game/2524182,2026-05-17 01:01:15
Division 2 Men,Round 3,Sun 10 May 2026,09:00,Prince of Wales Park,Bobcats Div 2 Men,EGC EGC Blue,1,2,Callum Bridge,Lee Drury,EGC EGC Blue,Mitch D.,50,,True,,1,,,https://www.revolutionise.com.au/hockeyballarat/game/2524182,2026-05-17 01:01:15
Division 2 Men,Round 3,Sun 10 May 2026,09:00,Prince of Wales Park,Bobcats Div 2 Men,EGC EGC Blue,1,2,Callum Bridge,Lee Drury,EGC EGC Blue,Ned S.,14,,True,,,,,https://www.revolutionise.com.au/hockeyballarat/game/2524182,2026-05-17 01:01:15
Division 2 Men,Round 3,Sun 10 May 2026,09:00,Prince of Wales Park,Bobcats Div 2 Men,EGC EGC Blue,1,2,Callum Bridge,Lee Drury,EGC EGC Blue,Riley K.,15,,False,,,,,https://www.revolutionise.com.au/hockeyballarat/game/2524182,2026-05-17 01:01:15
Division 2 Men,Round 3,Sun 10 May 2026,09:00,Prince of Wales Park,Bobcats Div 2 Men,EGC EGC Blue,1,2,Callum Bridge,Lee Drury,EGC EGC Blue,Russell S.,61,,False,,,,,https://www.revolutionise.com.au/hockeyballarat/game/2524182,2026-05-17 01:01:15
Division 2 Men,Round 3,Sun 10 May 2026,09:00,Prince of Wales Park,Bobcats Div 2 Men,EGC EGC Blue,1,2,Callum Bridge,Lee Drury,EGC EGC Blue,Stephen M.,22,,True,,,,,https://www.revolutionise.com.au/hockeyballarat/game/2524182,2026-05-17 01:01:15
Division 2 Men,Round 3,Sun 10 May 2026,09:00,Prince of Wales Park,Bobcats Div 2 Men,EGC EGC Blue,1,2,Callum Bridge,Lee Drury,EGC EGC Blue,Peter R.,,,True,,,,,https://www.revolutionise.com.au/hockeyballarat/game/2524182,2026-05-17 01:01:15
Division 2 Men,Round 3,Sun 10 May 2026,09:00,Prince of Wales Park,Bobcats Div 2 Men,EGC EGC Blue,1,2,Callum Bridge,Lee Drury,EGC EGC Blue,Toby H.,,,True,,,,,https://www.revolutionise.com.au/hockeyballarat/game/2524182,2026-05-17 01:01:15
Division 2 Men,Round 3,Sun 10 May 2026,10:30,Prince of Wales Park,Lucas HC Div 2 Men,EGC EGC Gold,2,2,Fionn Zele,Lee Drury,Lucas HC Div 2 Men,Andy M.,102,,False,,,,,https://www.revolutionise.com.au/hockeyballarat/game/2524183,2026-05-17 01:01:16
Division 2 Men,Round 3,Sun 10 May 2026,10:30,Prince of Wales Park,Lucas HC Div 2 Men,EGC EGC Gold,2,2,Fionn Zele,Lee Drury,Lucas HC Div 2 Men,Caleb H.,12,,True,,,,,https://www.revolutionise.com.au/hockeyballarat/game/2524183,2026-05-17 01:01:16
Division 2 Men,Round 3,Sun 10 May 2026,10:30,Prince of Wales Park,Lucas HC Div 2 Men,EGC EGC Gold,2,2,Fionn Zele,Lee Drury,Lucas HC Div 2 Men,Damon S.,35,,True,,,,,https://www.revolutionise.com.au/hockeyballarat/game/2524183,2026-05-17 01:01:16
Division 2 Men,Round 3,Sun 10 May 2026,10:30,Prince of Wales Park,Lucas HC Div 2 Men,EGC EGC Gold,2,2,Fionn Zele,Lee Drury,Lucas HC Div 2 Men,Gabe P.,19,,False,,,,,https://www.revolutionise.com.au/hockeyballarat/game/2524183,2026-05-17 01:01:16
Division 2 Men,Round 3,Sun 10 May 2026,10:30,Prince of Wales Park,Lucas HC Div 2 Men,EGC EGC Gold,2,2,Fionn Zele,Lee Drury,Lucas HC Div 2 Men,Glyn K.,13,,False,,,,,https://www.revolutionise.com.au/hockeyballarat/game/2524183,2026-05-17 01:01:16
Division 2 Men,Round 3,Sun 10 May 2026,10:30,Prince of Wales Park,Lucas HC Div 2 Men,EGC EGC Gold,2,2,Fionn Zele,Lee Drury,Lucas HC Div 2 Men,Harley S.,25,,True,,,,,https://www.revolutionise.com.au/hockeyballarat/game/2524183,2026-05-17 01:01:16
Division 2 Men,Round 3,Sun 10 May 2026,10:30,Prince of Wales Park,Lucas HC Div 2 Men,EGC EGC Gold,2,2,Fionn Zele,Lee Drury,Lucas HC Div 2 Men,Hayden S.,26,,False,,,,,https://www.revolutionise.com.au/hockeyballarat/game/2524183,2026-05-17 01:01:16
Division 2 Men,Round 3,Sun 10 May 2026,10:30,Prince of Wales Park,Lucas HC Div 2 Men,EGC EGC Gold,2,2,Fionn Zele,Lee Drury,Lucas HC Div 2 Men,Henry B.,17,,True,,,,,https://www.revolutionise.com.au/hockeyballarat/game/2524183,2026-05-17 01:01:16
Division 2 Men,Round 3,Sun 10 May 2026,10:30,Prince of Wales Park,Lucas HC Div 2 Men,EGC EGC Gold,2,2,Fionn Zele,Lee Drury,Lucas HC Div 2 Men,Isabelle H.,100,,True,,,,,https://www.revolutionise.com.au/hockeyballarat/game/2524183,2026-05-17 01:01:16
Division 2 Men,Round 3,Sun 10 May 2026,10:30,Prince of Wales Park,Lucas HC Div 2 Men,EGC EGC Gold,2,2,Fionn Zele,Lee Drury,Lucas HC Div 2 Men,Jake R.,23,,False,,,,,https://www.revolutionise.com.au/hockeyballarat/game/2524183,2026-05-17 01:01:16
Division 2 Men,Round 3,Sun 10 May 2026,10:30,Prince of Wales Park,Lucas HC Div 2 Men,EGC EGC Gold,2,2,Fionn Zele,Lee Drury,Lucas HC Div 2 Men,Jason H.,16,,True,,,,,https://www.revolutionise.com.au/hockeyballarat/game/2524183,2026-05-17 01:01:16
Division 2 Men,Round 3,Sun 10 May 2026,10:30,Prince of Wales Park,Lucas HC Div 2 Men,EGC EGC Gold,2,2,Fionn Zele,Lee Drury,Lucas HC Div 2 Men,Joanne S.,70,,False,,,,,https://www.revolutionise.com.au/hockeyballarat/game/2524183,2026-05-17 01:01:16
Division 2 Men,Round 3,Sun 10 May 2026,10:30,Prince of Wales Park,Lucas HC Div 2 Men,EGC EGC Gold,2,2,Fionn Zele,Lee Drury,Lucas HC Div 2 Men,Jordan S.,27,,True,,,,,https://www.revolutionise.com.au/hockeyballarat/game/2524183,2026-05-17 01:01:16
Division 2 Men,Round 3,Sun 10 May 2026,10:30,Prince of Wales Park,Lucas HC Div 2 Men,EGC EGC Gold,2,2,Fionn Zele,Lee Drury,Lucas HC Div 2 Men,Lachlan H.,36,,False,,,,,https://www.revolutionise.com.au/hockeyballarat/game/2524183,2026-05-17 01:01:16
Division 2 Men,Round 3,Sun 10 May 2026,10:30,Prince of Wales Park,Lucas HC Div 2 Men,EGC EGC Gold,2,2,Fionn Zele,Lee Drury,Lucas HC Div 2 Men,Lachlan N.,38,,False,,,,,https://www.revolutionise.com.au/hockeyballarat/game/2524183,2026-05-17 01:01:16
Division 2 Men,Round 3,Sun 10 May 2026,10:30,Prince of Wales Park,Lucas HC Div 2 Men,EGC EGC Gold,2,2,Fionn Zele,Lee Drury,Lucas HC Div 2 Men,Lucas J.,103,,True,,,,,https://www.revolutionise.com.au/hockeyballarat/game/2524183,2026-05-17 01:01:16
Division 2 Men,Round 3,Sun 10 May 2026,10:30,Prince of Wales Park,Lucas HC Div 2 Men,EGC EGC Gold,2,2,Fionn Zele,Lee Drury,Lucas HC Div 2 Men,Luke P.,21,,True,,,,,https://www.revolutionise.com.au/hockeyballarat/game/2524183,2026-05-17 01:01:16
Division 2 Men,Round 3,Sun 10 May 2026,10:30,Prince of Wales Park,Lucas HC Div 2 Men,EGC EGC Gold,2,2,Fionn Zele,Lee Drury,Lucas HC Div 2 Men,Mack H.,8,,True,,,,,https://www.revolutionise.com.au/hockeyballarat/game/2524183,2026-05-17 01:01:16
Division 2 Men,Round 3,Sun 10 May 2026,10:30,Prince of Wales Park,Lucas HC Div 2 Men,EGC EGC Gold,2,2,Fionn Zele,Lee Drury,Lucas HC Div 2 Men,Matthew K.,6,,False,,,,,https://www.revolutionise.com.au/hockeyballarat/game/2524183,2026-05-17 01:01:16
Division 2 Men,Round 3,Sun 10 May 2026,10:30,Prince of Wales Park,Lucas HC Div 2 Men,EGC EGC Gold,2,2,Fionn Zele,Lee Drury,Lucas HC Div 2 Men,Michael C.,3,,False,,,,,https://www.revolutionise.com.au/hockeyballarat/game/2524183,2026-05-17 01:01:16
Division 2 Men,Round 3,Sun 10 May 2026,10:30,Prince of Wales Park,Lucas HC Div 2 Men,EGC EGC Gold,2,2,Fionn Zele,Lee Drury,Lucas HC Div 2 Men,Michael V.,104,,True,,,,,https://www.revolutionise.com.au/hockeyballarat/game/2524183,2026-05-17 01:01:16
Division 2 Men,Round 3,Sun 10 May 2026,10:30,Prince of Wales Park,Lucas HC Div 2 Men,EGC EGC Gold,2,2,Fionn Zele,Lee Drury,Lucas HC Div 2 Men,Morgan E.,4,,False,,,,,https://www.revolutionise.com.au/hockeyballarat/game/2524183,2026-05-17 01:01:16
Division 2 Men,Round 3,Sun 10 May 2026,10:30,Prince of Wales Park,Lucas HC Div 2 Men,EGC EGC Gold,2,2,Fionn Zele,Lee Drury,Lucas HC Div 2 Men,Nathan H.,9,,True,2,,,,https://www.revolutionise.com.au/hockeyballarat/game/2524183,2026-05-17 01:01:16
Division 2 Men,Round 3,Sun 10 May 2026,10:30,Prince of Wales Park,Lucas HC Div 2 Men,EGC EGC Gold,2,2,Fionn Zele,Lee Drury,Lucas HC Div 2 Men,Nicholas H.,10,,True,,,,,https://www.revolutionise.com.au/hockeyballarat/game/2524183,2026-05-17 01:01:16
Division 2 Men,Round 3,Sun 10 May 2026,10:30,Prince of Wales Park,Lucas HC Div 2 Men,EGC EGC Gold,2,2,Fionn Zele,Lee Drury,Lucas HC Div 2 Men,Nicholas J.,15,,False,,,,,https://www.revolutionise.com.au/hockeyballarat/game/2524183,2026-05-17 01:01:16
Division 2 Men,Round 3,Sun 10 May 2026,10:30,Prince of Wales Park,Lucas HC Div 2 Men,EGC EGC Gold,2,2,Fionn Zele,Lee Drury,Lucas HC Div 2 Men,Noah B.,2,,False,,,,,https://www.revolutionise.com.au/hockeyballarat/game/2524183,2026-05-17 01:01:16
Division 2 Men,Round 3,Sun 10 May 2026,10:30,Prince of Wales Park,Lucas HC Div 2 Men,EGC EGC Gold,2,2,Fionn Zele,Lee Drury,Lucas HC Div 2 Men,Olivia H.,11,,False,,,,,https://www.revolutionise.com.au/hockeyballarat/game/2524183,2026-05-17 01:01:16
Division 2 Men,Round 3,Sun 10 May 2026,10:30,Prince of Wales Park,Lucas HC Div 2 Men,EGC EGC Gold,2,2,Fionn Zele,Lee Drury,Lucas HC Div 2 Men,Reuben P.,22,,True,,,,,https://www.revolutionise.com.au/hockeyballarat/game/2524183,2026-05-17 01:01:16
Division 2 Men,Round 3,Sun 10 May 2026,10:30,Prince of Wales Park,Lucas HC Div 2 Men,EGC EGC Gold,2,2,Fionn Zele,Lee Drury,Lucas HC Div 2 Men,Ryan G.,28,,False,,,,,https://www.revolutionise.com.au/hockeyballarat/game/2524183,2026-05-17 01:01:16
Division 2 Men,Round 3,Sun 10 May 2026,10:30,Prince of Wales Park,Lucas HC Div 2 Men,EGC EGC Gold,2,2,Fionn Zele,Lee Drury,Lucas HC Div 2 Men,Scott H.,14,,False,,,,,https://www.revolutionise.com.au/hockeyballarat/game/2524183,2026-05-17 01:01:16
Division 2 Men,Round 3,Sun 10 May 2026,10:30,Prince of Wales Park,Lucas HC Div 2 Men,EGC EGC Gold,2,2,Fionn Zele,Lee Drury,Lucas HC Div 2 Men,William M.,18,,False,,,,,https://www.revolutionise.com.au/hockeyballarat/game/2524183,2026-05-17 01:01:16
Division 2 Men,Round 3,Sun 10 May 2026,10:30,Prince of Wales Park,Lucas HC Div 2 Men,EGC EGC Gold,2,2,Fionn Zele,Lee Drury,Lucas HC Div 2 Men,Zoe K.,101,,False,,,,,https://www.revolutionise.com.au/hockeyballarat/game/2524183,2026-05-17 01:01:16
Division 2 Men,Round 3,Sun 10 May 2026,10:30,Prince of Wales Park,Lucas HC Div 2 Men,EGC EGC Gold,2,2,Fionn Zele,Lee Drury,EGC EGC Gold,Alex S.,8,,True,,,,,https://www.revolutionise.com.au/hockeyballarat/game/2524183,2026-05-17 01:01:16
Division 2 Men,Round 3,Sun 10 May 2026,10:30,Prince of Wales Park,Lucas HC Div 2 Men,EGC EGC Gold,2,2,Fionn Zele,Lee Drury,EGC EGC Gold,Cooper W.,10,,True,,,,,https://www.revolutionise.com.au/hockeyballarat/game/2524183,2026-05-17 01:01:16
Division 2 Men,Round 3,Sun 10 May 2026,10:30,Prince of Wales Park,Lucas HC Div 2 Men,EGC EGC Gold,2,2,Fionn Zele,Lee Drury,EGC EGC Gold,Jasmine M.,26,,False,,,,,https://www.revolutionise.com.au/hockeyballarat/game/2524183,2026-05-17 01:01:16
Division 2 Men,Round 3,Sun 10 May 2026,10:30,Prince of Wales Park,Lucas HC Div 2 Men,EGC EGC Gold,2,2,Fionn Zele,Lee Drury,EGC EGC Gold,Jo V.,1,Goalkeeper,True,,,,,https://www.revolutionise.com.au/hockeyballarat/game/2524183,2026-05-17 01:01:16
Division 2 Men,Round 3,Sun 10 May 2026,10:30,Prince of Wales Park,Lucas HC Div 2 Men,EGC EGC Gold,2,2,Fionn Zele,Lee Drury,EGC EGC Gold,Luke E.,44,,True,,,,,https://www.revolutionise.com.au/hockeyballarat/game/2524183,2026-05-17 01:01:16
Division 2 Men,Round 3,Sun 10 May 2026,10:30,Prince of Wales Park,Lucas HC Div 2 Men,EGC EGC Gold,2,2,Fionn Zele,Lee Drury,EGC EGC Gold,Matthew R.,41,,True,1,,,,https://www.revolutionise.com.au/hockeyballarat/game/2524183,2026-05-17 01:01:16
Division 2 Men,Round 3,Sun 10 May 2026,10:30,Prince of Wales Park,Lucas HC Div 2 Men,EGC EGC Gold,2,2,Fionn Zele,Lee Drury,EGC EGC Gold,Patrick B.,67,,True,,,,,https://www.revolutionise.com.au/hockeyballarat/game/2524183,2026-05-17 01:01:16
Division 2 Men,Round 3,Sun 10 May 2026,10:30,Prince of Wales Park,Lucas HC Div 2 Men,EGC EGC Gold,2,2,Fionn Zele,Lee Drury,EGC EGC Gold,Peter R.,25,,True,,,,,https://www.revolutionise.com.au/hockeyballarat/game/2524183,2026-05-17 01:01:16
Division 2 Men,Round 3,Sun 10 May 2026,10:30,Prince of Wales Park,Lucas HC Div 2 Men,EGC EGC Gold,2,2,Fionn Zele,Lee Drury,EGC EGC Gold,Riley K.,82,,True,,,,,https://www.revolutionise.com.au/hockeyballarat/game/2524183,2026-05-17 01:01:16
Division 2 Men,Round 3,Sun 10 May 2026,10:30,Prince of Wales Park,Lucas HC Div 2 Men,EGC EGC Gold,2,2,Fionn Zele,Lee Drury,EGC EGC Gold,Scott M.,40,,True,,,,,https://www.revolutionise.com.au/hockeyballarat/game/2524183,2026-05-17 01:01:16
Division 2 Men,Round 3,Sun 10 May 2026,10:30,Prince of Wales Park,Lucas HC Div 2 Men,EGC EGC Gold,2,2,Fionn Zele,Lee Drury,EGC EGC Gold,Thomas P.,37,,True,,,,,https://www.revolutionise.com.au/hockeyballarat/game/2524183,2026-05-17 01:01:16
Division 2 Men,Round 3,Sun 10 May 2026,10:30,Prince of Wales Park,Lucas HC Div 2 Men,EGC EGC Gold,2,2,Fionn Zele,Lee Drury,EGC EGC Gold,Tom M.,,,False,,,,,https://www.revolutionise.com.au/hockeyballarat/game/2524183,2026-05-17 01:01:16
Division 2 Men,Round 3,Sun 10 May 2026,10:30,Prince of Wales Park,Lucas HC Div 2 Men,EGC EGC Gold,2,2,Fionn Zele,Lee Drury,EGC EGC Gold,Ed R.,,,True,,,,,https://www.revolutionise.com.au/hockeyballarat/game/2524183,2026-05-17 01:01:16
Division 2 Men,Round 3,Sun 10 May 2026,10:30,Prince of Wales Park,Lucas HC Div 2 Men,EGC EGC Gold,2,2,Fionn Zele,Lee Drury,EGC EGC Gold,Toby H.,,,True,1,,,,https://www.revolutionise.com.au/hockeyballarat/game/2524183,2026-05-17 01:01:16
Division 2 Men,Round 3,Sun 10 May 2026,10:30,Prince of Wales Park,Lucas HC Div 2 Men,EGC EGC Gold,2,2,Fionn Zele,Lee Drury,EGC EGC Gold,Will R.,,,True,,,,,https://www.revolutionise.com.au/hockeyballarat/game/2524183,2026-05-17 01:01:16
Division 2 Men,Round 3,Sun 10 May 2026,13:45,Prince of Wales Park,Blaze Blaze Div 2 Men,Grampians Hockey Club,1,3,Fionn Zele,Timothy O'Sullivan,Blaze Blaze Div 2 Men,Adam H.,11,,True,,,,,https://www.revolutionise.com.au/hockeyballarat/game/2524184,2026-05-17 01:01:18
Division 2 Men,Round 3,Sun 10 May 2026,13:45,Prince of Wales Park,Blaze Blaze Div 2 Men,Grampians Hockey Club,1,3,Fionn Zele,Timothy O'Sullivan,Blaze Blaze Div 2 Men,Alicia C.,21,,True,,,,,https://www.revolutionise.com.au/hockeyballarat/game/2524184,2026-05-17 01:01:18
Division 2 Men,Round 3,Sun 10 May 2026,13:45,Prince of Wales Park,Blaze Blaze Div 2 Men,Grampians Hockey Club,1,3,Fionn Zele,Timothy O'Sullivan,Blaze Blaze Div 2 Men,Bailey P.,13,,False,,,,,https://www.revolutionise.com.au/hockeyballarat/game/2524184,2026-05-17 01:01:18
Division 2 Men,Round 3,Sun 10 May 2026,13:45,Prince of Wales Park,Blaze Blaze Div 2 Men,Grampians Hockey Club,1,3,Fionn Zele,Timothy O'Sullivan,Blaze Blaze Div 2 Men,Calvin D.,117,,True,,,,,https://www.revolutionise.com.au/hockeyballarat/game/2524184,2026-05-17 01:01:18
Division 2 Men,Round 3,Sun 10 May 2026,13:45,Prince of Wales Park,Blaze Blaze Div 2 Men,Grampians Hockey Club,1,3,Fionn Zele,Timothy O'Sullivan,Blaze Blaze Div 2 Men,Harry S.,115,,True,,,,,https://www.revolutionise.com.au/hockeyballarat/game/2524184,2026-05-17 01:01:18
Division 2 Men,Round 3,Sun 10 May 2026,13:45,Prince of Wales Park,Blaze Blaze Div 2 Men,Grampians Hockey Club,1,3,Fionn Zele,Timothy O'Sullivan,Blaze Blaze Div 2 Men,Isabelle S.,4,,True,,,,,https://www.revolutionise.com.au/hockeyballarat/game/2524184,2026-05-17 01:01:18
Division 2 Men,Round 3,Sun 10 May 2026,13:45,Prince of Wales Park,Blaze Blaze Div 2 Men,Grampians Hockey Club,1,3,Fionn Zele,Timothy O'Sullivan,Blaze Blaze Div 2 Men,Jayden I.,113,,False,,,,,https://www.revolutionise.com.au/hockeyballarat/game/2524184,2026-05-17 01:01:18
Division 2 Men,Round 3,Sun 10 May 2026,13:45,Prince of Wales Park,Blaze Blaze Div 2 Men,Grampians Hockey Club,1,3,Fionn Zele,Timothy O'Sullivan,Blaze Blaze Div 2 Men,KARL C.,114,,True,,,,,https://www.revolutionise.com.au/hockeyballarat/game/2524184,2026-05-17 01:01:18
Division 2 Men,Round 3,Sun 10 May 2026,13:45,Prince of Wales Park,Blaze Blaze Div 2 Men,Grampians Hockey Club,1,3,Fionn Zele,Timothy O'Sullivan,Blaze Blaze Div 2 Men,Lola W.,118,,True,1,,,,https://www.revolutionise.com.au/hockeyballarat/game/2524184,2026-05-17 01:01:18
Division 2 Men,Round 3,Sun 10 May 2026,13:45,Prince of Wales Park,Blaze Blaze Div 2 Men,Grampians Hockey Club,1,3,Fionn Zele,Timothy O'Sullivan,Blaze Blaze Div 2 Men,Mark S.,36,,False,,,,,https://www.revolutionise.com.au/hockeyballarat/game/2524184,2026-05-17 01:01:18
Division 2 Men,Round 3,Sun 10 May 2026,13:45,Prince of Wales Park,Blaze Blaze Div 2 Men,Grampians Hockey Club,1,3,Fionn Zele,Timothy O'Sullivan,Blaze Blaze Div 2 Men,Mark T.,39,,False,,,,,https://www.revolutionise.com.au/hockeyballarat/game/2524184,2026-05-17 01:01:18
Division 2 Men,Round 3,Sun 10 May 2026,13:45,Prince of Wales Park,Blaze Blaze Div 2 Men,Grampians Hockey Club,1,3,Fionn Zele,Timothy O'Sullivan,Blaze Blaze Div 2 Men,Michael S.,7,,False,,,,,https://www.revolutionise.com.au/hockeyballarat/game/2524184,2026-05-17 01:01:18
Division 2 Men,Round 3,Sun 10 May 2026,13:45,Prince of Wales Park,Blaze Blaze Div 2 Men,Grampians Hockey Club,1,3,Fionn Zele,Timothy O'Sullivan,Blaze Blaze Div 2 Men,Mitchell S.,1,,True,,,,,https://www.revolutionise.com.au/hockeyballarat/game/2524184,2026-05-17 01:01:18
Division 2 Men,Round 3,Sun 10 May 2026,13:45,Prince of Wales Park,Blaze Blaze Div 2 Men,Grampians Hockey Club,1,3,Fionn Zele,Timothy O'Sullivan,Blaze Blaze Div 2 Men,Nicholas R.,,Goalkeeper,True,,,,,https://www.revolutionise.com.au/hockeyballarat/game/2524184,2026-05-17 01:01:18
Division 2 Men,Round 3,Sun 10 May 2026,13:45,Prince of Wales Park,Blaze Blaze Div 2 Men,Grampians Hockey Club,1,3,Fionn Zele,Timothy O'Sullivan,Blaze Blaze Div 2 Men,Nick T.,111,,True,,,,,https://www.revolutionise.com.au/hockeyballarat/game/2524184,2026-05-17 01:01:18
Division 2 Men,Round 3,Sun 10 May 2026,13:45,Prince of Wales Park,Blaze Blaze Div 2 Men,Grampians Hockey Club,1,3,Fionn Zele,Timothy O'Sullivan,Blaze Blaze Div 2 Men,Quinn M.,60,,True,,,,,https://www.revolutionise.com.au/hockeyballarat/game/2524184,2026-05-17 01:01:18
Division 2 Men,Round 3,Sun 10 May 2026,13:45,Prince of Wales Park,Blaze Blaze Div 2 Men,Grampians Hockey Club,1,3,Fionn Zele,Timothy O'Sullivan,Blaze Blaze Div 2 Men,Richard P.,10,,True,,,,,https://www.revolutionise.com.au/hockeyballarat/game/2524184,2026-05-17 01:01:18
Division 2 Men,Round 3,Sun 10 May 2026,13:45,Prince of Wales Park,Blaze Blaze Div 2 Men,Grampians Hockey Club,1,3,Fionn Zele,Timothy O'Sullivan,Blaze Blaze Div 2 Men,Scott B.,112,,False,,,,,https://www.revolutionise.com.au/hockeyballarat/game/2524184,2026-05-17 01:01:18
Division 2 Men,Round 3,Sun 10 May 2026,13:45,Prince of Wales Park,Blaze Blaze Div 2 Men,Grampians Hockey Club,1,3,Fionn Zele,Timothy O'Sullivan,Blaze Blaze Div 2 Men,Ben S.,,,True,,,,,https://www.revolutionise.com.au/hockeyballarat/game/2524184,2026-05-17 01:01:18
Division 2 Men,Round 3,Sun 10 May 2026,13:45,Prince of Wales Park,Blaze Blaze Div 2 Men,Grampians Hockey Club,1,3,Fionn Zele,Timothy O'Sullivan,Grampians Hockey Club,Aaron M.,47,,True,,,,,https://www.revolutionise.com.au/hockeyballarat/game/2524184,2026-05-17 01:01:18
Division 2 Men,Round 3,Sun 10 May 2026,13:45,Prince of Wales Park,Blaze Blaze Div 2 Men,Grampians Hockey Club,1,3,Fionn Zele,Timothy O'Sullivan,Grampians Hockey Club,Bonnie A.,10,,True,1,,,,https://www.revolutionise.com.au/hockeyballarat/game/2524184,2026-05-17 01:01:18
Division 2 Men,Round 3,Sun 10 May 2026,13:45,Prince of Wales Park,Blaze Blaze Div 2 Men,Grampians Hockey Club,1,3,Fionn Zele,Timothy O'Sullivan,Grampians Hockey Club,Chris P.,11,,True,,,,,https://www.revolutionise.com.au/hockeyballarat/game/2524184,2026-05-17 01:01:18
Division 2 Men,Round 3,Sun 10 May 2026,13:45,Prince of Wales Park,Blaze Blaze Div 2 Men,Grampians Hockey Club,1,3,Fionn Zele,Timothy O'Sullivan,Grampians Hockey Club,Fraser C.,6,,False,,,,,https://www.revolutionise.com.au/hockeyballarat/game/2524184,2026-05-17 01:01:18
Division 2 Men,Round 3,Sun 10 May 2026,13:45,Prince of Wales Park,Blaze Blaze Div 2 Men,Grampians Hockey Club,1,3,Fionn Zele,Timothy O'Sullivan,Grampians Hockey Club,Garry B.,81,,True,,,1,,https://www.revolutionise.com.au/hockeyballarat/game/2524184,2026-05-17 01:01:18
Division 2 Men,Round 3,Sun 10 May 2026,13:45,Prince of Wales Park,Blaze Blaze Div 2 Men,Grampians Hockey Club,1,3,Fionn Zele,Timothy O'Sullivan,Grampians Hockey Club,Glen C.,32,,True,,,,,https://www.revolutionise.com.au/hockeyballarat/game/2524184,2026-05-17 01:01:18
Division 2 Men,Round 3,Sun 10 May 2026,13:45,Prince of Wales Park,Blaze Blaze Div 2 Men,Grampians Hockey Club,1,3,Fionn Zele,Timothy O'Sullivan,Grampians Hockey Club,Hugh C.,,,False,,,,,https://www.revolutionise.com.au/hockeyballarat/game/2524184,2026-05-17 01:01:18
Division 2 Men,Round 3,Sun 10 May 2026,13:45,Prince of Wales Park,Blaze Blaze Div 2 Men,Grampians Hockey Club,1,3,Fionn Zele,Timothy O'Sullivan,Grampians Hockey Club,Jason H.,,,False,,,,,https://www.revolutionise.com.au/hockeyballarat/game/2524184,2026-05-17 01:01:18
Division 2 Men,Round 3,Sun 10 May 2026,13:45,Prince of Wales Park,Blaze Blaze Div 2 Men,Grampians Hockey Club,1,3,Fionn Zele,Timothy O'Sullivan,Grampians Hockey Club,Jordan C.,15,,True,1,,,,https://www.revolutionise.com.au/hockeyballarat/game/2524184,2026-05-17 01:01:18
Division 2 Men,Round 3,Sun 10 May 2026,13:45,Prince of Wales Park,Blaze Blaze Div 2 Men,Grampians Hockey Club,1,3,Fionn Zele,Timothy O'Sullivan,Grampians Hockey Club,Lachlan S.,14,,True,,,,1,https://www.revolutionise.com.au/hockeyballarat/game/2524184,2026-05-17 01:01:18
Division 2 Men,Round 3,Sun 10 May 2026,13:45,Prince of Wales Park,Blaze Blaze Div 2 Men,Grampians Hockey Club,1,3,Fionn Zele,Timothy O'Sullivan,Grampians Hockey Club,Liam C.,5,,False,,,,,https://www.revolutionise.com.au/hockeyballarat/game/2524184,2026-05-17 01:01:18
Division 2 Men,Round 3,Sun 10 May 2026,13:45,Prince of Wales Park,Blaze Blaze Div 2 Men,Grampians Hockey Club,1,3,Fionn Zele,Timothy O'Sullivan,Grampians Hockey Club,Luke R.,,Captain,False,,,,,https://www.revolutionise.com.au/hockeyballarat/game/2524184,2026-05-17 01:01:18
Division 2 Men,Round 3,Sun 10 May 2026,13:45,Prince of Wales Park,Blaze Blaze Div 2 Men,Grampians Hockey Club,1,3,Fionn Zele,Timothy O'Sullivan,Grampians Hockey Club,Noah A.,34,,True,,,,,https://www.revolutionise.com.au/hockeyballarat/game/2524184,2026-05-17 01:01:18
Division 2 Men,Round 3,Sun 10 May 2026,13:45,Prince of Wales Park,Blaze Blaze Div 2 Men,Grampians Hockey Club,1,3,Fionn Zele,Timothy O'Sullivan,Grampians Hockey Club,Thomas B.,2,,True,,,,,https://www.revolutionise.com.au/hockeyballarat/game/2524184,2026-05-17 01:01:18
Division 2 Men,Round 3,Sun 10 May 2026,13:45,Prince of Wales Park,Blaze Blaze Div 2 Men,Grampians Hockey Club,1,3,Fionn Zele,Timothy O'Sullivan,Grampians Hockey Club,Traiyth L.,27,,True,1,,,,https://www.revolutionise.com.au/hockeyballarat/game/2524184,2026-05-17 01:01:18
Division 2 Men,Round 3,Sun 10 May 2026,13:45,Prince of Wales Park,Blaze Blaze Div 2 Men,Grampians Hockey Club,1,3,Fionn Zele,Timothy O'Sullivan,Grampians Hockey Club,Annabelle H.,,,True,,,,,https://www.revolutionise.com.au/hockeyballarat/game/2524184,2026-05-17 01:01:18
Division 2 Men,Round 3,Sun 10 May 2026,13:45,Prince of Wales Park,Blaze Blaze Div 2 Men,Grampians Hockey Club,1,3,Fionn Zele,Timothy O'Sullivan,Grampians Hockey Club,Harley S.,,,True,,,,,https://www.revolutionise.com.au/hockeyballarat/game/2524184,2026-05-17 01:01:18
Division 2 Men,Round 3,Sun 10 May 2026,13:45,Prince of Wales Park,Blaze Blaze Div 2 Men,Grampians Hockey Club,1,3,Fionn Zele,Timothy O'Sullivan,Grampians Hockey Club,Reuben P.,,,True,,,,,https://www.revolutionise.com.au/hockeyballarat/game/2524184,2026-05-17 01:01:18
Division 2 Men,Round 4,Sun 24 May 2026,10:30,Prince of Wales Park,Blaze Blaze Div 2 Men,EGC EGC Blue,,,,,Blaze Blaze Div 2 Men,Adam H.,11,,False,,,,,https://www.revolutionise.com.au/hockeyballarat/game/2524185,2026-05-17 01:01:22
Division 2 Men,Round 4,Sun 24 May 2026,10:30,Prince of Wales Park,Blaze Blaze Div 2 Men,EGC EGC Blue,,,,,Blaze Blaze Div 2 Men,Alicia C.,21,,False,,,,,https://www.revolutionise.com.au/hockeyballarat/game/2524185,2026-05-17 01:01:22
Division 2 Men,Round 4,Sun 24 May 2026,10:30,Prince of Wales Park,Blaze Blaze Div 2 Men,EGC EGC Blue,,,,,Blaze Blaze Div 2 Men,Bailey P.,13,,False,,,,,https://www.revolutionise.com.au/hockeyballarat/game/2524185,2026-05-17 01:01:22
Division 2 Men,Round 4,Sun 24 May 2026,10:30,Prince of Wales Park,Blaze Blaze Div 2 Men,EGC EGC Blue,,,,,Blaze Blaze Div 2 Men,Calvin D.,117,,False,,,,,https://www.revolutionise.com.au/hockeyballarat/game/2524185,2026-05-17 01:01:22
Division 2 Men,Round 4,Sun 24 May 2026,10:30,Prince of Wales Park,Blaze Blaze Div 2 Men,EGC EGC Blue,,,,,Blaze Blaze Div 2 Men,Harry S.,115,,False,,,,,https://www.revolutionise.com.au/hockeyballarat/game/2524185,2026-05-17 01:01:22
Division 2 Men,Round 4,Sun 24 May 2026,10:30,Prince of Wales Park,Blaze Blaze Div 2 Men,EGC EGC Blue,,,,,Blaze Blaze Div 2 Men,Isabelle S.,4,,False,,,,,https://www.revolutionise.com.au/hockeyballarat/game/2524185,2026-05-17 01:01:22
Division 2 Men,Round 4,Sun 24 May 2026,10:30,Prince of Wales Park,Blaze Blaze Div 2 Men,EGC EGC Blue,,,,,Blaze Blaze Div 2 Men,Jayden I.,113,,False,,,,,https://www.revolutionise.com.au/hockeyballarat/game/2524185,2026-05-17 01:01:22
Division 2 Men,Round 4,Sun 24 May 2026,10:30,Prince of Wales Park,Blaze Blaze Div 2 Men,EGC EGC Blue,,,,,Blaze Blaze Div 2 Men,KARL C.,114,,False,,,,,https://www.revolutionise.com.au/hockeyballarat/game/2524185,2026-05-17 01:01:22
Division 2 Men,Round 4,Sun 24 May 2026,10:30,Prince of Wales Park,Blaze Blaze Div 2 Men,EGC EGC Blue,,,,,Blaze Blaze Div 2 Men,Lola W.,118,,False,,,,,https://www.revolutionise.com.au/hockeyballarat/game/2524185,2026-05-17 01:01:22
Division 2 Men,Round 4,Sun 24 May 2026,10:30,Prince of Wales Park,Blaze Blaze Div 2 Men,EGC EGC Blue,,,,,Blaze Blaze Div 2 Men,Mark S.,36,,False,,,,,https://www.revolutionise.com.au/hockeyballarat/game/2524185,2026-05-17 01:01:22
Division 2 Men,Round 4,Sun 24 May 2026,10:30,Prince of Wales Park,Blaze Blaze Div 2 Men,EGC EGC Blue,,,,,Blaze Blaze Div 2 Men,Mark T.,39,,False,,,,,https://www.revolutionise.com.au/hockeyballarat/game/2524185,2026-05-17 01:01:22
Division 2 Men,Round 4,Sun 24 May 2026,10:30,Prince of Wales Park,Blaze Blaze Div 2 Men,EGC EGC Blue,,,,,Blaze Blaze Div 2 Men,Michael S.,7,,False,,,,,https://www.revolutionise.com.au/hockeyballarat/game/2524185,2026-05-17 01:01:22
Division 2 Men,Round 4,Sun 24 May 2026,10:30,Prince of Wales Park,Blaze Blaze Div 2 Men,EGC EGC Blue,,,,,Blaze Blaze Div 2 Men,Mitchell S.,1,,False,,,,,https://www.revolutionise.com.au/hockeyballarat/game/2524185,2026-05-17 01:01:22
Division 2 Men,Round 4,Sun 24 May 2026,10:30,Prince of Wales Park,Blaze Blaze Div 2 Men,EGC EGC Blue,,,,,Blaze Blaze Div 2 Men,Nicholas R.,,Goalkeeper,False,,,,,https://www.revolutionise.com.au/hockeyballarat/game/2524185,2026-05-17 01:01:22
Division 2 Men,Round 4,Sun 24 May 2026,10:30,Prince of Wales Park,Blaze Blaze Div 2 Men,EGC EGC Blue,,,,,Blaze Blaze Div 2 Men,Nick T.,111,,False,,,,,https://www.revolutionise.com.au/hockeyballarat/game/2524185,2026-05-17 01:01:22
Division 2 Men,Round 4,Sun 24 May 2026,10:30,Prince of Wales Park,Blaze Blaze Div 2 Men,EGC EGC Blue,,,,,Blaze Blaze Div 2 Men,Quinn M.,60,,False,,,,,https://www.revolutionise.com.au/hockeyballarat/game/2524185,2026-05-17 01:01:22
Division 2 Men,Round 4,Sun 24 May 2026,10:30,Prince of Wales Park,Blaze Blaze Div 2 Men,EGC EGC Blue,,,,,Blaze Blaze Div 2 Men,Richard P.,10,,False,,,,,https://www.revolutionise.com.au/hockeyballarat/game/2524185,2026-05-17 01:01:22
Division 2 Men,Round 4,Sun 24 May 2026,10:30,Prince of Wales Park,Blaze Blaze Div 2 Men,EGC EGC Blue,,,,,Blaze Blaze Div 2 Men,Scott B.,112,,False,,,,,https://www.revolutionise.com.au/hockeyballarat/game/2524185,2026-05-17 01:01:22
Division 2 Men,Round 4,Sun 24 May 2026,10:30,Prince of Wales Park,Blaze Blaze Div 2 Men,EGC EGC Blue,,,,,EGC EGC Blue,Aarav K.,73,,False,,,,,https://www.revolutionise.com.au/hockeyballarat/game/2524185,2026-05-17 01:01:22
Division 2 Men,Round 4,Sun 24 May 2026,10:30,Prince of Wales Park,Blaze Blaze Div 2 Men,EGC EGC Blue,,,,,EGC EGC Blue,Aaron L.,29,,False,,,,,https://www.revolutionise.com.au/hockeyballarat/game/2524185,2026-05-17 01:01:22
Division 2 Men,Round 4,Sun 24 May 2026,10:30,Prince of Wales Park,Blaze Blaze Div 2 Men,EGC EGC Blue,,,,,EGC EGC Blue,Ben S.,45,,False,,,,,https://www.revolutionise.com.au/hockeyballarat/game/2524185,2026-05-17 01:01:22
Division 2 Men,Round 4,Sun 24 May 2026,10:30,Prince of Wales Park,Blaze Blaze Div 2 Men,EGC EGC Blue,,,,,EGC EGC Blue,Daniel S.,64,,False,,,,,https://www.revolutionise.com.au/hockeyballarat/game/2524185,2026-05-17 01:01:22
Division 2 Men,Round 4,Sun 24 May 2026,10:30,Prince of Wales Park,Blaze Blaze Div 2 Men,EGC EGC Blue,,,,,EGC EGC Blue,Fionn Z.,7,,False,,,,,https://www.revolutionise.com.au/hockeyballarat/game/2524185,2026-05-17 01:01:22
Division 2 Men,Round 4,Sun 24 May 2026,10:30,Prince of Wales Park,Blaze Blaze Div 2 Men,EGC EGC Blue,,,,,EGC EGC Blue,Jacob L.,1,Goalkeeper,False,,,,,https://www.revolutionise.com.au/hockeyballarat/game/2524185,2026-05-17 01:01:22
Division 2 Men,Round 4,Sun 24 May 2026,10:30,Prince of Wales Park,Blaze Blaze Div 2 Men,EGC EGC Blue,,,,,EGC EGC Blue,Leo T.,81,,False,,,,,https://www.revolutionise.com.au/hockeyballarat/game/2524185,2026-05-17 01:01:22
Division 2 Men,Round 4,Sun 24 May 2026,10:30,Prince of Wales Park,Blaze Blaze Div 2 Men,EGC EGC Blue,,,,,EGC EGC Blue,Manav K.,93,,False,,,,,https://www.revolutionise.com.au/hockeyballarat/game/2524185,2026-05-17 01:01:22
Division 2 Men,Round 4,Sun 24 May 2026,10:30,Prince of Wales Park,Blaze Blaze Div 2 Men,EGC EGC Blue,,,,,EGC EGC Blue,Mitch D.,50,,False,,,,,https://www.revolutionise.com.au/hockeyballarat/game/2524185,2026-05-17 01:01:22
Division 2 Men,Round 4,Sun 24 May 2026,10:30,Prince of Wales Park,Blaze Blaze Div 2 Men,EGC EGC Blue,,,,,EGC EGC Blue,Ned S.,14,,False,,,,,https://www.revolutionise.com.au/hockeyballarat/game/2524185,2026-05-17 01:01:22
Division 2 Men,Round 4,Sun 24 May 2026,10:30,Prince of Wales Park,Blaze Blaze Div 2 Men,EGC EGC Blue,,,,,EGC EGC Blue,Riley K.,15,,False,,,,,https://www.revolutionise.com.au/hockeyballarat/game/2524185,2026-05-17 01:01:22
Division 2 Men,Round 4,Sun 24 May 2026,10:30,Prince of Wales Park,Blaze Blaze Div 2 Men,EGC EGC Blue,,,,,EGC EGC Blue,Russell S.,61,,False,,,,,https://www.revolutionise.com.au/hockeyballarat/game/2524185,2026-05-17 01:01:22
Division 2 Men,Round 4,Sun 24 May 2026,10:30,Prince of Wales Park,Blaze Blaze Div 2 Men,EGC EGC Blue,,,,,EGC EGC Blue,Stephen M.,22,,False,,,,,https://www.revolutionise.com.au/hockeyballarat/game/2524185,2026-05-17 01:01:22
Division 2 Men,Round 4,Sun 24 May 2026,12:15,Prince of Wales Park,Bobcats Div 2 Men,Lucas HC Div 2 Men,,,,,Bobcats Div 2 Men,David T.,2,,False,,,,,https://www.revolutionise.com.au/hockeyballarat/game/2524187,2026-05-17 01:01:23
Division 2 Men,Round 4,Sun 24 May 2026,12:15,Prince of Wales Park,Bobcats Div 2 Men,Lucas HC Div 2 Men,,,,,Bobcats Div 2 Men,Eathan D.,10,,False,,,,,https://www.revolutionise.com.au/hockeyballarat/game/2524187,2026-05-17 01:01:23
Division 2 Men,Round 4,Sun 24 May 2026,12:15,Prince of Wales Park,Bobcats Div 2 Men,Lucas HC Div 2 Men,,,,,Bobcats Div 2 Men,James T.,1,Captain,False,,,,,https://www.revolutionise.com.au/hockeyballarat/game/2524187,2026-05-17 01:01:23
Division 2 Men,Round 4,Sun 24 May 2026,12:15,Prince of Wales Park,Bobcats Div 2 Men,Lucas HC Div 2 Men,,,,,Bobcats Div 2 Men,Jarrod K.,11,,False,,,,,https://www.revolutionise.com.au/hockeyballarat/game/2524187,2026-05-17 01:01:23
Division 2 Men,Round 4,Sun 24 May 2026,12:15,Prince of Wales Park,Bobcats Div 2 Men,Lucas HC Div 2 Men,,,,,Bobcats Div 2 Men,Lucas B.,9,,False,,,,,https://www.revolutionise.com.au/hockeyballarat/game/2524187,2026-05-17 01:01:23
Division 2 Men,Round 4,Sun 24 May 2026,12:15,Prince of Wales Park,Bobcats Div 2 Men,Lucas HC Div 2 Men,,,,,Bobcats Div 2 Men,Max F.,,,False,,,,,https://www.revolutionise.com.au/hockeyballarat/game/2524187,2026-05-17 01:01:23
Division 2 Men,Round 4,Sun 24 May 2026,12:15,Prince of Wales Park,Bobcats Div 2 Men,Lucas HC Div 2 Men,,,,,Bobcats Div 2 Men,Mitchell R.,5,,False,,,,,https://www.revolutionise.com.au/hockeyballarat/game/2524187,2026-05-17 01:01:23
Division 2 Men,Round 4,Sun 24 May 2026,12:15,Prince of Wales Park,Bobcats Div 2 Men,Lucas HC Div 2 Men,,,,,Bobcats Div 2 Men,Nicholas J.,16,Goalkeeper,False,,,,,https://www.revolutionise.com.au/hockeyballarat/game/2524187,2026-05-17 01:01:23
Division 2 Men,Round 4,Sun 24 May 2026,12:15,Prince of Wales Park,Bobcats Div 2 Men,Lucas HC Div 2 Men,,,,,Bobcats Div 2 Men,Nigel D.,8,,False,,,,,https://www.revolutionise.com.au/hockeyballarat/game/2524187,2026-05-17 01:01:23
Division 2 Men,Round 4,Sun 24 May 2026,12:15,Prince of Wales Park,Bobcats Div 2 Men,Lucas HC Div 2 Men,,,,,Bobcats Div 2 Men,Reg B.,4,,False,,,,,https://www.revolutionise.com.au/hockeyballarat/game/2524187,2026-05-17 01:01:23
Division 2 Men,Round 4,Sun 24 May 2026,12:15,Prince of Wales Park,Bobcats Div 2 Men,Lucas HC Div 2 Men,,,,,Bobcats Div 2 Men,Richard G.,7,,False,,,,,https://www.revolutionise.com.au/hockeyballarat/game/2524187,2026-05-17 01:01:23
Division 2 Men,Round 4,Sun 24 May 2026,12:15,Prince of Wales Park,Bobcats Div 2 Men,Lucas HC Div 2 Men,,,,,Bobcats Div 2 Men,Stephen B.,14,,False,,,,,https://www.revolutionise.com.au/hockeyballarat/game/2524187,2026-05-17 01:01:23
Division 2 Men,Round 4,Sun 24 May 2026,12:15,Prince of Wales Park,Bobcats Div 2 Men,Lucas HC Div 2 Men,,,,,Bobcats Div 2 Men,Timothy D.,12,,False,,,,,https://www.revolutionise.com.au/hockeyballarat/game/2524187,2026-05-17 01:01:23
Division 2 Men,Round 4,Sun 24 May 2026,12:15,Prince of Wales Park,Bobcats Div 2 Men,Lucas HC Div 2 Men,,,,,Bobcats Div 2 Men,Timothy O.,13,,False,,,,,https://www.revolutionise.com.au/hockeyballarat/game/2524187,2026-05-17 01:01:23
Division 2 Men,Round 4,Sun 24 May 2026,12:15,Prince of Wales Park,Bobcats Div 2 Men,Lucas HC Div 2 Men,,,,,Bobcats Div 2 Men,Tom F.,3,,False,,,,,https://www.revolutionise.com.au/hockeyballarat/game/2524187,2026-05-17 01:01:23
Division 2 Men,Round 4,Sun 24 May 2026,12:15,Prince of Wales Park,Bobcats Div 2 Men,Lucas HC Div 2 Men,,,,,Bobcats Div 2 Men,Tom S.,15,,False,,,,,https://www.revolutionise.com.au/hockeyballarat/game/2524187,2026-05-17 01:01:23
Division 2 Men,Round 4,Sun 24 May 2026,12:15,Prince of Wales Park,Bobcats Div 2 Men,Lucas HC Div 2 Men,,,,,Lucas HC Div 2 Men,Andy M.,102,,False,,,,,https://www.revolutionise.com.au/hockeyballarat/game/2524187,2026-05-17 01:01:23
Division 2 Men,Round 4,Sun 24 May 2026,12:15,Prince of Wales Park,Bobcats Div 2 Men,Lucas HC Div 2 Men,,,,,Lucas HC Div 2 Men,Caleb H.,12,,False,,,,,https://www.revolutionise.com.au/hockeyballarat/game/2524187,2026-05-17 01:01:23
Division 2 Men,Round 4,Sun 24 May 2026,12:15,Prince of Wales Park,Bobcats Div 2 Men,Lucas HC Div 2 Men,,,,,Lucas HC Div 2 Men,Damon S.,35,,False,,,,,https://www.revolutionise.com.au/hockeyballarat/game/2524187,2026-05-17 01:01:23
Division 2 Men,Round 4,Sun 24 May 2026,12:15,Prince of Wales Park,Bobcats Div 2 Men,Lucas HC Div 2 Men,,,,,Lucas HC Div 2 Men,Gabe P.,19,,False,,,,,https://www.revolutionise.com.au/hockeyballarat/game/2524187,2026-05-17 01:01:23
Division 2 Men,Round 4,Sun 24 May 2026,12:15,Prince of Wales Park,Bobcats Div 2 Men,Lucas HC Div 2 Men,,,,,Lucas HC Div 2 Men,Glyn K.,13,,False,,,,,https://www.revolutionise.com.au/hockeyballarat/game/2524187,2026-05-17 01:01:23
Division 2 Men,Round 4,Sun 24 May 2026,12:15,Prince of Wales Park,Bobcats Div 2 Men,Lucas HC Div 2 Men,,,,,Lucas HC Div 2 Men,Harley S.,25,,False,,,,,https://www.revolutionise.com.au/hockeyballarat/game/2524187,2026-05-17 01:01:23
Division 2 Men,Round 4,Sun 24 May 2026,12:15,Prince of Wales Park,Bobcats Div 2 Men,Lucas HC Div 2 Men,,,,,Lucas HC Div 2 Men,Hayden S.,26,,False,,,,,https://www.revolutionise.com.au/hockeyballarat/game/2524187,2026-05-17 01:01:23
Division 2 Men,Round 4,Sun 24 May 2026,12:15,Prince of Wales Park,Bobcats Div 2 Men,Lucas HC Div 2 Men,,,,,Lucas HC Div 2 Men,Henry B.,17,,False,,,,,https://www.revolutionise.com.au/hockeyballarat/game/2524187,2026-05-17 01:01:23
Division 2 Men,Round 4,Sun 24 May 2026,12:15,Prince of Wales Park,Bobcats Div 2 Men,Lucas HC Div 2 Men,,,,,Lucas HC Div 2 Men,Isabelle H.,100,,False,,,,,https://www.revolutionise.com.au/hockeyballarat/game/2524187,2026-05-17 01:01:23
Division 2 Men,Round 4,Sun 24 May 2026,12:15,Prince of Wales Park,Bobcats Div 2 Men,Lucas HC Div 2 Men,,,,,Lucas HC Div 2 Men,Jake R.,23,,False,,,,,https://www.revolutionise.com.au/hockeyballarat/game/2524187,2026-05-17 01:01:23
Division 2 Men,Round 4,Sun 24 May 2026,12:15,Prince of Wales Park,Bobcats Div 2 Men,Lucas HC Div 2 Men,,,,,Lucas HC Div 2 Men,Jason H.,16,,False,,,,,https://www.revolutionise.com.au/hockeyballarat/game/2524187,2026-05-17 01:01:23
Division 2 Men,Round 4,Sun 24 May 2026,12:15,Prince of Wales Park,Bobcats Div 2 Men,Lucas HC Div 2 Men,,,,,Lucas HC Div 2 Men,Joanne S.,70,,False,,,,,https://www.revolutionise.com.au/hockeyballarat/game/2524187,2026-05-17 01:01:23
Division 2 Men,Round 4,Sun 24 May 2026,12:15,Prince of Wales Park,Bobcats Div 2 Men,Lucas HC Div 2 Men,,,,,Lucas HC Div 2 Men,Jordan S.,27,,False,,,,,https://www.revolutionise.com.au/hockeyballarat/game/2524187,2026-05-17 01:01:23
Division 2 Men,Round 4,Sun 24 May 2026,12:15,Prince of Wales Park,Bobcats Div 2 Men,Lucas HC Div 2 Men,,,,,Lucas HC Div 2 Men,Lachlan H.,36,,False,,,,,https://www.revolutionise.com.au/hockeyballarat/game/2524187,2026-05-17 01:01:23
Division 2 Men,Round 4,Sun 24 May 2026,12:15,Prince of Wales Park,Bobcats Div 2 Men,Lucas HC Div 2 Men,,,,,Lucas HC Div 2 Men,Lachlan N.,38,,False,,,,,https://www.revolutionise.com.au/hockeyballarat/game/2524187,2026-05-17 01:01:23
Division 2 Men,Round 4,Sun 24 May 2026,12:15,Prince of Wales Park,Bobcats Div 2 Men,Lucas HC Div 2 Men,,,,,Lucas HC Div 2 Men,Lucas J.,103,,False,,,,,https://www.revolutionise.com.au/hockeyballarat/game/2524187,2026-05-17 01:01:23
Division 2 Men,Round 4,Sun 24 May 2026,12:15,Prince of Wales Park,Bobcats Div 2 Men,Lucas HC Div 2 Men,,,,,Lucas HC Div 2 Men,Luke P.,21,,False,,,,,https://www.revolutionise.com.au/hockeyballarat/game/2524187,2026-05-17 01:01:23
Division 2 Men,Round 4,Sun 24 May 2026,12:15,Prince of Wales Park,Bobcats Div 2 Men,Lucas HC Div 2 Men,,,,,Lucas HC Div 2 Men,Mack H.,8,,False,,,,,https://www.revolutionise.com.au/hockeyballarat/game/2524187,2026-05-17 01:01:23
Division 2 Men,Round 4,Sun 24 May 2026,12:15,Prince of Wales Park,Bobcats Div 2 Men,Lucas HC Div 2 Men,,,,,Lucas HC Div 2 Men,Matthew K.,6,,False,,,,,https://www.revolutionise.com.au/hockeyballarat/game/2524187,2026-05-17 01:01:23
Division 2 Men,Round 4,Sun 24 May 2026,12:15,Prince of Wales Park,Bobcats Div 2 Men,Lucas HC Div 2 Men,,,,,Lucas HC Div 2 Men,Michael C.,3,,False,,,,,https://www.revolutionise.com.au/hockeyballarat/game/2524187,2026-05-17 01:01:23
Division 2 Men,Round 4,Sun 24 May 2026,12:15,Prince of Wales Park,Bobcats Div 2 Men,Lucas HC Div 2 Men,,,,,Lucas HC Div 2 Men,Michael V.,104,,False,,,,,https://www.revolutionise.com.au/hockeyballarat/game/2524187,2026-05-17 01:01:23
Division 2 Men,Round 4,Sun 24 May 2026,12:15,Prince of Wales Park,Bobcats Div 2 Men,Lucas HC Div 2 Men,,,,,Lucas HC Div 2 Men,Morgan E.,4,,False,,,,,https://www.revolutionise.com.au/hockeyballarat/game/2524187,2026-05-17 01:01:23
Division 2 Men,Round 4,Sun 24 May 2026,12:15,Prince of Wales Park,Bobcats Div 2 Men,Lucas HC Div 2 Men,,,,,Lucas HC Div 2 Men,Nathan H.,9,,False,,,,,https://www.revolutionise.com.au/hockeyballarat/game/2524187,2026-05-17 01:01:23
Division 2 Men,Round 4,Sun 24 May 2026,12:15,Prince of Wales Park,Bobcats Div 2 Men,Lucas HC Div 2 Men,,,,,Lucas HC Div 2 Men,Nicholas H.,10,,False,,,,,https://www.revolutionise.com.au/hockeyballarat/game/2524187,2026-05-17 01:01:23
Division 2 Men,Round 4,Sun 24 May 2026,12:15,Prince of Wales Park,Bobcats Div 2 Men,Lucas HC Div 2 Men,,,,,Lucas HC Div 2 Men,Nicholas J.,15,,False,,,,,https://www.revolutionise.com.au/hockeyballarat/game/2524187,2026-05-17 01:01:23
Division 2 Men,Round 4,Sun 24 May 2026,12:15,Prince of Wales Park,Bobcats Div 2 Men,Lucas HC Div 2 Men,,,,,Lucas HC Div 2 Men,Noah B.,2,,False,,,,,https://www.revolutionise.com.au/hockeyballarat/game/2524187,2026-05-17 01:01:23
Division 2 Men,Round 4,Sun 24 May 2026,12:15,Prince of Wales Park,Bobcats Div 2 Men,Lucas HC Div 2 Men,,,,,Lucas HC Div 2 Men,Olivia H.,11,,False,,,,,https://www.revolutionise.com.au/hockeyballarat/game/2524187,2026-05-17 01:01:23
Division 2 Men,Round 4,Sun 24 May 2026,12:15,Prince of Wales Park,Bobcats Div 2 Men,Lucas HC Div 2 Men,,,,,Lucas HC Div 2 Men,Reuben P.,22,,False,,,,,https://www.revolutionise.com.au/hockeyballarat/game/2524187,2026-05-17 01:01:23
Division 2 Men,Round 4,Sun 24 May 2026,12:15,Prince of Wales Park,Bobcats Div 2 Men,Lucas HC Div 2 Men,,,,,Lucas HC Div 2 Men,Ryan G.,28,,False,,,,,https://www.revolutionise.com.au/hockeyballarat/game/2524187,2026-05-17 01:01:23
Division 2 Men,Round 4,Sun 24 May 2026,12:15,Prince of Wales Park,Bobcats Div 2 Men,Lucas HC Div 2 Men,,,,,Lucas HC Div 2 Men,Scott H.,14,,False,,,,,https://www.revolutionise.com.au/hockeyballarat/game/2524187,2026-05-17 01:01:23
Division 2 Men,Round 4,Sun 24 May 2026,12:15,Prince of Wales Park,Bobcats Div 2 Men,Lucas HC Div 2 Men,,,,,Lucas HC Div 2 Men,William M.,18,,False,,,,,https://www.revolutionise.com.au/hockeyballarat/game/2524187,2026-05-17 01:01:23
Division 2 Men,Round 4,Sun 24 May 2026,12:15,Prince of Wales Park,Bobcats Div 2 Men,Lucas HC Div 2 Men,,,,,Lucas HC Div 2 Men,Zoe K.,101,,False,,,,,https://www.revolutionise.com.au/hockeyballarat/game/2524187,2026-05-17 01:01:23
Division 2 Men,Round 4,Sun 24 May 2026,12:15,"John Vernon Field, Ballarat Grammar",Grampians Hockey Club,EGC EGC Gold,,,,,Grampians Hockey Club,Aaron M.,47,,False,,,,,https://www.revolutionise.com.au/hockeyballarat/game/2524186,2026-05-17 01:01:25
Division 2 Men,Round 4,Sun 24 May 2026,12:15,"John Vernon Field, Ballarat Grammar",Grampians Hockey Club,EGC EGC Gold,,,,,Grampians Hockey Club,Bonnie A.,10,,False,,,,,https://www.revolutionise.com.au/hockeyballarat/game/2524186,2026-05-17 01:01:25
Division 2 Men,Round 4,Sun 24 May 2026,12:15,"John Vernon Field, Ballarat Grammar",Grampians Hockey Club,EGC EGC Gold,,,,,Grampians Hockey Club,Chris P.,11,,False,,,,,https://www.revolutionise.com.au/hockeyballarat/game/2524186,2026-05-17 01:01:25
Division 2 Men,Round 4,Sun 24 May 2026,12:15,"John Vernon Field, Ballarat Grammar",Grampians Hockey Club,EGC EGC Gold,,,,,Grampians Hockey Club,Fraser C.,6,,False,,,,,https://www.revolutionise.com.au/hockeyballarat/game/2524186,2026-05-17 01:01:25
Division 2 Men,Round 4,Sun 24 May 2026,12:15,"John Vernon Field, Ballarat Grammar",Grampians Hockey Club,EGC EGC Gold,,,,,Grampians Hockey Club,Garry B.,81,,False,,,,,https://www.revolutionise.com.au/hockeyballarat/game/2524186,2026-05-17 01:01:25
Division 2 Men,Round 4,Sun 24 May 2026,12:15,"John Vernon Field, Ballarat Grammar",Grampians Hockey Club,EGC EGC Gold,,,,,Grampians Hockey Club,Glen C.,32,,False,,,,,https://www.revolutionise.com.au/hockeyballarat/game/2524186,2026-05-17 01:01:25
Division 2 Men,Round 4,Sun 24 May 2026,12:15,"John Vernon Field, Ballarat Grammar",Grampians Hockey Club,EGC EGC Gold,,,,,Grampians Hockey Club,Hugh C.,,,False,,,,,https://www.revolutionise.com.au/hockeyballarat/game/2524186,2026-05-17 01:01:25
Division 2 Men,Round 4,Sun 24 May 2026,12:15,"John Vernon Field, Ballarat Grammar",Grampians Hockey Club,EGC EGC Gold,,,,,Grampians Hockey Club,Jason H.,,,False,,,,,https://www.revolutionise.com.au/hockeyballarat/game/2524186,2026-05-17 01:01:25
Division 2 Men,Round 4,Sun 24 May 2026,12:15,"John Vernon Field, Ballarat Grammar",Grampians Hockey Club,EGC EGC Gold,,,,,Grampians Hockey Club,Jordan C.,15,,False,,,,,https://www.revolutionise.com.au/hockeyballarat/game/2524186,2026-05-17 01:01:25
Division 2 Men,Round 4,Sun 24 May 2026,12:15,"John Vernon Field, Ballarat Grammar",Grampians Hockey Club,EGC EGC Gold,,,,,Grampians Hockey Club,Lachlan S.,14,,False,,,,,https://www.revolutionise.com.au/hockeyballarat/game/2524186,2026-05-17 01:01:25
Division 2 Men,Round 4,Sun 24 May 2026,12:15,"John Vernon Field, Ballarat Grammar",Grampians Hockey Club,EGC EGC Gold,,,,,Grampians Hockey Club,Liam C.,5,,False,,,,,https://www.revolutionise.com.au/hockeyballarat/game/2524186,2026-05-17 01:01:25
Division 2 Men,Round 4,Sun 24 May 2026,12:15,"John Vernon Field, Ballarat Grammar",Grampians Hockey Club,EGC EGC Gold,,,,,Grampians Hockey Club,Luke R.,,Captain,False,,,,,https://www.revolutionise.com.au/hockeyballarat/game/2524186,2026-05-17 01:01:25
Division 2 Men,Round 4,Sun 24 May 2026,12:15,"John Vernon Field, Ballarat Grammar",Grampians Hockey Club,EGC EGC Gold,,,,,Grampians Hockey Club,Noah A.,34,,False,,,,,https://www.revolutionise.com.au/hockeyballarat/game/2524186,2026-05-17 01:01:25
Division 2 Men,Round 4,Sun 24 May 2026,12:15,"John Vernon Field, Ballarat Grammar",Grampians Hockey Club,EGC EGC Gold,,,,,Grampians Hockey Club,Thomas B.,2,,False,,,,,https://www.revolutionise.com.au/hockeyballarat/game/2524186,2026-05-17 01:01:25
Division 2 Men,Round 4,Sun 24 May 2026,12:15,"John Vernon Field, Ballarat Grammar",Grampians Hockey Club,EGC EGC Gold,,,,,Grampians Hockey Club,Traiyth L.,27,,False,,,,,https://www.revolutionise.com.au/hockeyballarat/game/2524186,2026-05-17 01:01:25
Division 2 Men,Round 4,Sun 24 May 2026,12:15,"John Vernon Field, Ballarat Grammar",Grampians Hockey Club,EGC EGC Gold,,,,,EGC EGC Gold,Alex S.,8,,False,,,,,https://www.revolutionise.com.au/hockeyballarat/game/2524186,2026-05-17 01:01:25
Division 2 Men,Round 4,Sun 24 May 2026,12:15,"John Vernon Field, Ballarat Grammar",Grampians Hockey Club,EGC EGC Gold,,,,,EGC EGC Gold,Cooper W.,10,,False,,,,,https://www.revolutionise.com.au/hockeyballarat/game/2524186,2026-05-17 01:01:25
Division 2 Men,Round 4,Sun 24 May 2026,12:15,"John Vernon Field, Ballarat Grammar",Grampians Hockey Club,EGC EGC Gold,,,,,EGC EGC Gold,Jasmine M.,26,,False,,,,,https://www.revolutionise.com.au/hockeyballarat/game/2524186,2026-05-17 01:01:25
Division 2 Men,Round 4,Sun 24 May 2026,12:15,"John Vernon Field, Ballarat Grammar",Grampians Hockey Club,EGC EGC Gold,,,,,EGC EGC Gold,Jo V.,1,Goalkeeper,False,,,,,https://www.revolutionise.com.au/hockeyballarat/game/2524186,2026-05-17 01:01:25
Division 2 Men,Round 4,Sun 24 May 2026,12:15,"John Vernon Field, Ballarat Grammar",Grampians Hockey Club,EGC EGC Gold,,,,,EGC EGC Gold,Luke E.,44,,False,,,,,https://www.revolutionise.com.au/hockeyballarat/game/2524186,2026-05-17 01:01:25
Division 2 Men,Round 4,Sun 24 May 2026,12:15,"John Vernon Field, Ballarat Grammar",Grampians Hockey Club,EGC EGC Gold,,,,,EGC EGC Gold,Matthew R.,41,,False,,,,,https://www.revolutionise.com.au/hockeyballarat/game/2524186,2026-05-17 01:01:25
Division 2 Men,Round 4,Sun 24 May 2026,12:15,"John Vernon Field, Ballarat Grammar",Grampians Hockey Club,EGC EGC Gold,,,,,EGC EGC Gold,Patrick B.,67,,False,,,,,https://www.revolutionise.com.au/hockeyballarat/game/2524186,2026-05-17 01:01:25
Division 2 Men,Round 4,Sun 24 May 2026,12:15,"John Vernon Field, Ballarat Grammar",Grampians Hockey Club,EGC EGC Gold,,,,,EGC EGC Gold,Peter R.,25,,False,,,,,https://www.revolutionise.com.au/hockeyballarat/game/2524186,2026-05-17 01:01:25
Division 2 Men,Round 4,Sun 24 May 2026,12:15,"John Vernon Field, Ballarat Grammar",Grampians Hockey Club,EGC EGC Gold,,,,,EGC EGC Gold,Riley K.,82,,False,,,,,https://www.revolutionise.com.au/hockeyballarat/game/2524186,2026-05-17 01:01:25
Division 2 Men,Round 4,Sun 24 May 2026,12:15,"John Vernon Field, Ballarat Grammar",Grampians Hockey Club,EGC EGC Gold,,,,,EGC EGC Gold,Scott M.,40,,False,,,,,https://www.revolutionise.com.au/hockeyballarat/game/2524186,2026-05-17 01:01:25
Division 2 Men,Round 4,Sun 24 May 2026,12:15,"John Vernon Field, Ballarat Grammar",Grampians Hockey Club,EGC EGC Gold,,,,,EGC EGC Gold,Thomas P.,37,,False,,,,,https://www.revolutionise.com.au/hockeyballarat/game/2524186,2026-05-17 01:01:25
Division 2 Men,Round 4,Sun 24 May 2026,12:15,"John Vernon Field, Ballarat Grammar",Grampians Hockey Club,EGC EGC Gold,,,,,EGC EGC Gold,Tom M.,,,False,,,,,https://www.revolutionise.com.au/hockeyballarat/game/2524186,2026-05-17 01:01:25
Division 2 Men,Round 5,Sun 31 May 2026,09:00,Prince of Wales Park,Blaze Blaze Div 2 Men,EGC EGC Gold,,,,,Blaze Blaze Div 2 Men,Adam H.,11,,False,,,,,https://www.revolutionise.com.au/hockeyballarat/game/2524188,2026-05-17 01:01:28
Division 2 Men,Round 5,Sun 31 May 2026,09:00,Prince of Wales Park,Blaze Blaze Div 2 Men,EGC EGC Gold,,,,,Blaze Blaze Div 2 Men,Alicia C.,21,,False,,,,,https://www.revolutionise.com.au/hockeyballarat/game/2524188,2026-05-17 01:01:28
Division 2 Men,Round 5,Sun 31 May 2026,09:00,Prince of Wales Park,Blaze Blaze Div 2 Men,EGC EGC Gold,,,,,Blaze Blaze Div 2 Men,Bailey P.,13,,False,,,,,https://www.revolutionise.com.au/hockeyballarat/game/2524188,2026-05-17 01:01:28
Division 2 Men,Round 5,Sun 31 May 2026,09:00,Prince of Wales Park,Blaze Blaze Div 2 Men,EGC EGC Gold,,,,,Blaze Blaze Div 2 Men,Calvin D.,117,,False,,,,,https://www.revolutionise.com.au/hockeyballarat/game/2524188,2026-05-17 01:01:28
Division 2 Men,Round 5,Sun 31 May 2026,09:00,Prince of Wales Park,Blaze Blaze Div 2 Men,EGC EGC Gold,,,,,Blaze Blaze Div 2 Men,Harry S.,115,,False,,,,,https://www.revolutionise.com.au/hockeyballarat/game/2524188,2026-05-17 01:01:28
Division 2 Men,Round 5,Sun 31 May 2026,09:00,Prince of Wales Park,Blaze Blaze Div 2 Men,EGC EGC Gold,,,,,Blaze Blaze Div 2 Men,Isabelle S.,4,,False,,,,,https://www.revolutionise.com.au/hockeyballarat/game/2524188,2026-05-17 01:01:28
Division 2 Men,Round 5,Sun 31 May 2026,09:00,Prince of Wales Park,Blaze Blaze Div 2 Men,EGC EGC Gold,,,,,Blaze Blaze Div 2 Men,Jayden I.,113,,False,,,,,https://www.revolutionise.com.au/hockeyballarat/game/2524188,2026-05-17 01:01:28
Division 2 Men,Round 5,Sun 31 May 2026,09:00,Prince of Wales Park,Blaze Blaze Div 2 Men,EGC EGC Gold,,,,,Blaze Blaze Div 2 Men,KARL C.,114,,False,,,,,https://www.revolutionise.com.au/hockeyballarat/game/2524188,2026-05-17 01:01:28
Division 2 Men,Round 5,Sun 31 May 2026,09:00,Prince of Wales Park,Blaze Blaze Div 2 Men,EGC EGC Gold,,,,,Blaze Blaze Div 2 Men,Lola W.,118,,False,,,,,https://www.revolutionise.com.au/hockeyballarat/game/2524188,2026-05-17 01:01:28
Division 2 Men,Round 5,Sun 31 May 2026,09:00,Prince of Wales Park,Blaze Blaze Div 2 Men,EGC EGC Gold,,,,,Blaze Blaze Div 2 Men,Mark S.,36,,False,,,,,https://www.revolutionise.com.au/hockeyballarat/game/2524188,2026-05-17 01:01:28
Division 2 Men,Round 5,Sun 31 May 2026,09:00,Prince of Wales Park,Blaze Blaze Div 2 Men,EGC EGC Gold,,,,,Blaze Blaze Div 2 Men,Mark T.,39,,False,,,,,https://www.revolutionise.com.au/hockeyballarat/game/2524188,2026-05-17 01:01:28
Division 2 Men,Round 5,Sun 31 May 2026,09:00,Prince of Wales Park,Blaze Blaze Div 2 Men,EGC EGC Gold,,,,,Blaze Blaze Div 2 Men,Michael S.,7,,False,,,,,https://www.revolutionise.com.au/hockeyballarat/game/2524188,2026-05-17 01:01:28
Division 2 Men,Round 5,Sun 31 May 2026,09:00,Prince of Wales Park,Blaze Blaze Div 2 Men,EGC EGC Gold,,,,,Blaze Blaze Div 2 Men,Mitchell S.,1,,False,,,,,https://www.revolutionise.com.au/hockeyballarat/game/2524188,2026-05-17 01:01:28
Division 2 Men,Round 5,Sun 31 May 2026,09:00,Prince of Wales Park,Blaze Blaze Div 2 Men,EGC EGC Gold,,,,,Blaze Blaze Div 2 Men,Nicholas R.,,Goalkeeper,False,,,,,https://www.revolutionise.com.au/hockeyballarat/game/2524188,2026-05-17 01:01:28
Division 2 Men,Round 5,Sun 31 May 2026,09:00,Prince of Wales Park,Blaze Blaze Div 2 Men,EGC EGC Gold,,,,,Blaze Blaze Div 2 Men,Nick T.,111,,False,,,,,https://www.revolutionise.com.au/hockeyballarat/game/2524188,2026-05-17 01:01:28
Division 2 Men,Round 5,Sun 31 May 2026,09:00,Prince of Wales Park,Blaze Blaze Div 2 Men,EGC EGC Gold,,,,,Blaze Blaze Div 2 Men,Quinn M.,60,,False,,,,,https://www.revolutionise.com.au/hockeyballarat/game/2524188,2026-05-17 01:01:28
Division 2 Men,Round 5,Sun 31 May 2026,09:00,Prince of Wales Park,Blaze Blaze Div 2 Men,EGC EGC Gold,,,,,Blaze Blaze Div 2 Men,Richard P.,10,,False,,,,,https://www.revolutionise.com.au/hockeyballarat/game/2524188,2026-05-17 01:01:28
Division 2 Men,Round 5,Sun 31 May 2026,09:00,Prince of Wales Park,Blaze Blaze Div 2 Men,EGC EGC Gold,,,,,Blaze Blaze Div 2 Men,Scott B.,112,,False,,,,,https://www.revolutionise.com.au/hockeyballarat/game/2524188,2026-05-17 01:01:28
Division 2 Men,Round 5,Sun 31 May 2026,09:00,Prince of Wales Park,Blaze Blaze Div 2 Men,EGC EGC Gold,,,,,EGC EGC Gold,Alex S.,8,,False,,,,,https://www.revolutionise.com.au/hockeyballarat/game/2524188,2026-05-17 01:01:28
Division 2 Men,Round 5,Sun 31 May 2026,09:00,Prince of Wales Park,Blaze Blaze Div 2 Men,EGC EGC Gold,,,,,EGC EGC Gold,Cooper W.,10,,False,,,,,https://www.revolutionise.com.au/hockeyballarat/game/2524188,2026-05-17 01:01:28
Division 2 Men,Round 5,Sun 31 May 2026,09:00,Prince of Wales Park,Blaze Blaze Div 2 Men,EGC EGC Gold,,,,,EGC EGC Gold,Jasmine M.,26,,False,,,,,https://www.revolutionise.com.au/hockeyballarat/game/2524188,2026-05-17 01:01:28
Division 2 Men,Round 5,Sun 31 May 2026,09:00,Prince of Wales Park,Blaze Blaze Div 2 Men,EGC EGC Gold,,,,,EGC EGC Gold,Jo V.,1,Goalkeeper,False,,,,,https://www.revolutionise.com.au/hockeyballarat/game/2524188,2026-05-17 01:01:28
Division 2 Men,Round 5,Sun 31 May 2026,09:00,Prince of Wales Park,Blaze Blaze Div 2 Men,EGC EGC Gold,,,,,EGC EGC Gold,Luke E.,44,,False,,,,,https://www.revolutionise.com.au/hockeyballarat/game/2524188,2026-05-17 01:01:28
Division 2 Men,Round 5,Sun 31 May 2026,09:00,Prince of Wales Park,Blaze Blaze Div 2 Men,EGC EGC Gold,,,,,EGC EGC Gold,Matthew R.,41,,False,,,,,https://www.revolutionise.com.au/hockeyballarat/game/2524188,2026-05-17 01:01:28
Division 2 Men,Round 5,Sun 31 May 2026,09:00,Prince of Wales Park,Blaze Blaze Div 2 Men,EGC EGC Gold,,,,,EGC EGC Gold,Patrick B.,67,,False,,,,,https://www.revolutionise.com.au/hockeyballarat/game/2524188,2026-05-17 01:01:28
Division 2 Men,Round 5,Sun 31 May 2026,09:00,Prince of Wales Park,Blaze Blaze Div 2 Men,EGC EGC Gold,,,,,EGC EGC Gold,Peter R.,25,,False,,,,,https://www.revolutionise.com.au/hockeyballarat/game/2524188,2026-05-17 01:01:28
Division 2 Men,Round 5,Sun 31 May 2026,09:00,Prince of Wales Park,Blaze Blaze Div 2 Men,EGC EGC Gold,,,,,EGC EGC Gold,Riley K.,82,,False,,,,,https://www.revolutionise.com.au/hockeyballarat/game/2524188,2026-05-17 01:01:28
Division 2 Men,Round 5,Sun 31 May 2026,09:00,Prince of Wales Park,Blaze Blaze Div 2 Men,EGC EGC Gold,,,,,EGC EGC Gold,Scott M.,40,,False,,,,,https://www.revolutionise.com.au/hockeyballarat/game/2524188,2026-05-17 01:01:28
Division 2 Men,Round 5,Sun 31 May 2026,09:00,Prince of Wales Park,Blaze Blaze Div 2 Men,EGC EGC Gold,,,,,EGC EGC Gold,Thomas P.,37,,False,,,,,https://www.revolutionise.com.au/hockeyballarat/game/2524188,2026-05-17 01:01:28
Division 2 Men,Round 5,Sun 31 May 2026,09:00,Prince of Wales Park,Blaze Blaze Div 2 Men,EGC EGC Gold,,,,,EGC EGC Gold,Tom M.,,,False,,,,,https://www.revolutionise.com.au/hockeyballarat/game/2524188,2026-05-17 01:01:28
Division 2 Men,Round 5,Sun 31 May 2026,13:45,"John Vernon Field, Ballarat Grammar",Grampians Hockey Club,Bobcats Div 2 Men,,,,,Grampians Hockey Club,Aaron M.,47,,False,,,,,https://www.revolutionise.com.au/hockeyballarat/game/2524189,2026-05-17 01:01:29
Division 2 Men,Round 5,Sun 31 May 2026,13:45,"John Vernon Field, Ballarat Grammar",Grampians Hockey Club,Bobcats Div 2 Men,,,,,Grampians Hockey Club,Bonnie A.,10,,False,,,,,https://www.revolutionise.com.au/hockeyballarat/game/2524189,2026-05-17 01:01:29
Division 2 Men,Round 5,Sun 31 May 2026,13:45,"John Vernon Field, Ballarat Grammar",Grampians Hockey Club,Bobcats Div 2 Men,,,,,Grampians Hockey Club,Chris P.,11,,False,,,,,https://www.revolutionise.com.au/hockeyballarat/game/2524189,2026-05-17 01:01:29
Division 2 Men,Round 5,Sun 31 May 2026,13:45,"John Vernon Field, Ballarat Grammar",Grampians Hockey Club,Bobcats Div 2 Men,,,,,Grampians Hockey Club,Fraser C.,6,,False,,,,,https://www.revolutionise.com.au/hockeyballarat/game/2524189,2026-05-17 01:01:29
Division 2 Men,Round 5,Sun 31 May 2026,13:45,"John Vernon Field, Ballarat Grammar",Grampians Hockey Club,Bobcats Div 2 Men,,,,,Grampians Hockey Club,Garry B.,81,,False,,,,,https://www.revolutionise.com.au/hockeyballarat/game/2524189,2026-05-17 01:01:29
Division 2 Men,Round 5,Sun 31 May 2026,13:45,"John Vernon Field, Ballarat Grammar",Grampians Hockey Club,Bobcats Div 2 Men,,,,,Grampians Hockey Club,Glen C.,32,,False,,,,,https://www.revolutionise.com.au/hockeyballarat/game/2524189,2026-05-17 01:01:29
Division 2 Men,Round 5,Sun 31 May 2026,13:45,"John Vernon Field, Ballarat Grammar",Grampians Hockey Club,Bobcats Div 2 Men,,,,,Grampians Hockey Club,Hugh C.,,,False,,,,,https://www.revolutionise.com.au/hockeyballarat/game/2524189,2026-05-17 01:01:29
Division 2 Men,Round 5,Sun 31 May 2026,13:45,"John Vernon Field, Ballarat Grammar",Grampians Hockey Club,Bobcats Div 2 Men,,,,,Grampians Hockey Club,Jason H.,,,False,,,,,https://www.revolutionise.com.au/hockeyballarat/game/2524189,2026-05-17 01:01:29
Division 2 Men,Round 5,Sun 31 May 2026,13:45,"John Vernon Field, Ballarat Grammar",Grampians Hockey Club,Bobcats Div 2 Men,,,,,Grampians Hockey Club,Jordan C.,15,,False,,,,,https://www.revolutionise.com.au/hockeyballarat/game/2524189,2026-05-17 01:01:29
Division 2 Men,Round 5,Sun 31 May 2026,13:45,"John Vernon Field, Ballarat Grammar",Grampians Hockey Club,Bobcats Div 2 Men,,,,,Grampians Hockey Club,Lachlan S.,14,,False,,,,,https://www.revolutionise.com.au/hockeyballarat/game/2524189,2026-05-17 01:01:29
Division 2 Men,Round 5,Sun 31 May 2026,13:45,"John Vernon Field, Ballarat Grammar",Grampians Hockey Club,Bobcats Div 2 Men,,,,,Grampians Hockey Club,Liam C.,5,,False,,,,,https://www.revolutionise.com.au/hockeyballarat/game/2524189,2026-05-17 01:01:29
Division 2 Men,Round 5,Sun 31 May 2026,13:45,"John Vernon Field, Ballarat Grammar",Grampians Hockey Club,Bobcats Div 2 Men,,,,,Grampians Hockey Club,Luke R.,,Captain,False,,,,,https://www.revolutionise.com.au/hockeyballarat/game/2524189,2026-05-17 01:01:29
Division 2 Men,Round 5,Sun 31 May 2026,13:45,"John Vernon Field, Ballarat Grammar",Grampians Hockey Club,Bobcats Div 2 Men,,,,,Grampians Hockey Club,Noah A.,34,,False,,,,,https://www.revolutionise.com.au/hockeyballarat/game/2524189,2026-05-17 01:01:29
Division 2 Men,Round 5,Sun 31 May 2026,13:45,"John Vernon Field, Ballarat Grammar",Grampians Hockey Club,Bobcats Div 2 Men,,,,,Grampians Hockey Club,Thomas B.,2,,False,,,,,https://www.revolutionise.com.au/hockeyballarat/game/2524189,2026-05-17 01:01:29
Division 2 Men,Round 5,Sun 31 May 2026,13:45,"John Vernon Field, Ballarat Grammar",Grampians Hockey Club,Bobcats Div 2 Men,,,,,Grampians Hockey Club,Traiyth L.,27,,False,,,,,https://www.revolutionise.com.au/hockeyballarat/game/2524189,2026-05-17 01:01:29
Division 2 Men,Round 5,Sun 31 May 2026,13:45,"John Vernon Field, Ballarat Grammar",Grampians Hockey Club,Bobcats Div 2 Men,,,,,Bobcats Div 2 Men,David T.,2,,False,,,,,https://www.revolutionise.com.au/hockeyballarat/game/2524189,2026-05-17 01:01:29
Division 2 Men,Round 5,Sun 31 May 2026,13:45,"John Vernon Field, Ballarat Grammar",Grampians Hockey Club,Bobcats Div 2 Men,,,,,Bobcats Div 2 Men,Eathan D.,10,,False,,,,,https://www.revolutionise.com.au/hockeyballarat/game/2524189,2026-05-17 01:01:29
Division 2 Men,Round 5,Sun 31 May 2026,13:45,"John Vernon Field, Ballarat Grammar",Grampians Hockey Club,Bobcats Div 2 Men,,,,,Bobcats Div 2 Men,James T.,1,Captain,False,,,,,https://www.revolutionise.com.au/hockeyballarat/game/2524189,2026-05-17 01:01:29
Division 2 Men,Round 5,Sun 31 May 2026,13:45,"John Vernon Field, Ballarat Grammar",Grampians Hockey Club,Bobcats Div 2 Men,,,,,Bobcats Div 2 Men,Jarrod K.,11,,False,,,,,https://www.revolutionise.com.au/hockeyballarat/game/2524189,2026-05-17 01:01:29
Division 2 Men,Round 5,Sun 31 May 2026,13:45,"John Vernon Field, Ballarat Grammar",Grampians Hockey Club,Bobcats Div 2 Men,,,,,Bobcats Div 2 Men,Lucas B.,9,,False,,,,,https://www.revolutionise.com.au/hockeyballarat/game/2524189,2026-05-17 01:01:29
Division 2 Men,Round 5,Sun 31 May 2026,13:45,"John Vernon Field, Ballarat Grammar",Grampians Hockey Club,Bobcats Div 2 Men,,,,,Bobcats Div 2 Men,Max F.,,,False,,,,,https://www.revolutionise.com.au/hockeyballarat/game/2524189,2026-05-17 01:01:29
Division 2 Men,Round 5,Sun 31 May 2026,13:45,"John Vernon Field, Ballarat Grammar",Grampians Hockey Club,Bobcats Div 2 Men,,,,,Bobcats Div 2 Men,Mitchell R.,5,,False,,,,,https://www.revolutionise.com.au/hockeyballarat/game/2524189,2026-05-17 01:01:29
Division 2 Men,Round 5,Sun 31 May 2026,13:45,"John Vernon Field, Ballarat Grammar",Grampians Hockey Club,Bobcats Div 2 Men,,,,,Bobcats Div 2 Men,Nicholas J.,16,Goalkeeper,False,,,,,https://www.revolutionise.com.au/hockeyballarat/game/2524189,2026-05-17 01:01:29
Division 2 Men,Round 5,Sun 31 May 2026,13:45,"John Vernon Field, Ballarat Grammar",Grampians Hockey Club,Bobcats Div 2 Men,,,,,Bobcats Div 2 Men,Nigel D.,8,,False,,,,,https://www.revolutionise.com.au/hockeyballarat/game/2524189,2026-05-17 01:01:29
Division 2 Men,Round 5,Sun 31 May 2026,13:45,"John Vernon Field, Ballarat Grammar",Grampians Hockey Club,Bobcats Div 2 Men,,,,,Bobcats Div 2 Men,Reg B.,4,,False,,,,,https://www.revolutionise.com.au/hockeyballarat/game/2524189,2026-05-17 01:01:29
Division 2 Men,Round 5,Sun 31 May 2026,13:45,"John Vernon Field, Ballarat Grammar",Grampians Hockey Club,Bobcats Div 2 Men,,,,,Bobcats Div 2 Men,Richard G.,7,,False,,,,,https://www.revolutionise.com.au/hockeyballarat/game/2524189,2026-05-17 01:01:29
Division 2 Men,Round 5,Sun 31 May 2026,13:45,"John Vernon Field, Ballarat Grammar",Grampians Hockey Club,Bobcats Div 2 Men,,,,,Bobcats Div 2 Men,Stephen B.,14,,False,,,,,https://www.revolutionise.com.au/hockeyballarat/game/2524189,2026-05-17 01:01:29
Division 2 Men,Round 5,Sun 31 May 2026,13:45,"John Vernon Field, Ballarat Grammar",Grampians Hockey Club,Bobcats Div 2 Men,,,,,Bobcats Div 2 Men,Timothy D.,12,,False,,,,,https://www.revolutionise.com.au/hockeyballarat/game/2524189,2026-05-17 01:01:29
Division 2 Men,Round 5,Sun 31 May 2026,13:45,"John Vernon Field, Ballarat Grammar",Grampians Hockey Club,Bobcats Div 2 Men,,,,,Bobcats Div 2 Men,Timothy O.,13,,False,,,,,https://www.revolutionise.com.au/hockeyballarat/game/2524189,2026-05-17 01:01:29
Division 2 Men,Round 5,Sun 31 May 2026,13:45,"John Vernon Field, Ballarat Grammar",Grampians Hockey Club,Bobcats Div 2 Men,,,,,Bobcats Div 2 Men,Tom F.,3,,False,,,,,https://www.revolutionise.com.au/hockeyballarat/game/2524189,2026-05-17 01:01:29
Division 2 Men,Round 5,Sun 31 May 2026,13:45,"John Vernon Field, Ballarat Grammar",Grampians Hockey Club,Bobcats Div 2 Men,,,,,Bobcats Div 2 Men,Tom S.,15,,False,,,,,https://www.revolutionise.com.au/hockeyballarat/game/2524189,2026-05-17 01:01:29
Division 2 Men,Round 5,Sun 31 May 2026,15:30,Prince of Wales Park,EGC EGC Blue,Lucas HC Div 2 Men,,,,,EGC EGC Blue,Aarav K.,73,,False,,,,,https://www.revolutionise.com.au/hockeyballarat/game/2524190,2026-05-17 01:01:31
Division 2 Men,Round 5,Sun 31 May 2026,15:30,Prince of Wales Park,EGC EGC Blue,Lucas HC Div 2 Men,,,,,EGC EGC Blue,Aaron L.,29,,False,,,,,https://www.revolutionise.com.au/hockeyballarat/game/2524190,2026-05-17 01:01:31
Division 2 Men,Round 5,Sun 31 May 2026,15:30,Prince of Wales Park,EGC EGC Blue,Lucas HC Div 2 Men,,,,,EGC EGC Blue,Ben S.,45,,False,,,,,https://www.revolutionise.com.au/hockeyballarat/game/2524190,2026-05-17 01:01:31
Division 2 Men,Round 5,Sun 31 May 2026,15:30,Prince of Wales Park,EGC EGC Blue,Lucas HC Div 2 Men,,,,,EGC EGC Blue,Daniel S.,64,,False,,,,,https://www.revolutionise.com.au/hockeyballarat/game/2524190,2026-05-17 01:01:31
Division 2 Men,Round 5,Sun 31 May 2026,15:30,Prince of Wales Park,EGC EGC Blue,Lucas HC Div 2 Men,,,,,EGC EGC Blue,Fionn Z.,7,,False,,,,,https://www.revolutionise.com.au/hockeyballarat/game/2524190,2026-05-17 01:01:31
Division 2 Men,Round 5,Sun 31 May 2026,15:30,Prince of Wales Park,EGC EGC Blue,Lucas HC Div 2 Men,,,,,EGC EGC Blue,Jacob L.,1,Goalkeeper,False,,,,,https://www.revolutionise.com.au/hockeyballarat/game/2524190,2026-05-17 01:01:31
Division 2 Men,Round 5,Sun 31 May 2026,15:30,Prince of Wales Park,EGC EGC Blue,Lucas HC Div 2 Men,,,,,EGC EGC Blue,Leo T.,81,,False,,,,,https://www.revolutionise.com.au/hockeyballarat/game/2524190,2026-05-17 01:01:31
Division 2 Men,Round 5,Sun 31 May 2026,15:30,Prince of Wales Park,EGC EGC Blue,Lucas HC Div 2 Men,,,,,EGC EGC Blue,Manav K.,93,,False,,,,,https://www.revolutionise.com.au/hockeyballarat/game/2524190,2026-05-17 01:01:31
Division 2 Men,Round 5,Sun 31 May 2026,15:30,Prince of Wales Park,EGC EGC Blue,Lucas HC Div 2 Men,,,,,EGC EGC Blue,Mitch D.,50,,False,,,,,https://www.revolutionise.com.au/hockeyballarat/game/2524190,2026-05-17 01:01:31
Division 2 Men,Round 5,Sun 31 May 2026,15:30,Prince of Wales Park,EGC EGC Blue,Lucas HC Div 2 Men,,,,,EGC EGC Blue,Ned S.,14,,False,,,,,https://www.revolutionise.com.au/hockeyballarat/game/2524190,2026-05-17 01:01:31
Division 2 Men,Round 5,Sun 31 May 2026,15:30,Prince of Wales Park,EGC EGC Blue,Lucas HC Div 2 Men,,,,,EGC EGC Blue,Riley K.,15,,False,,,,,https://www.revolutionise.com.au/hockeyballarat/game/2524190,2026-05-17 01:01:31
Division 2 Men,Round 5,Sun 31 May 2026,15:30,Prince of Wales Park,EGC EGC Blue,Lucas HC Div 2 Men,,,,,EGC EGC Blue,Russell S.,61,,False,,,,,https://www.revolutionise.com.au/hockeyballarat/game/2524190,2026-05-17 01:01:31
Division 2 Men,Round 5,Sun 31 May 2026,15:30,Prince of Wales Park,EGC EGC Blue,Lucas HC Div 2 Men,,,,,EGC EGC Blue,Stephen M.,22,,False,,,,,https://www.revolutionise.com.au/hockeyballarat/game/2524190,2026-05-17 01:01:31
Division 2 Men,Round 5,Sun 31 May 2026,15:30,Prince of Wales Park,EGC EGC Blue,Lucas HC Div 2 Men,,,,,Lucas HC Div 2 Men,Andy M.,102,,False,,,,,https://www.revolutionise.com.au/hockeyballarat/game/2524190,2026-05-17 01:01:31
Division 2 Men,Round 5,Sun 31 May 2026,15:30,Prince of Wales Park,EGC EGC Blue,Lucas HC Div 2 Men,,,,,Lucas HC Div 2 Men,Caleb H.,12,,False,,,,,https://www.revolutionise.com.au/hockeyballarat/game/2524190,2026-05-17 01:01:31
Division 2 Men,Round 5,Sun 31 May 2026,15:30,Prince of Wales Park,EGC EGC Blue,Lucas HC Div 2 Men,,,,,Lucas HC Div 2 Men,Damon S.,35,,False,,,,,https://www.revolutionise.com.au/hockeyballarat/game/2524190,2026-05-17 01:01:31
Division 2 Men,Round 5,Sun 31 May 2026,15:30,Prince of Wales Park,EGC EGC Blue,Lucas HC Div 2 Men,,,,,Lucas HC Div 2 Men,Gabe P.,19,,False,,,,,https://www.revolutionise.com.au/hockeyballarat/game/2524190,2026-05-17 01:01:31
Division 2 Men,Round 5,Sun 31 May 2026,15:30,Prince of Wales Park,EGC EGC Blue,Lucas HC Div 2 Men,,,,,Lucas HC Div 2 Men,Glyn K.,13,,False,,,,,https://www.revolutionise.com.au/hockeyballarat/game/2524190,2026-05-17 01:01:31
Division 2 Men,Round 5,Sun 31 May 2026,15:30,Prince of Wales Park,EGC EGC Blue,Lucas HC Div 2 Men,,,,,Lucas HC Div 2 Men,Harley S.,25,,False,,,,,https://www.revolutionise.com.au/hockeyballarat/game/2524190,2026-05-17 01:01:31
Division 2 Men,Round 5,Sun 31 May 2026,15:30,Prince of Wales Park,EGC EGC Blue,Lucas HC Div 2 Men,,,,,Lucas HC Div 2 Men,Hayden S.,26,,False,,,,,https://www.revolutionise.com.au/hockeyballarat/game/2524190,2026-05-17 01:01:31
Division 2 Men,Round 5,Sun 31 May 2026,15:30,Prince of Wales Park,EGC EGC Blue,Lucas HC Div 2 Men,,,,,Lucas HC Div 2 Men,Henry B.,17,,False,,,,,https://www.revolutionise.com.au/hockeyballarat/game/2524190,2026-05-17 01:01:31
Division 2 Men,Round 5,Sun 31 May 2026,15:30,Prince of Wales Park,EGC EGC Blue,Lucas HC Div 2 Men,,,,,Lucas HC Div 2 Men,Isabelle H.,100,,False,,,,,https://www.revolutionise.com.au/hockeyballarat/game/2524190,2026-05-17 01:01:31
Division 2 Men,Round 5,Sun 31 May 2026,15:30,Prince of Wales Park,EGC EGC Blue,Lucas HC Div 2 Men,,,,,Lucas HC Div 2 Men,Jake R.,23,,False,,,,,https://www.revolutionise.com.au/hockeyballarat/game/2524190,2026-05-17 01:01:31
Division 2 Men,Round 5,Sun 31 May 2026,15:30,Prince of Wales Park,EGC EGC Blue,Lucas HC Div 2 Men,,,,,Lucas HC Div 2 Men,Jason H.,16,,False,,,,,https://www.revolutionise.com.au/hockeyballarat/game/2524190,2026-05-17 01:01:31
Division 2 Men,Round 5,Sun 31 May 2026,15:30,Prince of Wales Park,EGC EGC Blue,Lucas HC Div 2 Men,,,,,Lucas HC Div 2 Men,Joanne S.,70,,False,,,,,https://www.revolutionise.com.au/hockeyballarat/game/2524190,2026-05-17 01:01:31
Division 2 Men,Round 5,Sun 31 May 2026,15:30,Prince of Wales Park,EGC EGC Blue,Lucas HC Div 2 Men,,,,,Lucas HC Div 2 Men,Jordan S.,27,,False,,,,,https://www.revolutionise.com.au/hockeyballarat/game/2524190,2026-05-17 01:01:31
Division 2 Men,Round 5,Sun 31 May 2026,15:30,Prince of Wales Park,EGC EGC Blue,Lucas HC Div 2 Men,,,,,Lucas HC Div 2 Men,Lachlan H.,36,,False,,,,,https://www.revolutionise.com.au/hockeyballarat/game/2524190,2026-05-17 01:01:31
Division 2 Men,Round 5,Sun 31 May 2026,15:30,Prince of Wales Park,EGC EGC Blue,Lucas HC Div 2 Men,,,,,Lucas HC Div 2 Men,Lachlan N.,38,,False,,,,,https://www.revolutionise.com.au/hockeyballarat/game/2524190,2026-05-17 01:01:31
Division 2 Men,Round 5,Sun 31 May 2026,15:30,Prince of Wales Park,EGC EGC Blue,Lucas HC Div 2 Men,,,,,Lucas HC Div 2 Men,Lucas J.,103,,False,,,,,https://www.revolutionise.com.au/hockeyballarat/game/2524190,2026-05-17 01:01:31
Division 2 Men,Round 5,Sun 31 May 2026,15:30,Prince of Wales Park,EGC EGC Blue,Lucas HC Div 2 Men,,,,,Lucas HC Div 2 Men,Luke P.,21,,False,,,,,https://www.revolutionise.com.au/hockeyballarat/game/2524190,2026-05-17 01:01:31
Division 2 Men,Round 5,Sun 31 May 2026,15:30,Prince of Wales Park,EGC EGC Blue,Lucas HC Div 2 Men,,,,,Lucas HC Div 2 Men,Mack H.,8,,False,,,,,https://www.revolutionise.com.au/hockeyballarat/game/2524190,2026-05-17 01:01:31
Division 2 Men,Round 5,Sun 31 May 2026,15:30,Prince of Wales Park,EGC EGC Blue,Lucas HC Div 2 Men,,,,,Lucas HC Div 2 Men,Matthew K.,6,,False,,,,,https://www.revolutionise.com.au/hockeyballarat/game/2524190,2026-05-17 01:01:31
Division 2 Men,Round 5,Sun 31 May 2026,15:30,Prince of Wales Park,EGC EGC Blue,Lucas HC Div 2 Men,,,,,Lucas HC Div 2 Men,Michael C.,3,,False,,,,,https://www.revolutionise.com.au/hockeyballarat/game/2524190,2026-05-17 01:01:31
Division 2 Men,Round 5,Sun 31 May 2026,15:30,Prince of Wales Park,EGC EGC Blue,Lucas HC Div 2 Men,,,,,Lucas HC Div 2 Men,Michael V.,104,,False,,,,,https://www.revolutionise.com.au/hockeyballarat/game/2524190,2026-05-17 01:01:31
Division 2 Men,Round 5,Sun 31 May 2026,15:30,Prince of Wales Park,EGC EGC Blue,Lucas HC Div 2 Men,,,,,Lucas HC Div 2 Men,Morgan E.,4,,False,,,,,https://www.revolutionise.com.au/hockeyballarat/game/2524190,2026-05-17 01:01:31
Division 2 Men,Round 5,Sun 31 May 2026,15:30,Prince of Wales Park,EGC EGC Blue,Lucas HC Div 2 Men,,,,,Lucas HC Div 2 Men,Nathan H.,9,,False,,,,,https://www.revolutionise.com.au/hockeyballarat/game/2524190,2026-05-17 01:01:31
Division 2 Men,Round 5,Sun 31 May 2026,15:30,Prince of Wales Park,EGC EGC Blue,Lucas HC Div 2 Men,,,,,Lucas HC Div 2 Men,Nicholas H.,10,,False,,,,,https://www.revolutionise.com.au/hockeyballarat/game/2524190,2026-05-17 01:01:31
Division 2 Men,Round 5,Sun 31 May 2026,15:30,Prince of Wales Park,EGC EGC Blue,Lucas HC Div 2 Men,,,,,Lucas HC Div 2 Men,Nicholas J.,15,,False,,,,,https://www.revolutionise.com.au/hockeyballarat/game/2524190,2026-05-17 01:01:31
Division 2 Men,Round 5,Sun 31 May 2026,15:30,Prince of Wales Park,EGC EGC Blue,Lucas HC Div 2 Men,,,,,Lucas HC Div 2 Men,Noah B.,2,,False,,,,,https://www.revolutionise.com.au/hockeyballarat/game/2524190,2026-05-17 01:01:31
Division 2 Men,Round 5,Sun 31 May 2026,15:30,Prince of Wales Park,EGC EGC Blue,Lucas HC Div 2 Men,,,,,Lucas HC Div 2 Men,Olivia H.,11,,False,,,,,https://www.revolutionise.com.au/hockeyballarat/game/2524190,2026-05-17 01:01:31
Division 2 Men,Round 5,Sun 31 May 2026,15:30,Prince of Wales Park,EGC EGC Blue,Lucas HC Div 2 Men,,,,,Lucas HC Div 2 Men,Reuben P.,22,,False,,,,,https://www.revolutionise.com.au/hockeyballarat/game/2524190,2026-05-17 01:01:31
Division 2 Men,Round 5,Sun 31 May 2026,15:30,Prince of Wales Park,EGC EGC Blue,Lucas HC Div 2 Men,,,,,Lucas HC Div 2 Men,Ryan G.,28,,False,,,,,https://www.revolutionise.com.au/hockeyballarat/game/2524190,2026-05-17 01:01:31
Division 2 Men,Round 5,Sun 31 May 2026,15:30,Prince of Wales Park,EGC EGC Blue,Lucas HC Div 2 Men,,,,,Lucas HC Div 2 Men,Scott H.,14,,False,,,,,https://www.revolutionise.com.au/hockeyballarat/game/2524190,2026-05-17 01:01:31
Division 2 Men,Round 5,Sun 31 May 2026,15:30,Prince of Wales Park,EGC EGC Blue,Lucas HC Div 2 Men,,,,,Lucas HC Div 2 Men,William M.,18,,False,,,,,https://www.revolutionise.com.au/hockeyballarat/game/2524190,2026-05-17 01:01:31
Division 2 Men,Round 5,Sun 31 May 2026,15:30,Prince of Wales Park,EGC EGC Blue,Lucas HC Div 2 Men,,,,,Lucas HC Div 2 Men,Zoe K.,101,,False,,,,,https://www.revolutionise.com.au/hockeyballarat/game/2524190,2026-05-17 01:01:31
